ดอนข่อย(คงสมโอษฐ์ราษฏร์บำรุง),ต.โคกม่วง อ.ภาชี จ.พระนครศรีอยุธยา 13140,เขตพื้นที่การศึกษาพระนครศรีอยุธยา เขต 1
ดอนกร่าง,ต.บ้านพราน อ.แสวงหา จ.อ่างทอง 14150,เขตพื้นที่การศึกษาอ่างทอง เขต 1
ดอนตาวง,ต.อบทม อ.สามโก้ จ.อ่างทอง 14160,เขตพื้นที่การศึกษาอ่างทอง เขต 1
ดีลัง,ต.ดีลัง อ.พัฒนานิคม จ.ลพบุรี 15220,เขตพื้นที่การศึกษาลพบุรี เขต 2
ดงมะรุม,ต.ดงมะรุม อ.โคกสำโรง จ.ลพบุรี 15120,เขตพื้นที่การศึกษาลพบุรี เขต 1
ดงน้อย,ต.ศิลาทิพย์ อ.ชัยบาดาล จ.ลพบุรี 15130,เขตพื้นที่การศึกษาลพบุรี เขต 2
ดอนทอง,ต.โพตลาดแก้ว อ.ท่าวุ้ง จ.ลพบุรี 15150,เขตพื้นที่การศึกษาลพบุรี เขต 1
ดอนดึง,ต.ดอนดึง อ.บ้านหมี่ จ.ลพบุรี 15110,เขตพื้นที่การศึกษาลพบุรี เขต 1
ดงกลาง,ต.ชอนม่วง อ.บ้านหมี่ จ.ลพบุรี 15110,เขตพื้นที่การศึกษาลพบุรี เขต 1
ดงน้อย,ต.นิยมชัย อ.สระโบสถ์ จ.ลพบุรี 15240,เขตพื้นที่การศึกษาลพบุรี เขต 2
ดงหลุ่ม,ต.นิยมชัย อ.สระโบสถ์ จ.ลพบุรี 15240,เขตพื้นที่การศึกษาลพบุรี เขต 2
ด่านจันทร์,ต.นิยมชัย อ.สระโบสถ์ จ.ลพบุรี 15240,เขตพื้นที่การศึกษาลพบุรี เขต 2
ดินแดง,ต.โคกเจริญ อ.โคกเจริญ จ.ลพบุรี 15250,เขตพื้นที่การศึกษาลพบุรี เขต 2
ด่านไทยล้อม,ต.ซับสมบูรณ์ อ.ลำสนธิ จ.ลพบุรี 15190,เขตพื้นที่การศึกษาลพบุรี เขต 2
ดงดินแดง,ต.ดงดินแดง อ.หนองม่วง จ.ลพบุรี 15170,เขตพื้นที่การศึกษาลพบุรี เขต 2
ดอนแตง,ต.หางน้ำสาคร อ.มโนรมย์ จ.ชัยนาท 17170,เขตพื้นที่การศึกษาชัยนาท เขต 1
ดอนกะโดน,ต.วังไก่เถื่อน อ.หันคา จ.ชัยนาท 17130,เขตพื้นที่การศึกษาชัยนาท เขต 1
ดอนใหญ่,ต.หนองมะโมง อ.หนองมะโมง จ.ชัยนาท 17120,เขตพื้นที่การศึกษาชัยนาท เขต 1
ดอนสำราญ,ต.ทางเกวียน อ.แกลง จ.ระยอง 21110,เขตพื้นที่การศึกษาระยอง เขต 2
ดงจิก,ต.ทับไทร อ.โป่งน้ำร้อน จ.จันทบุรี 22140,เขตพื้นที่การศึกษาจันทบุรี เขต 2
ดงกลาง,ต.เขาสมิง อ.เขาสมิง จ.ตราด 23130,เขตพื้นที่การศึกษาตราด เขต 1
ดอนสูง,ต.ประณีต อ.เขาสมิง จ.ตราด 23150,เขตพื้นที่การศึกษาตราด เขต 1
ด่านชุมพล,ต.ด่านชุมพล อ.บ่อไร่ จ.ตราด 23140,เขตพื้นที่การศึกษาตราด เขต 1
ดอนเกาะกา,ต.ดอนเกาะกา อ.บางน้ำเปรี้ยว จ.ฉะเชิงเทรา 24170,เขตพื้นที่การศึกษาฉะเชิงเทรา เขต 1
ดงบัง,ต.ดงขี้เหล็ก อ.เมืองปราจีนบุรี จ.ปราจีนบุรี 25000,เขตพื้นที่การศึกษาปราจีนบุรี เขต 1
ดงคุย,ต.โนนห้อม อ.เมืองปราจีนบุรี จ.ปราจีนบุรี 25000,เขตพื้นที่การศึกษาปราจีนบุรี เขต 1
ด่าน,ต.เกาะลอย อ.ประจันตคาม จ.ปราจีนบุรี 25130,เขตพื้นที่การศึกษาปราจีนบุรี เขต 1
ดงกระทงยาม,ต.ดงกระทงยาม อ.ศรีมหาโพธิ จ.ปราจีนบุรี 25140,เขตพื้นที่การศึกษาปราจีนบุรี เขต 1
ดอนเจริญ,ต.วังกระโจม อ.เมืองนครนายก จ.นครนายก 26000,เขตพื้นที่การศึกษานครนายก เขต 1
ดงวิทยาคาร,ต.สาริกา อ.เมืองนครนายก จ.นครนายก 26000,เขตพื้นที่การศึกษานครนายก เขต 1
ดงแขวน,ต.เกาะหวาย อ.ปากพลี จ.นครนายก 26000,เขตพื้นที่การศึกษานครนายก เขต 1
ดอนกลาง(กิดารีศึกษาคาร),ต.บึงศาล อ.องครักษ์ จ.นครนายก 26160,เขตพื้นที่การศึกษานครนายก เขต 1
ด่าน(ราษฎรบำรุง),ต.โคกปี่ฆ้อง อ.เมืองสระแก้ว จ.สระแก้ว 27000,เขตพื้นที่การศึกษาสระแก้ว เขต 1
ดอนดินแดง,ต.คลองหินปูน อ.วังน้ำเย็น จ.สระแก้ว 27210,เขตพื้นที่การศึกษาสระแก้ว เขต 1
ด่านชัยพัฒนา,ต.ทุ่งมหาเจริญ อ.วังน้ำเย็น จ.สระแก้ว 27210,เขตพื้นที่การศึกษาสระแก้ว เขต 1
ด่าน,ต.บ้านด่าน อ.อรัญประเทศ จ.สระแก้ว 27120,เขตพื้นที่การศึกษาสระแก้ว เขต 2
ดอนขวาง,ต.หัวทะเล อ.เมืองนครราชสีมา จ.นครราชสีมา 30000,เขตพื้นที่การศึกษานครราชสีมา เขต 1
ดอนกระทิง-ศีรษะช้าง,ต.พุดซา อ.เมืองนครราชสีมา จ.นครราชสีมา 30000,เขตพื้นที่การศึกษานครราชสีมา เขต 1
ดอนกรูด,ต.แชะ อ.ครบุรี จ.นครราชสีมา 30250,เขตพื้นที่การศึกษานครราชสีมา เขต 3
ดอนแสนสุข,ต.ครบุรี อ.ครบุรี จ.นครราชสีมา 30250,เขตพื้นที่การศึกษานครราชสีมา เขต 3
ดอนแขวนประชานุกูล,ต.สุขไพบูลย์ อ.เสิงสาง จ.นครราชสีมา 30330,เขตพื้นที่การศึกษานครราชสีมา เขต 3
ดอนถั่วแปบพัฒนา,ต.บ้านปรางค์ อ.คง จ.นครราชสีมา 30260,เขตพื้นที่การศึกษานครราชสีมา เขต 6
ดอนทะแยง,ต.บ้านปรางค์ อ.คง จ.นครราชสีมา 30260,เขตพื้นที่การศึกษานครราชสีมา เขต 6
ดอนกลาง,ต.หนองมะนาว อ.คง จ.นครราชสีมา 30260,เขตพื้นที่การศึกษานครราชสีมา เขต 6
ดอนใหญ่,ต.ดอนใหญ่ อ.คง จ.นครราชสีมา 30260,เขตพื้นที่การศึกษานครราชสีมา เขต 6
ดอนเปล้า,ต.บ้านเหลื่อม อ.บ้านเหลื่อม จ.นครราชสีมา 30350,เขตพื้นที่การศึกษานครราชสีมา เขต 6
ดอนตะหนิน,ต.โคกกระเบื้อง อ.บ้านเหลื่อม จ.นครราชสีมา 30350,เขตพื้นที่การศึกษานครราชสีมา เขต 6
ดงพลอง,ต.คลองเมือง อ.จักราช จ.นครราชสีมา 30230,เขตพื้นที่การศึกษานครราชสีมา เขต 2
ดอน,ต.กระโทก อ.โชคชัย จ.นครราชสีมา 30190,เขตพื้นที่การศึกษานครราชสีมา เขต 2
ดอนพราหมณ์,ต.ท่าอ่าง อ.โชคชัย จ.นครราชสีมา 30190,เขตพื้นที่การศึกษานครราชสีมา เขต 2
ดอนเกตุ,ต.ทุ่งอรุณ อ.โชคชัย จ.นครราชสีมา 30190,เขตพื้นที่การศึกษานครราชสีมา เขต 2
ดะแลง,ต.ทุ่งอรุณ อ.โชคชัย จ.นครราชสีมา 30190,เขตพื้นที่การศึกษานครราชสีมา เขต 2
ด่านเกวียน,ต.ด่านเกวียน อ.โชคชัย จ.นครราชสีมา 30190,เขตพื้นที่การศึกษานครราชสีมา เขต 2
ดอนด่านใน,ต.ด่านใน อ.ด่านขุนทด จ.นครราชสีมา 30210,เขตพื้นที่การศึกษานครราชสีมา เขต 5
ดอน,ต.พันชนะ อ.ด่านขุนทด จ.นครราชสีมา 30210,เขตพื้นที่การศึกษานครราชสีมา เขต 5
ดอนใหญ่หนองโสน,ต.หนองกราด อ.ด่านขุนทด จ.นครราชสีมา 30210,เขตพื้นที่การศึกษานครราชสีมา เขต 5
ดอนมุกมัน,ต.หนองบัวตะเกียด อ.ด่านขุนทด จ.นครราชสีมา 30210,เขตพื้นที่การศึกษานครราชสีมา เขต 5
ด่านกรงกราง,ต.โนนไทย อ.โนนไทย จ.นครราชสีมา 30220,เขตพื้นที่การศึกษานครราชสีมา เขต 5
ดอนสระจันทร์,ต.ถนนโพธิ์ อ.โนนไทย จ.นครราชสีมา 30220,เขตพื้นที่การศึกษานครราชสีมา เขต 5
ดอนม่วง,ต.ใหม่ อ.โนนสูง จ.นครราชสีมา 30160,เขตพื้นที่การศึกษานครราชสีมา เขต 1
ด่านเกวียน,ต.โตนด อ.โนนสูง จ.นครราชสีมา 30160,เขตพื้นที่การศึกษานครราชสีมา เขต 1
ด่านทองหลาง,ต.โตนด อ.โนนสูง จ.นครราชสีมา 30160,เขตพื้นที่การศึกษานครราชสีมา เขต 1
ดอนชมพู(สังฆประชานุเคราะห์),ต.ดอนชมพู อ.โนนสูง จ.นครราชสีมา 30160,เขตพื้นที่การศึกษานครราชสีมา เขต 1
ดงพลอง(สำนักงานสลากกินแบ่งฯ),ต.หลุมข้าว อ.โนนสูง จ.นครราชสีมา 30160,เขตพื้นที่การศึกษานครราชสีมา เขต 1
ด่านติง,ต.จันอัด อ.โนนสูง จ.นครราชสีมา 30160,เขตพื้นที่การศึกษานครราชสีมา เขต 1
ดอนผวา,ต.ลำคอหงษ์ อ.โนนสูง จ.นครราชสีมา 30160,เขตพื้นที่การศึกษานครราชสีมา เขต 1
ดอนหวาย(สิงห์คุรุประชาสรรค์),ต.ดอนหวาย อ.โนนสูง จ.นครราชสีมา 30160,เขตพื้นที่การศึกษานครราชสีมา เขต 1
ดอนพะงาด(รัฐราษฎร์วิทยา),ต.พะงาด อ.ขามสะแกแสง จ.นครราชสีมา 30290,เขตพื้นที่การศึกษานครราชสีมา เขต 5
ดอนฆ่าเสือ,ต.บัวใหญ่ อ.บัวใหญ่ จ.นครราชสีมา 30120,เขตพื้นที่การศึกษานครราชสีมา เขต 6
ดงบัง,ต.ห้วยยาง อ.บัวใหญ่ จ.นครราชสีมา 30120,เขตพื้นที่การศึกษานครราชสีมา เขต 6
ด่านช้าง,ต.ห้วยยาง อ.บัวใหญ่ จ.นครราชสีมา 30120,เขตพื้นที่การศึกษานครราชสีมา เขต 6
ดอนแร้ง,ต.กุดจอก อ.บัวใหญ่ จ.นครราชสีมา 30120,เขตพื้นที่การศึกษานครราชสีมา เขต 6
ดอนหันโนนเพ็ด,ต.ด่านช้าง อ.บัวใหญ่ จ.นครราชสีมา 30120,เขตพื้นที่การศึกษานครราชสีมา เขต 6
ดอนคนทา,ต.ขุนทอง อ.บัวใหญ่ จ.นครราชสีมา 30120,เขตพื้นที่การศึกษานครราชสีมา เขต 6
ดอนวัว,ต.เมืองโดน อ.ประทาย จ.นครราชสีมา 30180,เขตพื้นที่การศึกษานครราชสีมา เขต 7
ดอนสามัคคี,ต.เมืองโดน อ.ประทาย จ.นครราชสีมา 30180,เขตพื้นที่การศึกษานครราชสีมา เขต 7
ดู่(สหราษฎร์วิทยา),ต.เมืองปัก อ.ปักธงชัย จ.นครราชสีมา 30150,เขตพื้นที่การศึกษานครราชสีมา เขต 3
ดอน(สหรัฐ-ราษฎร์อุทิศ),ต.ดอน อ.ปักธงชัย จ.นครราชสีมา 30150,เขตพื้นที่การศึกษานครราชสีมา เขต 3
ดอนแซะ,ต.ในเมือง อ.พิมาย จ.นครราชสีมา 30110,เขตพื้นที่การศึกษานครราชสีมา เขต 7
ดอนหวาย,ต.หนองระเวียง อ.พิมาย จ.นครราชสีมา 30110,เขตพื้นที่การศึกษานครราชสีมา เขต 7
ดอนเขว้า,ต.ชีวาน อ.พิมาย จ.นครราชสีมา 30110,เขตพื้นที่การศึกษานครราชสีมา เขต 7
ดงประชานุกูล,ต.ดงใหญ่ อ.พิมาย จ.นครราชสีมา 30110,เขตพื้นที่การศึกษานครราชสีมา เขต 7
ดอนลำดวน,ต.ประสุข อ.ชุมพวง จ.นครราชสีมา 30270,เขตพื้นที่การศึกษานครราชสีมา เขต 7
ดงบัง(สว่างวิทยา),ต.โนนรัง อ.ชุมพวง จ.นครราชสีมา 30270,เขตพื้นที่การศึกษานครราชสีมา เขต 7
ดอนเมือง,ต.ดอนเมือง อ.สีคิ้ว จ.นครราชสีมา 30140,เขตพื้นที่การศึกษานครราชสีมา เขต 4
ดอนไผ่,ต.สีสุก อ.แก้งสนามนาง จ.นครราชสีมา 30440,เขตพื้นที่การศึกษานครราชสีมา เขต 6
ดอนตัดเรือ,ต.โนนแดง อ.โนนแดง จ.นครราชสีมา 30360,เขตพื้นที่การศึกษานครราชสีมา เขต 7
ดอนยาว,ต.ดอนยาวใหญ่ อ.โนนแดง จ.นครราชสีมา 30360,เขตพื้นที่การศึกษานครราชสีมา เขต 7
ดอนขวาง,ต.ทัพรั้ง อ.พระทองคำ จ.นครราชสีมา 30220,เขตพื้นที่การศึกษานครราชสีมา เขต 5
ดงหลบ,ต.ช่องแมว อ.ลำทะเมนชัย จ.นครราชสีมา 30270,เขตพื้นที่การศึกษานครราชสีมา เขต 7
ด่านพัฒนา,ต.พระพุทธ อ.เฉลิมพระเกียรติ จ.นครราชสีมา 30230,เขตพื้นที่การศึกษานครราชสีมา เขต 2
ดอนใหญ่,ต.บ้านบัว อ.เมืองบุรีรัมย์ จ.บุรีรัมย์ 31000,เขตพื้นที่การศึกษาบุรีรัมย์ เขต 1
ดงย่อ,ต.ปะเคียบ อ.คูเมือง จ.บุรีรัมย์ 31190,เขตพื้นที่การศึกษาบุรีรัมย์ เขต 4
ดงเค็ง,ต.หนองขมาร อ.คูเมือง จ.บุรีรัมย์ 31190,เขตพื้นที่การศึกษาบุรีรัมย์ เขต 4
ดอนยาว,ต.กันทรารมย์ อ.กระสัง จ.บุรีรัมย์,เขตพื้นที่การศึกษาบุรีรัมย์ เขต 2
ดอนตูม,ต.บ้านยาง อ.พุทไธสง จ.บุรีรัมย์ 31120,เขตพื้นที่การศึกษาบุรีรัมย์ เขต 4
ดอน,ต.หายโศก อ.พุทไธสง จ.บุรีรัมย์ 31120,เขตพื้นที่การศึกษาบุรีรัมย์ เขต 4
ดงยายเภา,ต.นิคม อ.สตึก จ.บุรีรัมย์ 31150,เขตพื้นที่การศึกษาบุรีรัมย์ เขต 4
ดวน,ต.ห้วยราช อ.ห้วยราช จ.บุรีรัมย์,เขตพื้นที่การศึกษาบุรีรัมย์ เขต 2
ดงบังซับสมบูรณ์,ต.ดงอีจาน อ.โนนสุวรรณ จ.บุรีรัมย์ 31110,เขตพื้นที่การศึกษาบุรีรัมย์ เขต 3
ดอนสมบูรณ์,ต.ดงอีจาน อ.โนนสุวรรณ จ.บุรีรัมย์ 31110,เขตพื้นที่การศึกษาบุรีรัมย์ เขต 3
ดอนหวาย,ต.หนองปล่อง อ.ชำนิ จ.บุรีรัมย์ 31110,เขตพื้นที่การศึกษาบุรีรัมย์ เขต 1
ดงกะทิงมิตรภาพอนุสรณ์,ต.โนนขวาง อ.บ้านด่าน จ.บุรีรัมย์ 31000,เขตพื้นที่การศึกษาบุรีรัมย์ เขต 1
ดงเย็น,ต.โนนขวาง อ.บ้านด่าน จ.บุรีรัมย์ 31000,เขตพื้นที่การศึกษาบุรีรัมย์ เขต 1
ดงพลอง,ต.ดงพลอง อ.แคนดง จ.บุรีรัมย์ 31150,เขตพื้นที่การศึกษาบุรีรัมย์ เขต 4
ดอนไม้ไฟ,ต.ตาเป๊ก อ.เฉลิมพระเกียรติ จ.บุรีรัมย์ 31110,เขตพื้นที่การศึกษาบุรีรัมย์ เขต 3
ดงมัน,ต.คอโค อ.เมืองสุรินทร์ จ.สุรินทร์ 32000,เขตพื้นที่การศึกษาสุรินทร์ เขต 1
ดู่นาหนองไผ่,ต.นาหนองไผ่ อ.ชุมพลบุรี จ.สุรินทร์ 32190,เขตพื้นที่การศึกษาสุรินทร์ เขต 2
ดงเค็ง,ต.เมืองลีง อ.จอมพระ จ.สุรินทร์ 32180,เขตพื้นที่การศึกษาสุรินทร์ เขต 1
ดินแดง,ต.เป็นสุข อ.จอมพระ จ.สุรินทร์ 32180,เขตพื้นที่การศึกษาสุรินทร์ เขต 1
ด่าน,ต.ด่าน อ.กาบเชิง จ.สุรินทร์ 32210,เขตพื้นที่การศึกษาสุรินทร์ เขต 3
ดอนแรต,ต.ดอนแรด อ.รัตนบุรี จ.สุรินทร์ 32130,เขตพื้นที่การศึกษาสุรินทร์ เขต 2
ดินแดง(สีลาประชารัฐ),ต.หนองบัวบาน อ.รัตนบุรี จ.สุรินทร์ 32130,เขตพื้นที่การศึกษาสุรินทร์ เขต 2
ดู่,ต.หนองบัวบาน อ.รัตนบุรี จ.สุรินทร์ 32130,เขตพื้นที่การศึกษาสุรินทร์ เขต 2
ดงเค็ง,ต.กุดขาคีม อ.รัตนบุรี จ.สุรินทร์ 32130,เขตพื้นที่การศึกษาสุรินทร์ เขต 2
ดงเปือย,ต.กุดขาคีม อ.รัตนบุรี จ.สุรินทร์ 32130,เขตพื้นที่การศึกษาสุรินทร์ เขต 2
ดงถาวร,ต.กุดหวาย อ.ศีขรภูมิ จ.สุรินทร์ 32110,เขตพื้นที่การศึกษาสุรินทร์ เขต 1
ดู่อาราง,ต.นารุ่ง อ.ศีขรภูมิ จ.สุรินทร์ 32110,เขตพื้นที่การศึกษาสุรินทร์ เขต 1
ดู่โศก,ต.หนองฮะ อ.สำโรงทาบ จ.สุรินทร์ 32170,เขตพื้นที่การศึกษาสุรินทร์ เขต 1
ดู่,ต.ประดู่ อ.สำโรงทาบ จ.สุรินทร์ 32170,เขตพื้นที่การศึกษาสุรินทร์ เขต 1
ดงบัง(คุรุราษฎร์พัฒนา),ต.จาน อ.เมืองศรีสะเกษ จ.ศรีสะเกษ 33000,เขตพื้นที่การศึกษาศรีสะเกษ เขต 1
ดอนกลาง,ต.หนองครก อ.เมืองศรีสะเกษ จ.ศรีสะเกษ 33000,เขตพื้นที่การศึกษาศรีสะเกษ เขต 1
ดอนสั้น,ต.โพนเขวา อ.เมืองศรีสะเกษ จ.ศรีสะเกษ 33000,เขตพื้นที่การศึกษาศรีสะเกษ เขต 1
ดินดำ,ต.ลิ้นฟ้า อ.ยางชุมน้อย จ.ศรีสะเกษ 33190,เขตพื้นที่การศึกษาศรีสะเกษ เขต 1
ดูนสิม,ต.ดูน อ.กันทรารมย์ จ.ศรีสะเกษ 33130,เขตพื้นที่การศึกษาศรีสะเกษ เขต 1
ดู่,ต.ดู่ อ.กันทรารมย์ จ.ศรีสะเกษ 33313,เขตพื้นที่การศึกษาศรีสะเกษ เขต 1
ด่าน,ต.ภูผาหมอก อ.กันทรลักษ์ จ.ศรีสะเกษ 33110,เขตพื้นที่การศึกษาศรีสะเกษ เขต 4
ดองกำเม็ด,ต.ดองกำเม็ด อ.ขุขันธ์ จ.ศรีสะเกษ 33140,เขตพื้นที่การศึกษาศรีสะเกษ เขต 3
ดองดึง,ต.ดินแดง อ.ไพรบึง จ.ศรีสะเกษ 33180,เขตพื้นที่การศึกษาศรีสะเกษ เขต 3
ดินแดง,ต.ดินแดง อ.ไพรบึง จ.ศรีสะเกษ 33180,เขตพื้นที่การศึกษาศรีสะเกษ เขต 3
ดอนหลี่,ต.สมอ อ.ปรางค์กู่ จ.ศรีสะเกษ 33170,เขตพื้นที่การศึกษาศรีสะเกษ เขต 3
ดู่,ต.ดู่ อ.ปรางค์กู่ จ.ศรีสะเกษ 33170,เขตพื้นที่การศึกษาศรีสะเกษ เขต 3
ดอนข่า,ต.พราน อ.ขุนหาญ จ.ศรีสะเกษ 33150,เขตพื้นที่การศึกษาศรีสะเกษ เขต 4
ดู่,ต.ขุนหาญ อ.ขุนหาญ จ.ศรีสะเกษ 33150,เขตพื้นที่การศึกษาศรีสะเกษ เขต 4
ดาน,ต.โนนสูง อ.ขุนหาญ จ.ศรีสะเกษ 33150,เขตพื้นที่การศึกษาศรีสะเกษ เขต 4
ดานสาขาบ้านจะกุด,ต.โนนสูง อ.ขุนหาญ จ.ศรีสะเกษ 33150,เขตพื้นที่การศึกษาศรีสะเกษ เขต 4
ดอนงูเหลือม,ต.หนองแค อ.ราษีไศล จ.ศรีสะเกษ 33210,เขตพื้นที่การศึกษาศรีสะเกษ เขต 2
ดงแดง,ต.ด่าน อ.ราษีไศล จ.ศรีสะเกษ 33160,เขตพื้นที่การศึกษาศรีสะเกษ เขต 2
ด่าน(รัฐราษฎร์พัฒนา),ต.ด่าน อ.ราษีไศล จ.ศรีสะเกษ 33160,เขตพื้นที่การศึกษาศรีสะเกษ เขต 2
ดู่ค้อ,ต.ดู่ อ.ราษีไศล จ.ศรีสะเกษ 33160,เขตพื้นที่การศึกษาศรีสะเกษ เขต 2
ดอนไม้งาม,ต.หนองหมี อ.ราษีไศล จ.ศรีสะเกษ 33160,เขตพื้นที่การศึกษาศรีสะเกษ เขต 2
ด่านนอกดง,ต.สร้างปี่ อ.ราษีไศล จ.ศรีสะเกษ 33160,เขตพื้นที่การศึกษาศรีสะเกษ เขต 2
ดินดำเหล่าเสนใต้,ต.บก อ.โนนคูณ จ.ศรีสะเกษ 33250,เขตพื้นที่การศึกษาศรีสะเกษ เขต 1
ดงยาง,ต.ธาตุ อ.วังหิน จ.ศรีสะเกษ 33270,เขตพื้นที่การศึกษาศรีสะเกษ เขต 1
ดวนใหญ่(ลีราษฎร์วัฒนา),ต.ดวนใหญ่ อ.วังหิน จ.ศรีสะเกษ 33270,เขตพื้นที่การศึกษาศรีสะเกษ เขต 1
ดอนเขียว,ต.ท่าคล้อ อ.เบญจลักษ์ จ.ศรีสะเกษ 33110,เขตพื้นที่การศึกษาศรีสะเกษ เขต 4
ดอนทัพควายครั่งน้อยโนนชาด,ต.คลีกลิ้ง อ.ศิลาลาด จ.ศรีสะเกษ 33160,เขตพื้นที่การศึกษาศรีสะเกษ เขต 2
ดงเค็งตู้,ต.หนองบัวดง อ.ศิลาลาด จ.ศรีสะเกษ 33160,เขตพื้นที่การศึกษาศรีสะเกษ เขต 2
ดอนชี,ต.หนองขอน อ.เมืองอุบลราชธานี จ.อุบลราชธานี 34000,เขตพื้นที่การศึกษาอุบลราชธานี เขต 1
ด้ามพร้า,ต.ขามใหญ่ อ.เมืองอุบลราชธานี จ.อุบลราชธานี 34000,เขตพื้นที่การศึกษาอุบลราชธานี เขต 1
ดงบัง(อาทรราษฎร์บำรุง),ต.หนองบ่อ อ.เมืองอุบลราชธานี จ.อุบลราชธานี 34000,เขตพื้นที่การศึกษาอุบลราชธานี เขต 1
ดอนโพธิ์,ต.วาริน อ.ศรีเมืองใหม่ จ.อุบลราชธานี 34250,เขตพื้นที่การศึกษาอุบลราชธานี เขต 3
ดอนน้ำคำ,ต.คำไหล อ.ศรีเมืองใหม่ จ.อุบลราชธานี,เขตพื้นที่การศึกษาอุบลราชธานี เขต 3
ดงนา,ต.หนามแท่ง อ.ศรีเมืองใหม่ จ.อุบลราชธานี 34250,เขตพื้นที่การศึกษาอุบลราชธานี เขต 3
ด่าน,ต.โขงเจียม อ.โขงเจียม จ.อุบลราชธานี 34220,เขตพื้นที่การศึกษาอุบลราชธานี เขต 3
ดงดิบ,ต.ห้วยยาง อ.โขงเจียม จ.อุบลราชธานี 34220,เขตพื้นที่การศึกษาอุบลราชธานี เขต 3
ดงแถบ,ต.ห้วยยาง อ.โขงเจียม จ.อุบลราชธานี 34220,เขตพื้นที่การศึกษาอุบลราชธานี เขต 3
ดงบาก,ต.หนองแสงใหญ่ อ.โขงเจียม จ.อุบลราชธานี 34220,เขตพื้นที่การศึกษาอุบลราชธานี เขต 3
ดงมะไฟ,ต.หนองแสงใหญ่ อ.โขงเจียม จ.อุบลราชธานี 34220,เขตพื้นที่การศึกษาอุบลราชธานี เขต 3
ดอนเชียงโท,ต.สร้างถ่อ อ.เขื่องใน จ.อุบลราชธานี 34150,เขตพื้นที่การศึกษาอุบลราชธานี เขต 1
ดงยาง,ต.ก่อเอ้ อ.เขื่องใน จ.อุบลราชธานี 34150,เขตพื้นที่การศึกษาอุบลราชธานี เขต 1
ดินดำคำไฮ,ต.ธาตุน้อย อ.เขื่องใน จ.อุบลราชธานี 34150,เขตพื้นที่การศึกษาอุบลราชธานี เขต 1
ดู่น้อย,ต.ศรีสุข อ.เขื่องใน จ.อุบลราชธานี 34150,เขตพื้นที่การศึกษาอุบลราชธานี เขต 1
ดอนม่วย,ต.กุดประทาย อ.เดชอุดม จ.อุบลราชธานี 34160,เขตพื้นที่การศึกษาอุบลราชธานี เขต 5
ดอนกลาง,ต.นากระแซง อ.เดชอุดม จ.อุบลราชธานี 34160,เขตพื้นที่การศึกษาอุบลราชธานี เขต 5
ดงขวางคำโทน,ต.นาจะหลวย อ.นาจะหลวย จ.อุบลราชธานี 34280,เขตพื้นที่การศึกษาอุบลราชธานี เขต 5
ดอนยาว,ต.บ้านตูม อ.นาจะหลวย จ.อุบลราชธานี 34280,เขตพื้นที่การศึกษาอุบลราชธานี เขต 5
ดอนชัยชนะ,ต.โสกแสง อ.นาจะหลวย จ.อุบลราชธานี 34280,เขตพื้นที่การศึกษาอุบลราชธานี เขต 5
ดวน,ต.โซง อ.น้ำยืน จ.อุบลราชธานี 34260,เขตพื้นที่การศึกษาอุบลราชธานี เขต 5
ดงกระชู,ต.ยางใหญ่ อ.น้ำยืน จ.อุบลราชธานี 34260,เขตพื้นที่การศึกษาอุบลราชธานี เขต 5
ดงเมย,ต.คอแลน อ.บุณฑริก จ.อุบลราชธานี 34230,เขตพื้นที่การศึกษาอุบลราชธานี เขต 5
ดอนงัว,ต.บ้านแมด อ.บุณฑริก จ.อุบลราชธานี 34230,เขตพื้นที่การศึกษาอุบลราชธานี เขต 5
ดอนโจด,ต.บ้านแมด อ.บุณฑริก จ.อุบลราชธานี 34230,เขตพื้นที่การศึกษาอุบลราชธานี เขต 5
ดอนทับช้าง,ต.ขุหลุ อ.ตระการพืชผล จ.อุบลราชธานี 34130,เขตพื้นที่การศึกษาอุบลราชธานี เขต 2
ดอนใหญ่,ต.ขุหลุ อ.ตระการพืชผล จ.อุบลราชธานี 34130,เขตพื้นที่การศึกษาอุบลราชธานี เขต 2
ดอนตะมุน,ต.ขามเปี้ย อ.ตระการพืชผล จ.อุบลราชธานี 34130,เขตพื้นที่การศึกษาอุบลราชธานี เขต 2
ดอนหมูวิทยา,ต.ขามเปี้ย อ.ตระการพืชผล จ.อุบลราชธานี 34130,เขตพื้นที่การศึกษาอุบลราชธานี เขต 2
ดอนม่วง(แก้วประชาสรรค์),ต.คอนสาย อ.ตระการพืชผล จ.อุบลราชธานี 34130,เขตพื้นที่การศึกษาอุบลราชธานี เขต 2
ดอนจิก,ต.นาพิน อ.ตระการพืชผล จ.อุบลราชธานี 34130,เขตพื้นที่การศึกษาอุบลราชธานี เขต 2
ดอนหมู,ต.ตระการ อ.ตระการพืชผล จ.อุบลราชธานี 34130,เขตพื้นที่การศึกษาอุบลราชธานี เขต 2
ดงไม้งาม,ต.ไหล่ทุ่ง อ.ตระการพืชผล จ.อุบลราชธานี 34130,เขตพื้นที่การศึกษาอุบลราชธานี เขต 2
ดอนงัว,ต.ไหล่ทุ่ง อ.ตระการพืชผล จ.อุบลราชธานี 34130,เขตพื้นที่การศึกษาอุบลราชธานี เขต 2
ดอน,ต.ห้วยฝ้ายพัฒนา อ.ตระการพืชผล จ.อุบลราชธานี 34130,เขตพื้นที่การศึกษาอุบลราชธานี เขต 2
ดอนก่อ,ต.ห้วยฝ้ายพัฒนา อ.ตระการพืชผล จ.อุบลราชธานี 34130,เขตพื้นที่การศึกษาอุบลราชธานี เขต 2
ดอนหมากมาย(ราษฎร์สามัคคีวิทยา),ต.คำเจริญ อ.ตระการพืชผล จ.อุบลราชธานี 34130,เขตพื้นที่การศึกษาอุบลราชธานี เขต 2
ดงบัง,ต.โนนสวาง อ.กุดข้าวปุ้น จ.อุบลราชธานี 37270,เขตพื้นที่การศึกษาอุบลราชธานี เขต 2
ดุมใหญ่ดงยาง,ต.ดุมใหญ่ อ.ม่วงสามสิบ จ.อุบลราชธานี 34140,เขตพื้นที่การศึกษาอุบลราชธานี เขต 1
ดอนแดง,ต.หนองเหล่า อ.ม่วงสามสิบ จ.อุบลราชธานี 34140,เขตพื้นที่การศึกษาอุบลราชธานี เขต 1
ดอนประทาย,ต.หนองฮาง อ.ม่วงสามสิบ จ.อุบลราชธานี 34140,เขตพื้นที่การศึกษาอุบลราชธานี เขต 1
ดอนกลาง(ราษฎร์สงเคราะห์),ต.ธาตุ อ.วารินชำราบ จ.อุบลราชธานี 34190,เขตพื้นที่การศึกษาอุบลราชธานี เขต 4
ดอนผอุง,ต.คูเมือง อ.วารินชำราบ จ.อุบลราชธานี 34190,เขตพื้นที่การศึกษาอุบลราชธานี เขต 4
ดอนชาด,ต.บุ่งหวาย อ.วารินชำราบ จ.อุบลราชธานี 34310,เขตพื้นที่การศึกษาอุบลราชธานี เขต 4
ดอนงัว,ต.หนองบัวฮี อ.พิบูลมังสาหาร จ.อุบลราชธานี 34110,เขตพื้นที่การศึกษาอุบลราชธานี เขต 3
ดูกอึ่ง,ต.หนองบัวฮี อ.พิบูลมังสาหาร จ.อุบลราชธานี 34110,เขตพื้นที่การศึกษาอุบลราชธานี เขต 3
ดอนก่อ,ต.อ่างศิลา อ.พิบูลมังสาหาร จ.อุบลราชธานี 34110,เขตพื้นที่การศึกษาอุบลราชธานี เขต 3
ดอนโด่โคกเลียบ,ต.โนนกาหลง อ.พิบูลมังสาหาร จ.อุบลราชธานี 34110,เขตพื้นที่การศึกษาอุบลราชธานี เขต 3
ดอนตะลี,ต.ตาลสุม อ.ตาลสุม จ.อุบลราชธานี 34330,เขตพื้นที่การศึกษาอุบลราชธานี เขต 3
ดอนพันชาด,ต.ตาลสุม อ.ตาลสุม จ.อุบลราชธานี 34330,เขตพื้นที่การศึกษาอุบลราชธานี เขต 3
ดอนขวาง,ต.นาคาย อ.ตาลสุม จ.อุบลราชธานี 34330,เขตพื้นที่การศึกษาอุบลราชธานี เขต 3
ดอนเย็นใต้,ต.โพธิ์ไทร อ.โพธิ์ไทร จ.อุบลราชธานี 34340,เขตพื้นที่การศึกษาอุบลราชธานี เขต 2
ดอนกะทอด,ต.ม่วงใหญ่ อ.โพธิ์ไทร จ.อุบลราชธานี 34340,เขตพื้นที่การศึกษาอุบลราชธานี เขต 2
ดอนชาด,ต.สองคอน อ.โพธิ์ไทร จ.อุบลราชธานี 34340,เขตพื้นที่การศึกษาอุบลราชธานี เขต 2
ดงตาหวัง,ต.เหล่างาม อ.โพธิ์ไทร จ.อุบลราชธานี 34340,เขตพื้นที่การศึกษาอุบลราชธานี เขต 2
ดอนม่วง,ต.โนนกลาง อ.สำโรง จ.อุบลราชธานี 34360,เขตพื้นที่การศึกษาอุบลราชธานี เขต 4
ดอนชี,ต.คันไร่ อ.สิรินธร จ.อุบลราชธานี 34350,เขตพื้นที่การศึกษาอุบลราชธานี เขต 3
ดอนยู,ต.นาดี อ.นาเยีย จ.อุบลราชธานี 43160,เขตพื้นที่การศึกษาอุบลราชธานี เขต 4
ด่านหม่วน,ต.พังเคน อ.นาตาล จ.อุบลราชธานี 34170,เขตพื้นที่การศึกษาอุบลราชธานี เขต 2
ด่านฮัง,ต.พังเคน อ.นาตาล จ.อุบลราชธานี 34170,เขตพื้นที่การศึกษาอุบลราชธานี เขต 2
ดอนกลอย,ต.โพนเมือง อ.เหล่าเสือโก้ก จ.อุบลราชธานี 34000,เขตพื้นที่การศึกษาอุบลราชธานี เขต 1
ดอนกลาง,ต.หนองบก อ.เหล่าเสือโก้ก จ.อุบลราชธานี 34000,เขตพื้นที่การศึกษาอุบลราชธานี เขต 1
ดูน,ต.หนองบก อ.เหล่าเสือโก้ก จ.อุบลราชธานี 34000,เขตพื้นที่การศึกษาอุบลราชธานี เขต 1
ดอนโมกข์,ต.ไพบูลย์ อ.น้ำขุ่น จ.อุบลราชธานี 34260,เขตพื้นที่การศึกษาอุบลราชธานี เขต 5
ดอนมะยาง กม.3,ต.ตาดทอง อ.เมืองยโสธร จ.ยโสธร 35000,เขตพื้นที่การศึกษายโสธร เขต 1
ดอนกลอย,ต.ค้อเหนือ อ.เมืองยโสธร จ.ยโสธร 35000,เขตพื้นที่การศึกษายโสธร เขต 1
ดอนยาง,ต.ค้อเหนือ อ.เมืองยโสธร จ.ยโสธร 35000,เขตพื้นที่การศึกษายโสธร เขต 1
ดู่ทุ่ง,ต.ดู่ทุ่ง อ.เมืองยโสธร จ.ยโสธร 35000,เขตพื้นที่การศึกษายโสธร เขต 1
ดอนแก้ว,ต.เขื่องคำ อ.เมืองยโสธร จ.ยโสธร 35000,เขตพื้นที่การศึกษายโสธร เขต 1
ดงบัง,ต.หนองคู อ.เมืองยโสธร จ.ยโสธร 35000,เขตพื้นที่การศึกษายโสธร เขต 1
ดอนกลองหนองไฮ,ต.หนองเรือ อ.เมืองยโสธร จ.ยโสธร 35000,เขตพื้นที่การศึกษายโสธร เขต 1
ดอนหวาย,ต.ทรายมูล อ.ทรายมูล จ.ยโสธร 35170,เขตพื้นที่การศึกษายโสธร เขต 2
ดู่ลาด,ต.ดู่ลาด อ.ทรายมูล จ.ยโสธร 35170,เขตพื้นที่การศึกษายโสธร เขต 2
ดงมะไฟ,ต.ดงมะไฟ อ.ทรายมูล จ.ยโสธร 35170,เขตพื้นที่การศึกษายโสธร เขต 2
ดงสำราญ,ต.คำน้ำสร้าง อ.กุดชุม จ.ยโสธร 35140,เขตพื้นที่การศึกษายโสธร เขต 2
ดอนขะยอม,ต.สงเปือย อ.คำเขื่อนแก้ว จ.ยโสธร 35110,เขตพื้นที่การศึกษายโสธร เขต 1
ดงเจริญ,ต.ดงเจริญ อ.คำเขื่อนแก้ว จ.ยโสธร 35110,เขตพื้นที่การศึกษายโสธร เขต 1
ดงสวาง,ต.โคกนาโก อ.ป่าติ้ว จ.ยโสธร 35150,เขตพื้นที่การศึกษายโสธร เขต 2
ดงยาง,ต.บากเรือ อ.มหาชนะชัย จ.ยโสธร 35130,เขตพื้นที่การศึกษายโสธร เขต 1
ดงจงอาง,ต.บึงแก อ.มหาชนะชัย จ.ยโสธร 35130,เขตพื้นที่การศึกษายโสธร เขต 1
ดงขวาง,ต.สงยาง อ.มหาชนะชัย จ.ยโสธร 35130,เขตพื้นที่การศึกษายโสธร เขต 1
ดวนบากน้อย,ต.น้ำอ้อม อ.ค้อวัง จ.ยโสธร 35160,เขตพื้นที่การศึกษายโสธร เขต 1
ดงมะหรี่,ต.ค้อวัง อ.ค้อวัง จ.ยโสธร 35160,เขตพื้นที่การศึกษายโสธร เขต 1
ดอนฮี,ต.สวาท อ.เลิงนกทา จ.ยโสธร 35120,เขตพื้นที่การศึกษายโสธร เขต 2
ดงยาง(คุรุราษฏร์บำรุง),ต.ห้องแซง อ.เลิงนกทา จ.ยโสธร 35120,เขตพื้นที่การศึกษายโสธร เขต 2
ด่าน,ต.สามแยก อ.เลิงนกทา จ.ยโสธร 35120,เขตพื้นที่การศึกษายโสธร เขต 2
ดอนม่วงป่าโมง,ต.กุดแห่ อ.เลิงนกทา จ.ยโสธร 53120,เขตพื้นที่การศึกษายโสธร เขต 2
ดอนมะซ่อม,ต.โคกสำราญ อ.เลิงนกทา จ.ยโสธร 35120,เขตพื้นที่การศึกษายโสธร เขต 2
ดงสวรรค์,ต.คำเตย อ.ไทยเจริญ จ.ยโสธร 35120,เขตพื้นที่การศึกษายโสธร เขต 2
ดอนหัน,ต.หนองไผ่ อ.เมืองชัยภูมิ จ.ชัยภูมิ 36240,เขตพื้นที่การศึกษาชัยภูมิ เขต 1
ดอนหันวิทยา,ต.โนนสะอาด อ.คอนสวรรค์ จ.ชัยภูมิ 36140,เขตพื้นที่การศึกษาชัยภูมิ เขต 1
ดงเย็นมิตรภาพที่ 167,ต.ห้วยไร่ อ.คอนสวรรค์ จ.ชัยภูมิ 36140,เขตพื้นที่การศึกษาชัยภูมิ เขต 1
ดอน-นกเอี้ยงเก่า,ต.บ้านหัน อ.เกษตรสมบูรณ์ จ.ชัยภูมิ 36120,เขตพื้นที่การศึกษาชัยภูมิ เขต 2
ดอนหัน,ต.หนองโพนงาม อ.เกษตรสมบูรณ์ จ.ชัยภูมิ 36120,เขตพื้นที่การศึกษาชัยภูมิ เขต 2
ดอนละนาม,ต.ละหาน อ.จัตุรัส จ.ชัยภูมิ 36130,เขตพื้นที่การศึกษาชัยภูมิ เขต 3
ดอนกอก,ต.โคกสะอาด อ.หนองบัวระเหว จ.ชัยภูมิ 36250,เขตพื้นที่การศึกษาชัยภูมิ เขต 3
ดอนกอก สาขาบ้านห้วยทับนาย,ต.โคกสะอาด อ.หนองบัวระเหว จ.ชัยภูมิ 36250,เขตพื้นที่การศึกษาชัยภูมิ เขต 3
ดงลาน,ต.วะตะแบก อ.เทพสถิต จ.ชัยภูมิ 36230,เขตพื้นที่การศึกษาชัยภูมิ เขต 3
ดอนจำปา,ต.กวางโจน อ.ภูเขียว จ.ชัยภูมิ 36110,เขตพื้นที่การศึกษาชัยภูมิ เขต 2
ดอนเตาเหล็ก,ต.บ้านแก้ง อ.ภูเขียว จ.ชัยภูมิ 36110,เขตพื้นที่การศึกษาชัยภูมิ เขต 2
ดงเมย,ต.บ้านดอน อ.ภูเขียว จ.ชัยภูมิ 36110,เขตพื้นที่การศึกษาชัยภูมิ เขต 2
ดอนไก่เถื่อน,ต.บ้านดอน อ.ภูเขียว จ.ชัยภูมิ 36110,เขตพื้นที่การศึกษาชัยภูมิ เขต 2
ดอนหันนาสวรรค์,ต.สามสวน อ.บ้านแท่น จ.ชัยภูมิ 36190,เขตพื้นที่การศึกษาชัยภูมิ เขต 2
ดอนขิงแคงเหล่าน้อย,ต.บ้านเต่า อ.บ้านแท่น จ.ชัยภูมิ 36190,เขตพื้นที่การศึกษาชัยภูมิ เขต 2
ดอนดู่,ต.บ้านเต่า อ.บ้านแท่น จ.ชัยภูมิ 36190,เขตพื้นที่การศึกษาชัยภูมิ เขต 2
ดอนเค็ง,ต.หนองคู อ.บ้านแท่น จ.ชัยภูมิ 36190,เขตพื้นที่การศึกษาชัยภูมิ เขต 2
ดงพอง,ต.นาหนองทุ่ม อ.แก้งคร้อ จ.ชัยภูมิ 36150,เขตพื้นที่การศึกษาชัยภูมิ เขต 2
ดงขีสะเดาหวาน,ต.บ้านแก้ง อ.แก้งคร้อ จ.ชัยภูมิ 36150,เขตพื้นที่การศึกษาชัยภูมิ เขต 2
ด่านเจริญท่ากอกวิทยาสรรค์,ต.เก่าย่าดี อ.แก้งคร้อ จ.ชัยภูมิ 36150,เขตพื้นที่การศึกษาชัยภูมิ เขต 2
ดอนอุดม,ต.ห้วยยาง อ.คอนสาร จ.ชัยภูมิ 36180,เขตพื้นที่การศึกษาชัยภูมิ เขต 2
ดงบัง,ต.ดงบัง อ.คอนสาร จ.ชัยภูมิ 36180,เขตพื้นที่การศึกษาชัยภูมิ เขต 2
ดงกลาง,ต.ดงกลาง อ.คอนสาร จ.ชัยภูมิ 36180,เขตพื้นที่การศึกษาชัยภูมิ เขต 2
ดงใต้,ต.ดงกลาง อ.คอนสาร จ.ชัยภูมิ 36180,เขตพื้นที่การศึกษาชัยภูมิ เขต 2
ดอนแดง,ต.บุ่ง อ.เมืองอำนาจเจริญ จ.อำนาจเจริญ 37000,เขตพื้นที่การศึกษาอำนาจเจริญ เขต 1
ดอนไร่,ต.คึมใหญ่ อ.เมืองอำนาจเจริญ จ.อำนาจเจริญ 37000,เขตพื้นที่การศึกษาอำนาจเจริญ เขต 1
ดงบังพัฒนา,ต.น้ำปลีก อ.เมืองอำนาจเจริญ จ.อำนาจเจริญ 37000,เขตพื้นที่การศึกษาอำนาจเจริญ เขต 1
ดอนดู่,ต.น้ำปลีก อ.เมืองอำนาจเจริญ จ.อำนาจเจริญ 37000,เขตพื้นที่การศึกษาอำนาจเจริญ เขต 1
ดงสวาง,ต.นาวัง อ.เมืองอำนาจเจริญ จ.อำนาจเจริญ 37000,เขตพื้นที่การศึกษาอำนาจเจริญ เขต 1
ดงสีโท,ต.หนองมะแซว อ.เมืองอำนาจเจริญ จ.อำนาจเจริญ 37000,เขตพื้นที่การศึกษาอำนาจเจริญ เขต 1
ดอนเมย,ต.ดอนเมย อ.เมืองอำนาจเจริญ จ.อำนาจเจริญ 37000,เขตพื้นที่การศึกษาอำนาจเจริญ เขต 1
ดงแสนแก้ว,ต.คำเขื่อนแก้ว อ.ชานุมาน จ.อำนาจเจริญ 37210,เขตพื้นที่การศึกษาอำนาจเจริญ เขต 1
ดอนชาด,ต.ห้วย อ.ปทุมราชวงศา จ.อำนาจเจริญ 37110,เขตพื้นที่การศึกษาอำนาจเจริญ เขต 1
ดอนดู่,ต.ห้วย อ.ปทุมราชวงศา จ.อำนาจเจริญ 37110,เขตพื้นที่การศึกษาอำนาจเจริญ เขต 1
ดอนแดงนาโนน,ต.จานลาน อ.พนา จ.อำนาจเจริญ 37180,เขตพื้นที่การศึกษาอำนาจเจริญ เขต 1
ดอนหมู,ต.หนองไฮ อ.เสนางคนิคม จ.อำนาจเจริญ 37290,เขตพื้นที่การศึกษาอำนาจเจริญ เขต 1
ดอนว่าน,ต.หัวตะพาน อ.หัวตะพาน จ.อำนาจเจริญ 37240,เขตพื้นที่การศึกษาอำนาจเจริญ เขต 1
ดู่พัฒนา,ต.เค็งใหญ่ อ.หัวตะพาน จ.อำนาจเจริญ 37240,เขตพื้นที่การศึกษาอำนาจเจริญ เขต 1
ดงมะยางหนองนกหอ,ต.ดงมะยาง อ.ลืออำนาจ จ.อำนาจเจริญ 37000,เขตพื้นที่การศึกษาอำนาจเจริญ เขต 1
ดงบังโนนจานเสาเล้า,ต.ดงบัง อ.ลืออำนาจ จ.อำนาจเจริญ 37000,เขตพื้นที่การศึกษาอำนาจเจริญ เขต 1
ดอนยานาง,ต.หนองภัยศูนย์ อ.เมืองหนองบัวลำภู จ.หนองบัวลำภู 39000,เขตพื้นที่การศึกษาหนองบัวลำภู เขต 1
ดอนหัน,ต.หัวนา อ.เมืองหนองบัวลำภู จ.หนองบัวลำภู 39000,เขตพื้นที่การศึกษาหนองบัวลำภู เขต 1
ดินทรายอ่อน,ต.หัวนา อ.เมืองหนองบัวลำภู จ.หนองบัวลำภู 39000,เขตพื้นที่การศึกษาหนองบัวลำภู เขต 1
ดอนนาดี,ต.บ้านขาม อ.เมืองหนองบัวลำภู จ.หนองบัวลำภู 39000,เขตพื้นที่การศึกษาหนองบัวลำภู เขต 1
ดงสวรรค์วิทยา,ต.ดงสวรรค์ อ.นากลาง จ.หนองบัวลำภู 39350,เขตพื้นที่การศึกษาหนองบัวลำภู เขต 2
ดงบาก,ต.นิคมพัฒนา อ.โนนสัง จ.หนองบัวลำภู 39140,เขตพื้นที่การศึกษาหนองบัวลำภู เขต 1
ดอนเกล็ด,ต.ยางหล่อ อ.ศรีบุญเรือง จ.หนองบัวลำภู 39180,เขตพื้นที่การศึกษาหนองบัวลำภู เขต 1
ดอนข่า,ต.ทรายทอง อ.ศรีบุญเรือง จ.หนองบัวลำภู 39180,เขตพื้นที่การศึกษาหนองบัวลำภู เขต 1
ดงบังมวลชนรังสรรค์,ต.บ้านโคก อ.สุวรรณคูหา จ.หนองบัวลำภู 39270,เขตพื้นที่การศึกษาหนองบัวลำภู เขต 2
ดงมะไฟ,ต.ดงมะไฟ อ.สุวรรณคูหา จ.หนองบัวลำภู 39270,เขตพื้นที่การศึกษาหนองบัวลำภู เขต 2
ดอนบม,ต.เมืองเก่า อ.เมืองขอนแก่น จ.ขอนแก่น 40000,เขตพื้นที่การศึกษาขอนแก่น เขต 1
ดอนช้าง,ต.ดอนช้าง อ.เมืองขอนแก่น จ.ขอนแก่น 40000,เขตพื้นที่การศึกษาขอนแก่น เขต 1
ดอนหญ้านาง,ต.ดอนช้าง อ.เมืองขอนแก่น จ.ขอนแก่น 40000,เขตพื้นที่การศึกษาขอนแก่น เขต 1
ดอนแดงดอนน้อยวิทยา,ต.ดอนหัน อ.เมืองขอนแก่น จ.ขอนแก่น 40260,เขตพื้นที่การศึกษาขอนแก่น เขต 1
ดอนหันวิทยาสาร,ต.ดอนหัน อ.เมืองขอนแก่น จ.ขอนแก่น 40260,เขตพื้นที่การศึกษาขอนแก่น เขต 1
ดงพอง,ต.ศิลา อ.เมืองขอนแก่น จ.ขอนแก่น 40000,เขตพื้นที่การศึกษาขอนแก่น เขต 1
ดอนยาง,ต.ศิลา อ.เมืองขอนแก่น จ.ขอนแก่น 40000,เขตพื้นที่การศึกษาขอนแก่น เขต 1
ดอนธาตุท่าฉางท่าพระทราย,ต.หนองตูม อ.เมืองขอนแก่น จ.ขอนแก่น 40000,เขตพื้นที่การศึกษาขอนแก่น เขต 1
ดอนดู่คุรุราษฎร์วิทยา,ต.บึงเนียม อ.เมืองขอนแก่น จ.ขอนแก่น 40000,เขตพื้นที่การศึกษาขอนแก่น เขต 1
ดงกลาง,ต.บ้านโต้น อ.พระยืน จ.ขอนแก่น 40320,เขตพื้นที่การศึกษาขอนแก่น เขต 1
ดงเก่า,ต.บ้านโต้น อ.พระยืน จ.ขอนแก่น 40320,เขตพื้นที่การศึกษาขอนแก่น เขต 1
ดอนแขม,ต.ยางคำ อ.หนองเรือ จ.ขอนแก่น 40240,เขตพื้นที่การศึกษาขอนแก่น เขต 5
ดอนหันสระบัว,ต.ยางคำ อ.หนองเรือ จ.ขอนแก่น 40240,เขตพื้นที่การศึกษาขอนแก่น เขต 5
ดอนหันโนนหินแห่,ต.โนนสะอาด อ.หนองเรือ จ.ขอนแก่น 40210,เขตพื้นที่การศึกษาขอนแก่น เขต 5
ดอนกอก,ต.บ้านผือ อ.หนองเรือ จ.ขอนแก่น 40240,เขตพื้นที่การศึกษาขอนแก่น เขต 5
ด้วงหนองหญ้ารังกา,ต.น้ำพอง อ.น้ำพอง จ.ขอนแก่น,เขตพื้นที่การศึกษาขอนแก่น เขต 4
ดงมัน,ต.สะอาด อ.น้ำพอง จ.ขอนแก่น 40310,เขตพื้นที่การศึกษาขอนแก่น เขต 4
ดงเย็น,ต.บัวเงิน อ.น้ำพอง จ.ขอนแก่น 40140,เขตพื้นที่การศึกษาขอนแก่น เขต 4
ดงเรือง,ต.พังทุย อ.น้ำพอง จ.ขอนแก่น 40140,เขตพื้นที่การศึกษาขอนแก่น เขต 4
ดง(บึงไทรวิทยาคาร),ต.บ้านดง อ.อุบลรัตน์ จ.ขอนแก่น 40250,เขตพื้นที่การศึกษาขอนแก่น เขต 4
ดอนหมากพริกลิ้นฟ้า,ต.แคนเหนือ อ.บ้านไผ่ จ.ขอนแก่น 40110,เขตพื้นที่การศึกษาขอนแก่น เขต 2
ดู่ใหญ่,อ.บ้านไผ่ จ.ขอนแก่น 40110,เขตพื้นที่การศึกษาขอนแก่น เขต 2
ดงบังคุรุราษฎร์อุปถัมภ์,ต.คอนฉิม อ.แวงใหญ่ จ.ขอนแก่น 40330,เขตพื้นที่การศึกษาขอนแก่น เขต 3
ดอนโจด,ต.คอนฉิม อ.แวงใหญ่ จ.ขอนแก่น 40330,เขตพื้นที่การศึกษาขอนแก่น เขต 3
ดอนหันนาจาน,ต.แวงน้อย อ.แวงน้อย จ.ขอนแก่น 40230,เขตพื้นที่การศึกษาขอนแก่น เขต 3
ดอนดู่,ต.ดอนดู่ อ.หนองสองห้อง จ.ขอนแก่น,เขตพื้นที่การศึกษาขอนแก่น เขต 3
ดงเค็ง,ต.ดงเค็ง อ.หนองสองห้อง จ.ขอนแก่น 40190,เขตพื้นที่การศึกษาขอนแก่น เขต 3
ดอนชาด,ต.หันโจด อ.หนองสองห้อง จ.ขอนแก่น 40190,เขตพื้นที่การศึกษาขอนแก่น เขต 3
ดอนดู่คุรุราษฎร์บำรุง,ต.ศรีบุญเรือง อ.ชนบท จ.ขอนแก่น 40180,เขตพื้นที่การศึกษาขอนแก่น เขต 2
ดงบังคุรุราษฎร์บำรุง,ต.ดงเมืองแอม อ.เขาสวนกวาง จ.ขอนแก่น 40280,เขตพื้นที่การศึกษาขอนแก่น เขต 4
ดงเรืองประชาสรรพ์,ต.คำม่วง อ.เขาสวนกวาง จ.ขอนแก่น 40280,เขตพื้นที่การศึกษาขอนแก่น เขต 4
ดงหนองเกี่ยว,ต.โคกสำราญ อ.บ้านแฮด จ.ขอนแก่น 40110,เขตพื้นที่การศึกษาขอนแก่น เขต 2
ดอนปอแดง,ต.โคกสำราญ อ.บ้านแฮด จ.ขอนแก่น 40110,เขตพื้นที่การศึกษาขอนแก่น เขต 2
ดอนอุดมโนนยาง,ต.หมากแข้ง อ.เมืองอุดรธานี จ.อุดรธานี 41000,เขตพื้นที่การศึกษาอุดรธานี เขต 1
ดู่,ต.บ้านขาว อ.เมืองอุดรธานี จ.อุดรธานี 41000,เขตพื้นที่การศึกษาอุดรธานี เขต 1
ดงอุดม,ต.หนองบัว อ.เมืองอุดรธานี จ.อุดรธานี 41000,เขตพื้นที่การศึกษาอุดรธานี เขต 1
ดงหนองโพธิ์,ต.เชียงยืน อ.เมืองอุดรธานี จ.อุดรธานี,เขตพื้นที่การศึกษาอุดรธานี เขต 1
ดอนหวาย,ต.กุดสระ อ.เมืองอุดรธานี จ.อุดรธานี 41000,เขตพื้นที่การศึกษาอุดรธานี เขต 1
ดอนหาด,ต.สามพร้าว อ.เมืองอุดรธานี จ.อุดรธานี 41000,เขตพื้นที่การศึกษาอุดรธานี เขต 1
ดงมะกรูด,ต.หนองไฮ อ.เมืองอุดรธานี จ.อุดรธานี 41000,เขตพื้นที่การศึกษาอุดรธานี เขต 1
ดงเค็ง (นําวัฒนาอุปถัมภ์),ต.บ้านจั่น อ.เมืองอุดรธานี จ.อุดรธานี 41000,เขตพื้นที่การศึกษาอุดรธานี เขต 1
ดงธาตุ,ต.กุดจับ อ.กุดจับ จ.อุดรธานี 41250,เขตพื้นที่การศึกษาอุดรธานี เขต 4
ดงบัง,ต.กุดจับ อ.กุดจับ จ.อุดรธานี 41250,เขตพื้นที่การศึกษาอุดรธานี เขต 4
ดงหวาย,ต.กุดจับ อ.กุดจับ จ.อุดรธานี 41250,เขตพื้นที่การศึกษาอุดรธานี เขต 4
ดงน้อย,ต.เมืองเพีย อ.กุดจับ จ.อุดรธานี 41250,เขตพื้นที่การศึกษาอุดรธานี เขต 4
ดงบัง,ต.อูบมุง อ.หนองวัวซอ จ.อุดรธานี 41220,เขตพื้นที่การศึกษาอุดรธานี เขต 1
ดอนสวรรค์,ต.ตูมใต้ อ.กุมภวาปี จ.อุดรธานี 41110,เขตพื้นที่การศึกษาอุดรธานี เขต 2
ดงน้อย,ต.ปะโค อ.กุมภวาปี จ.อุดรธานี -4137,เขตพื้นที่การศึกษาอุดรธานี เขต 2
ดงแคน,ต.พันดอน อ.กุมภวาปี จ.อุดรธานี 41370,เขตพื้นที่การศึกษาอุดรธานี เขต 2
ดอนเงิน,ต.แชแล อ.กุมภวาปี จ.อุดรธานี 41110,เขตพื้นที่การศึกษาอุดรธานี เขต 2
ดงเรือง,ต.ผาสุก อ.กุมภวาปี จ.อุดรธานี 41370,เขตพื้นที่การศึกษาอุดรธานี เขต 2
ดงเมือง(ดงเมืองวิทยา),ต.กุมภวาปี อ.กุมภวาปี จ.อุดรธานี 41110,เขตพื้นที่การศึกษาอุดรธานี เขต 2
ดอนแก้ว,ต.กุมภวาปี อ.กุมภวาปี จ.อุดรธานี 41110,เขตพื้นที่การศึกษาอุดรธานี เขต 2
ดงโพนยอ,ต.หนองหาน อ.หนองหาน จ.อุดรธานี 41130,เขตพื้นที่การศึกษาอุดรธานี เขต 3
ดอนกลางตาลเดี่ยว,ต.พังงู อ.หนองหาน จ.อุดรธานี 41130,เขตพื้นที่การศึกษาอุดรธานี เขต 3
ดงวังพัง,ต.สะแบง อ.หนองหาน จ.อุดรธานี 41130,เขตพื้นที่การศึกษาอุดรธานี เขต 3
ดอนนางคำ,ต.สะแบง อ.หนองหาน จ.อุดรธานี 41130,เขตพื้นที่การศึกษาอุดรธานี เขต 3
ดงเย็น,ต.บ้านเชียง อ.หนองหาน จ.อุดรธานี 41320,เขตพื้นที่การศึกษาอุดรธานี เขต 3
ดูนประชารัฐ,ต.บ้านเชียง อ.หนองหาน จ.อุดรธานี 41320,เขตพื้นที่การศึกษาอุดรธานี เขต 3
ดงคำ,ต.โพนงาม อ.หนองหาน จ.อุดรธานี 41130,เขตพื้นที่การศึกษาอุดรธานี เขต 3
ดอนยางเดี่ยว,ต.โพนงาม อ.หนองหาน จ.อุดรธานี 41130,เขตพื้นที่การศึกษาอุดรธานี เขต 3
ดงบากโนนสวรรค์,ต.หนองไผ่ อ.หนองหาน จ.อุดรธานี 41130,เขตพื้นที่การศึกษาอุดรธานี เขต 3
ดงบังหนองเขื่อน,ต.หนองสระปลา อ.หนองหาน จ.อุดรธานี 41320,เขตพื้นที่การศึกษาอุดรธานี เขต 3
ดงพัฒนา,ต.คำเลาะ อ.ไชยวาน จ.อุดรธานี 41290,เขตพื้นที่การศึกษาอุดรธานี เขต 3
ดูนเลา,ต.จำปี อ.ศรีธาตุ จ.อุดรธานี 41230,เขตพื้นที่การศึกษาอุดรธานี เขต 2
ดงกลาง,ต.ผาสุก อ.วังสามหมอ จ.อุดรธานี 41280,เขตพื้นที่การศึกษาอุดรธานี เขต 2
ดงง่าม,ต.คำโคกสูง อ.วังสามหมอ จ.อุดรธานี 41280,เขตพื้นที่การศึกษาอุดรธานี เขต 2
ดุงวิทยา,ต.ศรีสุทโธ อ.บ้านดุง จ.อุดรธานี 41190,เขตพื้นที่การศึกษาอุดรธานี เขต 3
ดงแสนสุข,ต.ดงเย็น อ.บ้านดุง จ.อุดรธานี 41190,เขตพื้นที่การศึกษาอุดรธานี เขต 3
ดงค้าพัฒนา,ต.โพนสูง อ.บ้านดุง จ.อุดรธานี 41190,เขตพื้นที่การศึกษาอุดรธานี เขต 3
ดงดารา,ต.อ้อมกอ อ.บ้านดุง จ.อุดรธานี 41190,เขตพื้นที่การศึกษาอุดรธานี เขต 3
ดงยาง,ต.บ้านจันทน์ อ.บ้านดุง จ.อุดรธานี 41190,เขตพื้นที่การศึกษาอุดรธานี เขต 3
ดงหวาย,ต.บ้านจันทน์ อ.บ้านดุง จ.อุดรธานี 41190,เขตพื้นที่การศึกษาอุดรธานี เขต 3
ดงไพรวัลย์,ต.บ้านชัย อ.บ้านดุง จ.อุดรธานี 41190,เขตพื้นที่การศึกษาอุดรธานี เขต 3
ดงวัฒนา,ต.นาคำ อ.บ้านดุง จ.อุดรธานี 41190,เขตพื้นที่การศึกษาอุดรธานี เขต 3
ดอนขี้เหล็ก,ต.นาคำ อ.บ้านดุง จ.อุดรธานี 41190,เขตพื้นที่การศึกษาอุดรธานี เขต 3
ดงหวายดงขวาง,ต.หายโศก อ.บ้านผือ จ.อุดรธานี 41160,เขตพื้นที่การศึกษาอุดรธานี เขต 4
ดงเย็นพัฒนา,ต.คำบง อ.บ้านผือ จ.อุดรธานี 41160,เขตพื้นที่การศึกษาอุดรธานี เขต 4
ดงหมู,ต.คำบง อ.บ้านผือ จ.อุดรธานี 41660,เขตพื้นที่การศึกษาอุดรธานี เขต 4
ดงพัฒนา,ต.นางัว อ.น้ำโสม จ.อุดรธานี 41210,เขตพื้นที่การศึกษาอุดรธานี เขต 4
ดอนแก้ว,ต.บ้านธาตุ อ.เพ็ญ จ.อุดรธานี 41150,เขตพื้นที่การศึกษาอุดรธานี เขต 1
ดงใหญ่,ต.เชียงหวาง อ.เพ็ญ จ.อุดรธานี 41150,เขตพื้นที่การศึกษาอุดรธานี เขต 1
ดอนข่า,ต.เชียงหวาง อ.เพ็ญ จ.อุดรธานี 41150,เขตพื้นที่การศึกษาอุดรธานี เขต 1
ด่าน,ต.เชียงหวาง อ.เพ็ญ จ.อุดรธานี 41150,เขตพื้นที่การศึกษาอุดรธานี เขต 1
ดงปอ,ต.สุมเส้า อ.เพ็ญ จ.อุดรธานี 41150,เขตพื้นที่การศึกษาอุดรธานี เขต 1
ดงยาง,ต.สุมเส้า อ.เพ็ญ จ.อุดรธานี 41150,เขตพื้นที่การศึกษาอุดรธานี เขต 1
ดอนกลอย,ต.นาบัว อ.เพ็ญ จ.อุดรธานี 41150,เขตพื้นที่การศึกษาอุดรธานี เขต 1
ดงขันทอง,ต.บ้านเหล่า อ.เพ็ญ จ.อุดรธานี 41150,เขตพื้นที่การศึกษาอุดรธานี เขต 1
ดงศรีสําราญ,ต.บ้านเหล่า อ.เพ็ญ จ.อุดรธานี 41150,เขตพื้นที่การศึกษาอุดรธานี เขต 1
ดงยางนารายณ์,ต.จอมศรี อ.เพ็ญ จ.อุดรธานี,เขตพื้นที่การศึกษาอุดรธานี เขต 1
ดอนจันทร์โพนสวรรค์,ต.โคกกลาง อ.เพ็ญ จ.อุดรธานี 41150,เขตพื้นที่การศึกษาอุดรธานี เขต 1
ดงผักเทียม,ต.สร้างคอม อ.สร้างคอม จ.อุดรธานี 41260,เขตพื้นที่การศึกษาอุดรธานี เขต 1
ดอนเดื่อ,ต.บ้านโคก อ.สร้างคอม จ.อุดรธานี 41260,เขตพื้นที่การศึกษาอุดรธานี เขต 1
ดอนบาก,ต.บ้านโคก อ.สร้างคอม จ.อุดรธานี 41260,เขตพื้นที่การศึกษาอุดรธานี เขต 1
ดงยางพรพิบูลย์,ต.บ้านแดง อ.พิบูลย์รักษ์ จ.อุดรธานี 41130,เขตพื้นที่การศึกษาอุดรธานี เขต 3
ดอนม่วง,ต.นาทราย อ.พิบูลย์รักษ์ จ.อุดรธานี 41130,เขตพื้นที่การศึกษาอุดรธานี เขต 3
ดงยางน้อย,ต.ดอนกลอย อ.พิบูลย์รักษ์ จ.อุดรธานี 41130,เขตพื้นที่การศึกษาอุดรธานี เขต 3
ดอนกลอย,ต.ดอนกลอย อ.พิบูลย์รักษ์ จ.อุดรธานี 41130,เขตพื้นที่การศึกษาอุดรธานี เขต 3
ดอนสวรรค์,ต.คอนสาย อ.กู่แก้ว จ.อุดรธานี 41130,เขตพื้นที่การศึกษาอุดรธานี เขต 3
ด่านดู่,ต.โป่ง อ.ด่านซ้าย จ.เลย 42120,เขตพื้นที่การศึกษาเลย เขต 1
ดงน้อยโคกหนองแก,ต.ศรีสงคราม อ.วังสะพุง จ.เลย 42130,เขตพื้นที่การศึกษาเลย เขต 2
ดงน้อย,ต.ผาขาว อ.ผาขาว จ.เลย 42240,เขตพื้นที่การศึกษาเลย เขต 2
ดงเจริญ,ต.หินโงม อ.เมืองหนองคาย จ.หนองคาย,เขตพื้นที่การศึกษาหนองคาย เขต 1
ดงนาคำ,ต.หนองนาง อ.ท่าบ่อ จ.หนองคาย -,เขตพื้นที่การศึกษาหนองคาย เขต 1
ดอนปอ,ต.หนองเข็ง อ.บึงกาฬ จ.หนองคาย 43140,เขตพื้นที่การศึกษาหนองคาย เขต 3
ดอนแก้ว,ต.คำนาดี อ.บึงกาฬ จ.หนองคาย 43140,เขตพื้นที่การศึกษาหนองคาย เขต 3
ดงเสียด,ต.ศรีชมภู อ.พรเจริญ จ.หนองคาย 43180,เขตพื้นที่การศึกษาหนองคาย เขต 3
ดอนหญ้านาง,ต.ดอนหญ้านาง อ.พรเจริญ จ.หนองคาย 43180,เขตพื้นที่การศึกษาหนองคาย เขต 3
ดงกำพี้,ต.วัดหลวง อ.โพนพิสัย จ.หนองคาย 43120,เขตพื้นที่การศึกษาหนองคาย เขต 2
ดงสระพัง,ต.นาหนัง อ.โพนพิสัย จ.หนองคาย 43210,เขตพื้นที่การศึกษาหนองคาย เขต 2
ดงบัง,ต.หนองปลาปาก อ.ศรีเชียงใหม่ จ.หนองคาย 43130,เขตพื้นที่การศึกษาหนองคาย เขต 1
ดงต้อง,ต.ผาตั้ง อ.สังคม จ.หนองคาย 43160,เขตพื้นที่การศึกษาหนองคาย เขต 1
ดอนเสียด,ต.บ้านต้อง อ.เซกา จ.หนองคาย 43150,เขตพื้นที่การศึกษาหนองคาย เขต 3
ดงกะพุงหนองนาแซง,ต.น้ำจั้น อ.เซกา จ.หนองคาย 43150,เขตพื้นที่การศึกษาหนองคาย เขต 3
ดงสว่าง,ต.โสกก่าม อ.เซกา จ.หนองคาย 43150,เขตพื้นที่การศึกษาหนองคาย เขต 3
ดาลบังบด,ต.นาดง อ.ปากคาด จ.หนองคาย 43190,เขตพื้นที่การศึกษาหนองคาย เขต 2
ดงชมภู,ต.โพธิ์หมากแข้ง อ.บึงโขงหลง จ.หนองคาย 43220,เขตพื้นที่การศึกษาหนองคาย เขต 3
ดงโทน,ต.ดงบัง อ.บึงโขงหลง จ.หนองคาย 43220,เขตพื้นที่การศึกษาหนองคาย เขต 3
ดงบัง,ต.ดงบัง อ.บึงโขงหลง จ.หนองคาย 43220,เขตพื้นที่การศึกษาหนองคาย เขต 3
ดอนแพง,ต.บุ่งคล้า อ.บุ่งคล้า จ.หนองคาย 43140,เขตพื้นที่การศึกษาหนองคาย เขต 3
ดอนเหมือด,ต.บ้านต้อน อ.รัตนวาปี จ.หนองคาย 43120,เขตพื้นที่การศึกษาหนองคาย เขต 2
ดงดาล,ต.โพนแพง อ.รัตนวาปี จ.หนองคาย 43120,เขตพื้นที่การศึกษาหนองคาย เขต 2
ดอนขนุนพัฒนา,ต.ด่านศรีสุข อ.โพธิ์ตาก จ.หนองคาย 43130,เขตพื้นที่การศึกษาหนองคาย เขต 1
ดอนดู่,ต.เขวา อ.เมืองมหาสารคาม จ.มหาสารคาม 44000,เขตพื้นที่การศึกษามหาสารคาม เขต 1
ดงน้อย,ต.แวงน่าง อ.เมืองมหาสารคาม จ.มหาสารคาม 44000,เขตพื้นที่การศึกษามหาสารคาม เขต 1
ดอนหว่านหัวหนอง,ต.ดอนหว่าน อ.เมืองมหาสารคาม จ.มหาสารคาม 44000,เขตพื้นที่การศึกษามหาสารคาม เขต 1
ดอนตูมดอนโด,ต.แก่งเลิงจาน อ.เมืองมหาสารคาม จ.มหาสารคาม 44000,เขตพื้นที่การศึกษามหาสารคาม เขต 1
ดงเค็งดอนหัน,ต.ท่าสองคอน อ.เมืองมหาสารคาม จ.มหาสารคาม 44000,เขตพื้นที่การศึกษามหาสารคาม เขต 1
ดอนก่อกกเหลี่ยม,ต.วังแสง อ.แกดำ จ.มหาสารคาม 44190,เขตพื้นที่การศึกษามหาสารคาม เขต 1
ดอนกลอยหนองยาง,ต.หัวขวาง อ.โกสุมพิสัย จ.มหาสารคาม 44140,เขตพื้นที่การศึกษามหาสารคาม เขต 1
ดอนจำปาดอนสวรรค์,ต.โพนงาม อ.โกสุมพิสัย จ.มหาสารคาม 44140,เขตพื้นที่การศึกษามหาสารคาม เขต 1
ดอนสันติ,ต.แห่ใต้ อ.โกสุมพิสัย จ.มหาสารคาม 44140,เขตพื้นที่การศึกษามหาสารคาม เขต 1
ดอนกลางนุกูลวิทย์,ต.ดอนกลาง อ.โกสุมพิสัย จ.มหาสารคาม 44140,เขตพื้นที่การศึกษามหาสารคาม เขต 1
ดอนดู่,ต.คันธารราษฎร์ อ.กันทรวิชัย จ.มหาสารคาม 44150,เขตพื้นที่การศึกษามหาสารคาม เขต 1
ดอนเวียงจันทน์,ต.ท่าขอนยาง อ.กันทรวิชัย จ.มหาสารคาม 44150,เขตพื้นที่การศึกษามหาสารคาม เขต 1
ดอนนา,ต.ขามเรียง อ.กันทรวิชัย จ.มหาสารคาม 44150,เขตพื้นที่การศึกษามหาสารคาม เขต 1
ดอนหน่อง,ต.ขามเรียง อ.กันทรวิชัย จ.มหาสารคาม 44150,เขตพื้นที่การศึกษามหาสารคาม เขต 1
ดอนก่อ,ต.วังไชย อ.บรบือ จ.มหาสารคาม 44130,เขตพื้นที่การศึกษามหาสารคาม เขต 2
ดงมัน,ต.หนองม่วง อ.บรบือ จ.มหาสารคาม 44130,เขตพื้นที่การศึกษามหาสารคาม เขต 2
ดอนพยอม,ต.โนนแดง อ.บรบือ จ.มหาสารคาม 44130,เขตพื้นที่การศึกษามหาสารคาม เขต 2
ดอนบม,ต.หนองจิก อ.บรบือ จ.มหาสารคาม 44130,เขตพื้นที่การศึกษามหาสารคาม เขต 2
ดอนงัว,ต.ดอนงัว อ.บรบือ จ.มหาสารคาม 44130,เขตพื้นที่การศึกษามหาสารคาม เขต 2
ดงม่วงหัวดงหนองบาก,ต.สำโรง อ.นาเชือก จ.มหาสารคาม 44170,เขตพื้นที่การศึกษามหาสารคาม เขต 2
ดง,ต.ปะหลาน อ.พยัคฆภูมิพิสัย จ.มหาสารคาม 44110,เขตพื้นที่การศึกษามหาสารคาม เขต 2
ดอนหมี,ต.เวียงสะอาด อ.พยัคฆภูมิพิสัย จ.มหาสารคาม 44110,เขตพื้นที่การศึกษามหาสารคาม เขต 2
ดงหัวช้าง,ต.หนองบัว อ.พยัคฆภูมิพิสัย จ.มหาสารคาม 44110,เขตพื้นที่การศึกษามหาสารคาม เขต 2
ดงเย็น,ต.ราษฎร์เจริญ อ.พยัคฆภูมิพิสัย จ.มหาสารคาม 44110,เขตพื้นที่การศึกษามหาสารคาม เขต 2
ดงบากหนองตาเต็น,ต.ภารแอ่น อ.พยัคฆภูมิพิสัย จ.มหาสารคาม 44110,เขตพื้นที่การศึกษามหาสารคาม เขต 2
ดงน้อย,ต.เสือโก้ก อ.วาปีปทุม จ.มหาสารคาม 44120,เขตพื้นที่การศึกษามหาสารคาม เขต 2
ดงใหญ่,ต.ดงใหญ่ อ.วาปีปทุม จ.มหาสารคาม 44120,เขตพื้นที่การศึกษามหาสารคาม เขต 2
ดอนหัน,ต.ดงใหญ่ อ.วาปีปทุม จ.มหาสารคาม 44120,เขตพื้นที่การศึกษามหาสารคาม เขต 2
ดู่,ต.แคน อ.วาปีปทุม จ.มหาสารคาม 44120,เขตพื้นที่การศึกษามหาสารคาม เขต 2
ดอนแดงน้ำเกลี้ยง,ต.นาข่า อ.วาปีปทุม จ.มหาสารคาม 44120,เขตพื้นที่การศึกษามหาสารคาม เขต 2
ดู่หนองโก,ต.หนองแสน อ.วาปีปทุม จ.มหาสารคาม 44120,เขตพื้นที่การศึกษามหาสารคาม เขต 2
ดอนดู่วังบอน,ต.หัวดง อ.นาดูน จ.มหาสารคาม 44180,เขตพื้นที่การศึกษามหาสารคาม เขต 2
ดงยาง,ต.ดงยาง อ.นาดูน จ.มหาสารคาม 44180,เขตพื้นที่การศึกษามหาสารคาม เขต 2
ดงแคน,ต.แวงดง อ.ยางสีสุราช จ.มหาสารคาม 44210,เขตพื้นที่การศึกษามหาสารคาม เขต 2
ดงเค็ง(คุรุราษฎร์ประชาสามัคคี),ต.สะอาดสมบูรณ์ อ.เมืองร้อยเอ็ด จ.ร้อยเอ็ด 45000,เขตพื้นที่การศึกษาร้อยเอ็ด เขต 1
ดงยางโคกพิลา(ประชาอุปถัมภ์),ต.สีแก้ว อ.เมืองร้อยเอ็ด จ.ร้อยเอ็ด 45000,เขตพื้นที่การศึกษาร้อยเอ็ด เขต 1
ดงสวองหนองสูบ,ต.สีแก้ว อ.เมืองร้อยเอ็ด จ.ร้อยเอ็ด 45000,เขตพื้นที่การศึกษาร้อยเอ็ด เขต 1
ดงลาน(คุรุรัฐประชาสรรค์),ต.ดงลาน อ.เมืองร้อยเอ็ด จ.ร้อยเอ็ด 45000,เขตพื้นที่การศึกษาร้อยเอ็ด เขต 1
ดอนดู่เหล่าเสือ,ต.เหล่าหลวง อ.เกษตรวิสัย จ.ร้อยเอ็ด 45150,เขตพื้นที่การศึกษาร้อยเอ็ด เขต 2
ดงครั่งใหญ่,ต.ดงครั่งใหญ่ อ.เกษตรวิสัย จ.ร้อยเอ็ด 45150,เขตพื้นที่การศึกษาร้อยเอ็ด เขต 2
ดงครั่งน้อย,ต.ดงครั่งน้อย อ.เกษตรวิสัย จ.ร้อยเอ็ด 45150,เขตพื้นที่การศึกษาร้อยเอ็ด เขต 2
ดู่ฝายใหญ่,ต.หนองแคน อ.ปทุมรัตต์ จ.ร้อยเอ็ด 45190,เขตพื้นที่การศึกษาร้อยเอ็ด เขต 2
ดูน(บักตู้ โนนตาแสง),ต.โนนสวรรค์ อ.ปทุมรัตต์ จ.ร้อยเอ็ด 45190,เขตพื้นที่การศึกษาร้อยเอ็ด เขต 2
ดงช้าง,ต.โนนสง่า อ.ปทุมรัตต์ จ.ร้อยเอ็ด 45190,เขตพื้นที่การศึกษาร้อยเอ็ด เขต 2
ดงแดงหนองเพียขันธ์,ต.ดงแดง อ.จตุรพักตรพิมาน จ.ร้อยเอ็ด 45180,เขตพื้นที่การศึกษาร้อยเอ็ด เขต 1
ดงกลาง,ต.ดงกลาง อ.จตุรพักตรพิมาน จ.ร้อยเอ็ด 45180,เขตพื้นที่การศึกษาร้อยเอ็ด เขต 1
ดงยาง,ต.ดู่น้อย อ.จตุรพักตรพิมาน จ.ร้อยเอ็ด 45180,เขตพื้นที่การศึกษาร้อยเอ็ด เขต 1
ดู่น้อย,ต.ดู่น้อย อ.จตุรพักตรพิมาน จ.ร้อยเอ็ด 45180,เขตพื้นที่การศึกษาร้อยเอ็ด เขต 1
ดอนแคน,ต.ศรีโคตร อ.จตุรพักตรพิมาน จ.ร้อยเอ็ด 45180,เขตพื้นที่การศึกษาร้อยเอ็ด เขต 1
ดอนชัย,ต.หนองพอก อ.ธวัชบุรี จ.ร้อยเอ็ด 45170,เขตพื้นที่การศึกษาร้อยเอ็ด เขต 1
ดู่,ต.ธวัชบุรี อ.ธวัชบุรี จ.ร้อยเอ็ด 45170,เขตพื้นที่การศึกษาร้อยเอ็ด เขต 1
ดงบ้านนาประชาสรรค์,ต.มะอึ อ.ธวัชบุรี จ.ร้อยเอ็ด 45170,เขตพื้นที่การศึกษาร้อยเอ็ด เขต 1
ดู่ไพศาล,ต.ไพศาล อ.ธวัชบุรี จ.ร้อยเอ็ด 45170,เขตพื้นที่การศึกษาร้อยเอ็ด เขต 1
ดอนเจริญ,ต.พนมไพร อ.พนมไพร จ.ร้อยเอ็ด 45140,เขตพื้นที่การศึกษาร้อยเอ็ด เขต 2
ดอนแดง,ต.แสนสุข อ.พนมไพร จ.ร้อยเอ็ด 45140,เขตพื้นที่การศึกษาร้อยเอ็ด เขต 2
ดงมัน,ต.กุดน้ำใส อ.พนมไพร จ.ร้อยเอ็ด 45140,เขตพื้นที่การศึกษาร้อยเอ็ด เขต 2
ดอนดู่,ต.วารีสวัสดิ์ อ.พนมไพร จ.ร้อยเอ็ด 45140,เขตพื้นที่การศึกษาร้อยเอ็ด เขต 2
ดอนบ่อดอนแฮด,ต.โพธิ์ชัย อ.พนมไพร จ.ร้อยเอ็ด 45140,เขตพื้นที่การศึกษาร้อยเอ็ด เขต 2
ดอนคำ,ต.คำไฮ อ.พนมไพร จ.ร้อยเอ็ด 45140,เขตพื้นที่การศึกษาร้อยเอ็ด เขต 2
ดงกลาง,ต.โคกกกม่วง อ.โพนทอง จ.ร้อยเอ็ด 45110,เขตพื้นที่การศึกษาร้อยเอ็ด เขต 3
ดงดิบ,ต.หนองใหญ่ อ.โพนทอง จ.ร้อยเอ็ด 45110,เขตพื้นที่การศึกษาร้อยเอ็ด เขต 3
ดอนหวาย,ต.โนนชัยศรี อ.โพนทอง จ.ร้อยเอ็ด 45110,เขตพื้นที่การศึกษาร้อยเอ็ด เขต 3
ดอนชาด,ต.อุ่มเม่า อ.โพนทอง จ.ร้อยเอ็ด 45110,เขตพื้นที่การศึกษาร้อยเอ็ด เขต 3
ดอนควาย,ต.สะอาด อ.โพธิ์ชัย จ.ร้อยเอ็ด 45230,เขตพื้นที่การศึกษาร้อยเอ็ด เขต 3
ดงยาง,ต.ดอนโอง อ.โพธิ์ชัย จ.ร้อยเอ็ด 45230,เขตพื้นที่การศึกษาร้อยเอ็ด เขต 3
ดอนเรือ,ต.ดอนโอง อ.โพธิ์ชัย จ.ร้อยเอ็ด 45230,เขตพื้นที่การศึกษาร้อยเอ็ด เขต 3
ดอนโองท่าวารีวิทยาสรรค์,ต.ดอนโอง อ.โพธิ์ชัย จ.ร้อยเอ็ด 45230,เขตพื้นที่การศึกษาร้อยเอ็ด เขต 3
ดอนน้อยท่าแห่ตาลม,ต.เมืองไพร อ.เสลภูมิ จ.ร้อยเอ็ด 45120,เขตพื้นที่การศึกษาร้อยเอ็ด เขต 3
ดงหวาย,ต.เกาะแก้ว อ.เสลภูมิ จ.ร้อยเอ็ด 45120,เขตพื้นที่การศึกษาร้อยเอ็ด เขต 3
ดงแจ้งโนนสูง,ต.เหล่าน้อย อ.เสลภูมิ จ.ร้อยเอ็ด 45120,เขตพื้นที่การศึกษาร้อยเอ็ด เขต 3
ดงประเสริฐ,ต.ขวัญเมือง อ.เสลภูมิ จ.ร้อยเอ็ด 45120,เขตพื้นที่การศึกษาร้อยเอ็ด เขต 3
ดอนยาง,ต.สระคู อ.สุวรรณภูมิ จ.ร้อยเอ็ด 45130,เขตพื้นที่การศึกษาร้อยเอ็ด เขต 2
ดอกไม้,ต.ดอกไม้ อ.สุวรรณภูมิ จ.ร้อยเอ็ด 45130,เขตพื้นที่การศึกษาร้อยเอ็ด เขต 2
ดอนแคน,ต.ทุ่งกุลา อ.สุวรรณภูมิ จ.ร้อยเอ็ด 45130,เขตพื้นที่การศึกษาร้อยเอ็ด เขต 2
ดอนหม่วย,ต.โพนทราย อ.โพนทราย จ.ร้อยเอ็ด 45240,เขตพื้นที่การศึกษาร้อยเอ็ด เขต 2
ดงหมากไฟ,ต.ศรีสว่าง อ.โพนทราย จ.ร้อยเอ็ด 45240,เขตพื้นที่การศึกษาร้อยเอ็ด เขต 2
ดอนขาม,ต.ศรีสว่าง อ.โพนทราย จ.ร้อยเอ็ด 45240,เขตพื้นที่การศึกษาร้อยเอ็ด เขต 2
ดงบัง,ต.โพนเมือง อ.อาจสามารถ จ.ร้อยเอ็ด 45160,เขตพื้นที่การศึกษาร้อยเอ็ด เขต 2
ดงสว่าง,ต.หนองขาม อ.อาจสามารถ จ.ร้อยเอ็ด 45160,เขตพื้นที่การศึกษาร้อยเอ็ด เขต 2
ดงเมืองจอก,ต.บ้านดู่ อ.อาจสามารถ จ.ร้อยเอ็ด 45160,เขตพื้นที่การศึกษาร้อยเอ็ด เขต 2
ดู่,ต.บ้านดู่ อ.อาจสามารถ จ.ร้อยเอ็ด 45160,เขตพื้นที่การศึกษาร้อยเอ็ด เขต 2
ดงสิงห์(ดำรงราษฎร์สามัคคี),ต.ดงสิงห์ อ.จังหาร จ.ร้อยเอ็ด 45270,เขตพื้นที่การศึกษาร้อยเอ็ด เขต 1
ดงเครือวัลย์,ต.ผักแว่น อ.จังหาร จ.ร้อยเอ็ด 45270,เขตพื้นที่การศึกษาร้อยเอ็ด เขต 1
ดอนแดง,ต.เชียงขวัญ อ.เชียงขวัญ จ.ร้อยเอ็ด 45000,เขตพื้นที่การศึกษาร้อยเอ็ด เขต 1
ดอนวิเวก(วิเวกวิทยาคาร),ต.พระธาตุ อ.เชียงขวัญ จ.ร้อยเอ็ด 45170,เขตพื้นที่การศึกษาร้อยเอ็ด เขต 1
ดอนสำราญ,ต.พระธาตุ อ.เชียงขวัญ จ.ร้อยเอ็ด 45000,เขตพื้นที่การศึกษาร้อยเอ็ด เขต 1
ดงบัง(พิกุลศึกษาคาร),ต.พระเจ้า อ.เชียงขวัญ จ.ร้อยเอ็ด 45000,เขตพื้นที่การศึกษาร้อยเอ็ด เขต 1
ดอนพยอมน้อย,ต.บ้านเขือง อ.เชียงขวัญ จ.ร้อยเอ็ด 45000,เขตพื้นที่การศึกษาร้อยเอ็ด เขต 1
ดอนแดง,ต.สาวแห อ.หนองฮี จ.ร้อยเอ็ด 45140,เขตพื้นที่การศึกษาร้อยเอ็ด เขต 2
ดูกอึ่งศรีเจริญ(ศรีปัญญาวิทยาคม),ต.ดูกอึ่ง อ.หนองฮี จ.ร้อยเอ็ด 45140,เขตพื้นที่การศึกษาร้อยเอ็ด เขต 2
ดงเย็น,ต.เด่นราษฎร์ อ.หนองฮี จ.ร้อยเอ็ด 45140,เขตพื้นที่การศึกษาร้อยเอ็ด เขต 2
ดอนแก้ว,ต.บึงงาม อ.ทุ่งเขาหลวง จ.ร้อยเอ็ด 45170,เขตพื้นที่การศึกษาร้อยเอ็ด เขต 1
ดอนสนวน,ต.หลุบ อ.เมืองกาฬสินธุ์ จ.กาฬสินธุ์ 46000,เขตพื้นที่การศึกษากาฬสินธุ์ เขต 1
ดอนอุมรัว,ต.บัวขาว อ.กุฉินารายณ์ จ.กาฬสินธุ์ 46110,เขตพื้นที่การศึกษากาฬสินธุ์ เขต 3
ดงมัน,ต.สมสะอาด อ.กุฉินารายณ์ จ.กาฬสินธุ์ 46110,เขตพื้นที่การศึกษากาฬสินธุ์ เขต 3
ดงหมู,ต.คุ้มเก่า อ.เขาวง จ.กาฬสินธุ์ 46160,เขตพื้นที่การศึกษากาฬสินธุ์ เขต 3
ดงน้อย,ต.หนองอิเฒ่า อ.ยางตลาด จ.กาฬสินธุ์ 46120,เขตพื้นที่การศึกษากาฬสินธุ์ เขต 2
ดอนกลอย(พิลาศอุปถัมภ์),ต.หนองอิเฒ่า อ.ยางตลาด จ.กาฬสินธุ์ 46120,เขตพื้นที่การศึกษากาฬสินธุ์ เขต 2
ดงอัคคะ,ต.คลองขาม อ.ยางตลาด จ.กาฬสินธุ์ 46120,เขตพื้นที่การศึกษากาฬสินธุ์ เขต 2
ดินจี่,ต.ดินจี่ อ.คำม่วง จ.กาฬสินธุ์ 46180,เขตพื้นที่การศึกษากาฬสินธุ์ เขต 3
ดงสวนพัฒนา,ต.นาทัน อ.คำม่วง จ.กาฬสินธุ์ 46180,เขตพื้นที่การศึกษากาฬสินธุ์ เขต 3
ดงแหลม,ต.หมูม่น อ.สมเด็จ จ.กาฬสินธุ์ 46150,เขตพื้นที่การศึกษากาฬสินธุ์ เขต 3
ดอนหมูโพธิ์ศรี(ชุมชนพัฒนา),ต.งิ้วด่อน อ.เมืองสกลนคร จ.สกลนคร 47000,เขตพื้นที่การศึกษาสกลนคร เขต 1
ดอนสัมพันธ์,ต.หนองลาด อ.เมืองสกลนคร จ.สกลนคร 47220,เขตพื้นที่การศึกษาสกลนคร เขต 1
ดอนแคน(คุรุราษฎร์ผดุงวิทย์),ต.หนองลาด อ.เมืองสกลนคร จ.สกลนคร 47220,เขตพื้นที่การศึกษาสกลนคร เขต 1
ดอนเชียงคูณ,ต.เชียงเครือ อ.เมืองสกลนคร จ.สกลนคร 47000,เขตพื้นที่การศึกษาสกลนคร เขต 1
ดงยอสามัคคีพิทยาศิลป์,ต.พังขว้าง อ.เมืองสกลนคร จ.สกลนคร 47000,เขตพื้นที่การศึกษาสกลนคร เขต 1
ดงขุมข้าว,ต.พังขว้าง อ.เมืองสกลนคร จ.สกลนคร 47000,เขตพื้นที่การศึกษาสกลนคร เขต 1
ดงขวาง,ต.ดงมะไฟ อ.เมืองสกลนคร จ.สกลนคร 47000,เขตพื้นที่การศึกษาสกลนคร เขต 1
ดงมะไฟสามัคคีราษฎร์อุทิศ,ต.ดงมะไฟ อ.เมืองสกลนคร จ.สกลนคร 47000,เขตพื้นที่การศึกษาสกลนคร เขต 1
ดอนยาง(สหราษฎร์บำรุงวิทย์),ต.เหล่าปอแดง อ.เมืองสกลนคร จ.สกลนคร 47000,เขตพื้นที่การศึกษาสกลนคร เขต 1
ดอนม่วย,ต.ช้างมิ่ง อ.พรรณานิคม จ.สกลนคร 47130,เขตพื้นที่การศึกษาสกลนคร เขต 2
ดอนกอย,ต.สว่าง อ.พรรณานิคม จ.สกลนคร 47130,เขตพื้นที่การศึกษาสกลนคร เขต 2
ดอนตาลโนนสูง,ต.พังโคน อ.พังโคน จ.สกลนคร 47160,เขตพื้นที่การศึกษาสกลนคร เขต 2
ดอนหวาย,ต.ม่วงไข่ อ.พังโคน จ.สกลนคร 47160,เขตพื้นที่การศึกษาสกลนคร เขต 2
ดงสวรรค์หนองนกกด,ต.ไฮหย่อง อ.พังโคน จ.สกลนคร 47160,เขตพื้นที่การศึกษาสกลนคร เขต 2
ดอนดู่,ต.ต้นผึ้ง อ.พังโคน จ.สกลนคร 47160,เขตพื้นที่การศึกษาสกลนคร เขต 2
ดงคำโพธิ์,ต.ปลาโหล อ.วาริชภูมิ จ.สกลนคร 47150,เขตพื้นที่การศึกษาสกลนคร เขต 2
ดอนยานาง,ต.ปลาโหล อ.วาริชภูมิ จ.สกลนคร 47150,เขตพื้นที่การศึกษาสกลนคร เขต 2
ดอนยาวประชากรอุปการ,ต.หนองลาด อ.วาริชภูมิ จ.สกลนคร 47150,เขตพื้นที่การศึกษาสกลนคร เขต 2
ดงบัง,ต.ค้อเขียว อ.วาริชภูมิ จ.สกลนคร 47150,เขตพื้นที่การศึกษาสกลนคร เขต 2
ดอนส้มโฮงวิทยาคม,ต.ค้อเขียว อ.วาริชภูมิ จ.สกลนคร 47150,เขตพื้นที่การศึกษาสกลนคร เขต 2
ดงสว่าง,ต.นิคมน้ำอูน อ.นิคมน้ำอูน จ.สกลนคร 47270,เขตพื้นที่การศึกษาสกลนคร เขต 2
ดอนแดง,ต.ศรีวิชัย อ.วานรนิวาส จ.สกลนคร 47120,เขตพื้นที่การศึกษาสกลนคร เขต 3
ดอนยานาง,ต.นาซอ อ.วานรนิวาส จ.สกลนคร 47120,เขตพื้นที่การศึกษาสกลนคร เขต 3
ดอนมูย,ต.นาคำ อ.วานรนิวาส จ.สกลนคร 47120,เขตพื้นที่การศึกษาสกลนคร เขต 3
ดอนคำ,ต.นาแต้ อ.คำตากล้า จ.สกลนคร 47250,เขตพื้นที่การศึกษาสกลนคร เขต 3
ดงบัง,ต.แพด อ.คำตากล้า จ.สกลนคร 47250,เขตพื้นที่การศึกษาสกลนคร เขต 3
ดงอีด่อย,ต.แพด อ.คำตากล้า จ.สกลนคร 47250,เขตพื้นที่การศึกษาสกลนคร เขต 3
ดงยาง,ต.ม่วง อ.บ้านม่วง จ.สกลนคร 47140,เขตพื้นที่การศึกษาสกลนคร เขต 3
ดงห้วยเปลือย,ต.ดงหม้อทอง อ.บ้านม่วง จ.สกลนคร 47140,เขตพื้นที่การศึกษาสกลนคร เขต 3
ดงเหนือ,ต.ดงเหนือ อ.บ้านม่วง จ.สกลนคร 47140,เขตพื้นที่การศึกษาสกลนคร เขต 3
ดอนแดงคำอ้อ,ต.ดงเหนือ อ.บ้านม่วง จ.สกลนคร 47140,เขตพื้นที่การศึกษาสกลนคร เขต 3
ดงหม้อทอง,ต.ดงหม้อทองใต้ อ.บ้านม่วง จ.สกลนคร 47140,เขตพื้นที่การศึกษาสกลนคร เขต 3
ด่านสมบูรณ์,ต.ดงหม้อทองใต้ อ.บ้านม่วง จ.สกลนคร 47140,เขตพื้นที่การศึกษาสกลนคร เขต 3
ดอนแดงเม่นใหญ่,ต.อากาศ อ.อากาศอำนวย จ.สกลนคร,เขตพื้นที่การศึกษาสกลนคร เขต 3
ดงมะกุ้ม,ต.โพนงาม อ.อากาศอำนวย จ.สกลนคร 47170,เขตพื้นที่การศึกษาสกลนคร เขต 3
ดงสาร,ต.โพนงาม อ.อากาศอำนวย จ.สกลนคร 47110,เขตพื้นที่การศึกษาสกลนคร เขต 3
ดงเสียว,ต.โพนงาม อ.อากาศอำนวย จ.สกลนคร 47170,เขตพื้นที่การศึกษาสกลนคร เขต 3
ดอนแดง,ต.ท่าก้อน อ.อากาศอำนวย จ.สกลนคร 47170,เขตพื้นที่การศึกษาสกลนคร เขต 3
ดอนทอย,ต.สามัคคีพัฒนา อ.อากาศอำนวย จ.สกลนคร 47170,เขตพื้นที่การศึกษาสกลนคร เขต 3
ดงสวรรค์(คุรุราษฎร์รังสรรค์),ต.สว่างแดนดิน อ.สว่างแดนดิน จ.สกลนคร 47110,เขตพื้นที่การศึกษาสกลนคร เขต 2
ดงจันทูหนองไผ่(ราษฎร์บำรุง),ต.คำสะอาด อ.สว่างแดนดิน จ.สกลนคร 47110,เขตพื้นที่การศึกษาสกลนคร เขต 2
ดอนม่วงไข่,ต.บ้านต้าย อ.สว่างแดนดิน จ.สกลนคร 47110,เขตพื้นที่การศึกษาสกลนคร เขต 2
ดอนหัน,ต.บงเหนือ อ.สว่างแดนดิน จ.สกลนคร 47110,เขตพื้นที่การศึกษาสกลนคร เขต 2
ดอนเชียงยืน,ต.โพนสูง อ.สว่างแดนดิน จ.สกลนคร 47110,เขตพื้นที่การศึกษาสกลนคร เขต 2
ดอนยานาง(อ.สว่างแดนดิน),ต.ทรายมูล อ.สว่างแดนดิน จ.สกลนคร 47110,เขตพื้นที่การศึกษาสกลนคร เขต 2
ดงแสนตอ(ผดุงราษฎร์วิทยาคาร),ต.วัฒนา อ.ส่องดาว จ.สกลนคร 47190,เขตพื้นที่การศึกษาสกลนคร เขต 2
ดงหลวง,ต.บึงทวาย อ.เต่างอย จ.สกลนคร 47260,เขตพื้นที่การศึกษาสกลนคร เขต 1
ดงหนองเหียน,ต.เหล่าโพนค้อ อ.โคกศรีสุพรรณ จ.สกลนคร 47280,เขตพื้นที่การศึกษาสกลนคร เขต 1
ด่านม่วงคำ,ต.ด่านม่วงคำ อ.โคกศรีสุพรรณ จ.สกลนคร 47280,เขตพื้นที่การศึกษาสกลนคร เขต 1
ดงบัง(คุรุราษฎร์อุทิศ),ต.บ้านเหล่า อ.เจริญศิลป์ จ.สกลนคร,เขตพื้นที่การศึกษาสกลนคร เขต 3
ดงบาก,ต.บ้านเหล่า อ.เจริญศิลป์ จ.สกลนคร,เขตพื้นที่การศึกษาสกลนคร เขต 3
ดอนชัยวิทยา,ต.ทุ่งแก อ.เจริญศิลป์ จ.สกลนคร 47290,เขตพื้นที่การศึกษาสกลนคร เขต 3
ดงสง่า,ต.หนองแปน อ.เจริญศิลป์ จ.สกลนคร,เขตพื้นที่การศึกษาสกลนคร เขต 3
ดอนยานาง,ต.นาทราย อ.เมืองนครพนม จ.นครพนม 48000,เขตพื้นที่การศึกษานครพนม เขต 1
ดงสว่าง,ต.บ้านผึ้ง อ.เมืองนครพนม จ.นครพนม 48000,เขตพื้นที่การศึกษานครพนม เขต 1
ดอนม่วง,ต.บ้านผึ้ง อ.เมืองนครพนม จ.นครพนม 48000,เขตพื้นที่การศึกษานครพนม เขต 1
ดงติ้ว,ต.บ้านกลาง อ.เมืองนครพนม จ.นครพนม 48000,เขตพื้นที่การศึกษานครพนม เขต 1
ดงยอ,ต.บ้านกลาง อ.เมืองนครพนม จ.นครพนม 48000,เขตพื้นที่การศึกษานครพนม เขต 1
ดงหมู,ต.ท่าค้อ อ.เมืองนครพนม จ.นครพนม 48000,เขตพื้นที่การศึกษานครพนม เขต 1
ดอนแดง,ต.คำเตย อ.เมืองนครพนม จ.นครพนม 48000,เขตพื้นที่การศึกษานครพนม เขต 1
ดงโชค,ต.หนองญาติ อ.เมืองนครพนม จ.นครพนม 48000,เขตพื้นที่การศึกษานครพนม เขต 1
ดงต้อง,ต.ดงขวาง อ.เมืองนครพนม จ.นครพนม 48000,เขตพื้นที่การศึกษานครพนม เขต 1
ดอนดู่,ต.กุตาไก้ อ.ปลาปาก จ.นครพนม 48160,เขตพื้นที่การศึกษานครพนม เขต 1
ดอนกลาง,ต.มหาชัย อ.ปลาปาก จ.นครพนม 48160,เขตพื้นที่การศึกษานครพนม เขต 1
ดอนแดง,ต.ท่าจำปา อ.ท่าอุเทน จ.นครพนม 48120,เขตพื้นที่การศึกษานครพนม เขต 2
ดอนติ้ว,ต.ท่าจำปา อ.ท่าอุเทน จ.นครพนม 48120,เขตพื้นที่การศึกษานครพนม เขต 2
ดอนดู่,ต.ไชยบุรี อ.ท่าอุเทน จ.นครพนม 48120,เขตพื้นที่การศึกษานครพนม เขต 2
ดง,ต.พนอม อ.ท่าอุเทน จ.นครพนม 48120,เขตพื้นที่การศึกษานครพนม เขต 2
ดอนติ้ว(ยาสูบสงเคราะห์),ต.บ้านแพง อ.บ้านแพง จ.นครพนม 48140,เขตพื้นที่การศึกษานครพนม เขต 2
ดอนสะฝาง,ต.โพนทอง อ.บ้านแพง จ.นครพนม 48140,เขตพื้นที่การศึกษานครพนม เขต 2
ดอนบาก,ต.นางัว อ.บ้านแพง จ.นครพนม 48140,เขตพื้นที่การศึกษานครพนม เขต 2
ดอนกลาง,ต.หนองแวง อ.บ้านแพง จ.นครพนม 48140,เขตพื้นที่การศึกษานครพนม เขต 2
ดงก้อม,ต.นาถ่อน อ.ธาตุพนม จ.นครพนม 48110,เขตพื้นที่การศึกษานครพนม เขต 1
ดงป่ายูง,ต.นาถ่อน อ.ธาตุพนม จ.นครพนม 48110,เขตพื้นที่การศึกษานครพนม เขต 1
ดงยอ,ต.นาถ่อน อ.ธาตุพนม จ.นครพนม 48110,เขตพื้นที่การศึกษานครพนม เขต 1
ดงขวาง,ต.แสนพัน อ.ธาตุพนม จ.นครพนม 48110,เขตพื้นที่การศึกษานครพนม เขต 1
ดอนนางหงส์(หงส์ทองวิทยาคาร),ต.ดอนนางหงส์ อ.ธาตุพนม จ.นครพนม 48110,เขตพื้นที่การศึกษานครพนม เขต 1
ดอนข้าวหลาม,ต.น้ำก่ำ อ.ธาตุพนม จ.นครพนม 48110,เขตพื้นที่การศึกษานครพนม เขต 1
ดอนสวรรค์,ต.อุ่มเหม้า อ.ธาตุพนม จ.นครพนม 48110,เขตพื้นที่การศึกษานครพนม เขต 1
ดอนแดง,ต.ธาตุพนมเหนือ อ.ธาตุพนม จ.นครพนม 48110,เขตพื้นที่การศึกษานครพนม เขต 1
ดงบาก,ต.โพนทอง อ.เรณูนคร จ.นครพนม 48170,เขตพื้นที่การศึกษานครพนม เขต 1
ดงมะเอก,ต.โพนทอง อ.เรณูนคร จ.นครพนม 48170,เขตพื้นที่การศึกษานครพนม เขต 1
ดอนกกโพธิ์ค่ายเสรีวิทยา,ต.นางาม อ.เรณูนคร จ.นครพนม 48170,เขตพื้นที่การศึกษานครพนม เขต 1
ดอนขาว,ต.นาขาม อ.เรณูนคร จ.นครพนม 48170,เขตพื้นที่การศึกษานครพนม เขต 1
ดงอินำ,ต.พระซอง อ.นาแก จ.นครพนม 48130,เขตพื้นที่การศึกษานครพนม เขต 1
ดงน้อยพัฒนา,ต.พิมาน อ.นาแก จ.นครพนม 48130,เขตพื้นที่การศึกษานครพนม เขต 1
ดอนโทน,ต.ก้านเหลือง อ.นาแก จ.นครพนม 48130,เขตพื้นที่การศึกษานครพนม เขต 1
ดงดู่งาม,ต.หนองบ่อ อ.นาแก จ.นครพนม 48130,เขตพื้นที่การศึกษานครพนม เขต 1
ดินดำหมากเฟือง,ต.หนองบ่อ อ.นาแก จ.นครพนม 48130,เขตพื้นที่การศึกษานครพนม เขต 1
ดงขวาง,ต.บ้านเอื้อง อ.ศรีสงคราม จ.นครพนม 48150,เขตพื้นที่การศึกษานครพนม เขต 2
ดงน้อย,ต.สามผง อ.ศรีสงคราม จ.นครพนม 48150,เขตพื้นที่การศึกษานครพนม เขต 2
ดอนแดง,ต.ท่าบ่อสงคราม อ.ศรีสงคราม จ.นครพนม 48150,เขตพื้นที่การศึกษานครพนม เขต 2
ดอนมะจ่าง,ต.ท่าบ่อสงคราม อ.ศรีสงคราม จ.นครพนม 48150,เขตพื้นที่การศึกษานครพนม เขต 2
ดอนสมอ,ต.ท่าบ่อสงคราม อ.ศรีสงคราม จ.นครพนม 48150,เขตพื้นที่การศึกษานครพนม เขต 2
ดงหนองบัว,ต.บ้านข่า อ.ศรีสงคราม จ.นครพนม 48150,เขตพื้นที่การศึกษานครพนม เขต 2
ดอนแดง,ต.บ้านเสียว อ.นาหว้า จ.นครพนม 48180,เขตพื้นที่การศึกษานครพนม เขต 2
ดอนพะธาย,ต.บ้านเสียว อ.นาหว้า จ.นครพนม 48180,เขตพื้นที่การศึกษานครพนม เขต 2
ดอนปอหนองโอง,ต.เหล่าพัฒนา อ.นาหว้า จ.นครพนม 48180,เขตพื้นที่การศึกษานครพนม เขต 2
ดอนศาลา,ต.เหล่าพัฒนา อ.นาหว้า จ.นครพนม 48180,เขตพื้นที่การศึกษานครพนม เขต 2
ดงวิทยาคาร,ต.นาขมิ้น อ.โพนสวรรค์ จ.นครพนม 48190,เขตพื้นที่การศึกษานครพนม เขต 2
ดอนยางทุ่งน้อย,ต.นาขมิ้น อ.โพนสวรรค์ จ.นครพนม 48190,เขตพื้นที่การศึกษานครพนม เขต 2
ดอนแดงดอนดู่,ต.นาทม อ.นาทม จ.นครพนม 48140,เขตพื้นที่การศึกษานครพนม เขต 2
ดอนเตย,ต.ดอนเตย อ.นาทม จ.นครพนม 48140,เขตพื้นที่การศึกษานครพนม เขต 2
ดานคำ,ต.มุกดาหาร อ.เมืองมุกดาหาร จ.มุกดาหาร 49000,เขตพื้นที่การศึกษามุกดาหาร เขต 1
ดอนม่วย,ต.บางทรายใหญ่ อ.เมืองมุกดาหาร จ.มุกดาหาร 49000,เขตพื้นที่การศึกษามุกดาหาร เขต 1
ดงเย็น,ต.ดงเย็น อ.เมืองมุกดาหาร จ.มุกดาหาร 49000,เขตพื้นที่การศึกษามุกดาหาร เขต 1
ดงมอน,ต.ดงมอน อ.เมืองมุกดาหาร จ.มุกดาหาร 49000,เขตพื้นที่การศึกษามุกดาหาร เขต 1
ดงยาง2,ต.กุดแข้ อ.เมืองมุกดาหาร จ.มุกดาหาร 49000,เขตพื้นที่การศึกษามุกดาหาร เขต 1
ด่านมน,ต.นิคมคำสร้อย อ.นิคมคำสร้อย จ.มุกดาหาร 49130,เขตพื้นที่การศึกษามุกดาหาร เขต 1
ดง,ต.บ้านแก้ง อ.ดอนตาล จ.มุกดาหาร 49120,เขตพื้นที่การศึกษามุกดาหาร เขต 1
ดงหลวง,ต.ดงหลวง อ.ดงหลวง จ.มุกดาหาร 49140,เขตพื้นที่การศึกษามุกดาหาร เขต 1
ดงยาง1,ต.บ้านค้อ อ.คำชะอี จ.มุกดาหาร 49110,เขตพื้นที่การศึกษามุกดาหาร เขต 1
ดอนป่าแคน,ต.โพนงาม อ.คำชะอี จ.มุกดาหาร 49110,เขตพื้นที่การศึกษามุกดาหาร เขต 1
ดอนปิน,ต.แม่เหียะ อ.เมืองเชียงใหม่ จ.เชียงใหม่ 50100,เขตพื้นที่การศึกษาเชียงใหม่ เขต 1
ดอน,ต.เชียงดาว อ.เชียงดาว จ.เชียงใหม่ 50170,เขตพื้นที่การศึกษาเชียงใหม่ เขต 3
ดอนแก้ว,ต.ดอนแก้ว อ.แม่ริม จ.เชียงใหม่ 50180,เขตพื้นที่การศึกษาเชียงใหม่ เขต 2
ดอนตัน,ต.เหมืองแก้ว อ.แม่ริม จ.เชียงใหม่,เขตพื้นที่การศึกษาเชียงใหม่ เขต 2
ดงป่าลัน,ต.แม่ข่า อ.ฝาง จ.เชียงใหม่ 50320,เขตพื้นที่การศึกษาเชียงใหม่ เขต 3
ดอนชัย,ต.แม่อาย อ.แม่อาย จ.เชียงใหม่ 50280,เขตพื้นที่การศึกษาเชียงใหม่ เขต 3
ดอนชัยสาขาบ้านตาดหมอก,ต.แม่อาย อ.แม่อาย จ.เชียงใหม่ 50280,เขตพื้นที่การศึกษาเชียงใหม่ เขต 3
ดง,ต.แม่สาว อ.แม่อาย จ.เชียงใหม่ 50280,เขตพื้นที่การศึกษาเชียงใหม่ เขต 3
ดอนปิน,ต.แช่ช้าง อ.สันกำแพง จ.เชียงใหม่ 50130,เขตพื้นที่การศึกษาเชียงใหม่ เขต 1
ดงเจริญชัย,ต.หนองแหย่ง อ.สันทราย จ.เชียงใหม่ 50210,เขตพื้นที่การศึกษาเชียงใหม่ เขต 2
ดง,ต.หางดง อ.หางดง จ.เชียงใหม่ 50230,เขตพื้นที่การศึกษาเชียงใหม่ เขต 4
ดอยคำ,ต.หางดง อ.ฮอด จ.เชียงใหม่ 50240,เขตพื้นที่การศึกษาเชียงใหม่ เขต 5
ดงดำ,ต.ฮอด อ.ฮอด จ.เชียงใหม่ 50240,เขตพื้นที่การศึกษาเชียงใหม่ เขต 5
ดอกแดง,ต.บ่อสลี อ.ฮอด จ.เชียงใหม่ 50240,เขตพื้นที่การศึกษาเชียงใหม่ เขต 5
ดงป่าหวาย,ต.ดอยหล่อ อ.ดอยหล่อ จ.เชียงใหม่ 50160,เขตพื้นที่การศึกษาเชียงใหม่ เขต 4
ดอยน้อย,ต.ดอยหล่อ อ.ดอยหล่อ จ.เชียงใหม่ 50160,เขตพื้นที่การศึกษาเชียงใหม่ เขต 4
ดอยหล่อ,ต.ดอยหล่อ อ.ดอยหล่อ จ.เชียงใหม่ 50160,เขตพื้นที่การศึกษาเชียงใหม่ เขต 4
ดงสารภี,ต.ทาสบเส้า อ.แม่ทา จ.ลำพูน 51140,เขตพื้นที่การศึกษาลำพูน เขต 1
ดอยแก้ว,ต.ทาสบเส้า อ.แม่ทา จ.ลำพูน 51140,เขตพื้นที่การศึกษาลำพูน เขต 1
ดอยคำ,ต.ทากาศ อ.แม่ทา จ.ลำพูน 51170,เขตพื้นที่การศึกษาลำพูน เขต 1
ดอยคำ สาขาแม่ขนาด,ต.ทากาศ อ.แม่ทา จ.ลำพูน 51170,เขตพื้นที่การศึกษาลำพูน เขต 1
ดอยครั่ง,ต.ทาขุมเงิน อ.แม่ทา จ.ลำพูน 51170,เขตพื้นที่การศึกษาลำพูน เขต 1
ดงฤาษี,ต.บ้านโฮ่ง อ.บ้านโฮ่ง จ.ลำพูน 51130,เขตพื้นที่การศึกษาลำพูน เขต 2
ดอยแดน,ต.เหล่ายาว อ.บ้านโฮ่ง จ.ลำพูน 51130,เขตพื้นที่การศึกษาลำพูน เขต 2
ดงสักงาม,ต.ป่าไผ่ อ.ลี้ จ.ลำพูน 51110,เขตพื้นที่การศึกษาลำพูน เขต 2
ดง,ต.ทุ่งหัวช้าง อ.ทุ่งหัวช้าง จ.ลำพูน 51160,เขตพื้นที่การศึกษาลำพูน เขต 2
ดอนมูล,ต.บ้านปวง อ.ทุ่งหัวช้าง จ.ลำพูน 51160,เขตพื้นที่การศึกษาลำพูน เขต 2
ดอนตอง,ต.แม่แรง อ.ป่าซาง จ.ลำพูน 51120,เขตพื้นที่การศึกษาลำพูน เขต 1
ดอยเวียง,ต.บ้านธิ อ.บ้านธิ จ.ลำพูน 51180,เขตพื้นที่การศึกษาลำพูน เขต 1
ดอนธรรม,ต.ใหม่พัฒนา อ.เกาะคา จ.ลำปาง 52130,เขตพื้นที่การศึกษาลำปาง เขต 2
ดอนธรรม (สาขาบ้านต้นผึ้ง),ต.ใหม่พัฒนา อ.เกาะคา จ.ลำปาง 52130,เขตพื้นที่การศึกษาลำปาง เขต 2
ดอนแก้ว,ต.ร่องเคาะ อ.วังเหนือ จ.ลำปาง 52140,เขตพื้นที่การศึกษาลำปาง เขต 3
ดอนไชย,ต.ล้อมแรด อ.เถิน จ.ลำปาง 52160,เขตพื้นที่การศึกษาลำปาง เขต 2
ดอนไฟ,ต.ดอนไฟ อ.แม่ทะ จ.ลำปาง 52150,เขตพื้นที่การศึกษาลำปาง เขต 2
ดอนหัววัง,ต.เวียงตาล อ.ห้างฉัตร จ.ลำปาง 52100,เขตพื้นที่การศึกษาลำปาง เขต 1
ดอนแก้ว,ต.เมืองปาน อ.เมืองปาน จ.ลำปาง 52240,เขตพื้นที่การศึกษาลำปาง เขต 3
ดอนไชย,ต.เมืองปาน อ.เมืองปาน จ.ลำปาง 52240,เขตพื้นที่การศึกษาลำปาง เขต 3
ดอยลังกาสาขาบ้านแม่แจ๋ม,ต.แจ้ซ้อน อ.เมืองปาน จ.ลำปาง 52240,เขตพื้นที่การศึกษาลำปาง เขต 3
ดงช้างดี,ต.หาดกรวด อ.เมืองอุตรดิตถ์ จ.อุตรดิตถ์ 53000,เขตพื้นที่การศึกษาอุตรดิตถ์ เขต 1
ดารา,ต.บ้านดารา อ.พิชัย จ.อุตรดิตถ์ 53220,เขตพื้นที่การศึกษาอุตรดิตถ์ เขต 1
ดินแดง,ต.ไร่อ้อย อ.พิชัย จ.อุตรดิตถ์ 53120,เขตพื้นที่การศึกษาอุตรดิตถ์ เขต 1
ดอนโพ,ต.บ้านหม้อ อ.พิชัย จ.อุตรดิตถ์ 53120,เขตพื้นที่การศึกษาอุตรดิตถ์ เขต 1
ดง(ธรรมาราษฎร์นุสรณ์),ต.สวนเขื่อน อ.เมืองแพร่ จ.แพร่ 54000,เขตพื้นที่การศึกษาแพร่ เขต 1
ดอนดี(ประชานุกูล),ต.กาญจนา อ.เมืองแพร่ จ.แพร่ 54000,เขตพื้นที่การศึกษาแพร่ เขต 1
ดอนมูล,ต.ร้องเข็ม อ.ร้องกวาง จ.แพร่ 54000,เขตพื้นที่การศึกษาแพร่ เขต 1
ดอนชุม(พิริยเทพวงศ์อนุสรณ์),ต.แม่ยางร้อง อ.ร้องกวาง จ.แพร่ 54140,เขตพื้นที่การศึกษาแพร่ เขต 1
ดอนมูล(สุวรรณสาราษฎร์บำรุง),ต.ห้วยอ้อ อ.ลอง จ.แพร่ 54150,เขตพื้นที่การศึกษาแพร่ เขต 2
ดอนชัย(กันทราษฎร์วิทยาคาร),ต.หัวฝาย อ.สูงเม่น จ.แพร่ 54130,เขตพื้นที่การศึกษาแพร่ เขต 2
ดอนแท่น(ประชานุสรณ์),ต.ดอนมูล อ.สูงเม่น จ.แพร่ 54130,เขตพื้นที่การศึกษาแพร่ เขต 2
ดงสุระ,ต.แม่จั๊วะ อ.เด่นชัย จ.แพร่ 54110,เขตพื้นที่การศึกษาแพร่ เขต 2
ดอนแก้ว(อาสาพัฒนาอินทรราษฎร์วิทยา),ต.ห้วยหม้าย อ.สอง จ.แพร่ 54120,เขตพื้นที่การศึกษาแพร่ เขต 1
ดงเจริญ(วงค์ประชานุกูล),ต.หัวเมือง อ.สอง จ.แพร่ 54120,เขตพื้นที่การศึกษาแพร่ เขต 1
ดอนชัย(ประชาอุทิศ),ต.สะเอียบ อ.สอง จ.แพร่ 54120,เขตพื้นที่การศึกษาแพร่ เขต 1
ดอน(ศรีเสริมกสิกร),ต.ในเวียง อ.เมืองน่าน จ.น่าน 55000,เขตพื้นที่การศึกษาน่าน เขต 1
ดอนเฟือง,ต.เรือง อ.เมืองน่าน จ.น่าน 55000,เขตพื้นที่การศึกษาน่าน เขต 1
ดอนน้ำครก,ต.กองควาย อ.เมืองน่าน จ.น่าน 55000,เขตพื้นที่การศึกษาน่าน เขต 1
ดู่,ต.บ้านฟ้า อ.บ้านหลวง จ.น่าน 55180,เขตพื้นที่การศึกษาน่าน เขต 1
ดอนหล่ายทุ่ง,ต.สวด อ.บ้านหลวง จ.น่าน 55190,เขตพื้นที่การศึกษาน่าน เขต 1
ดอย,ต.สวด อ.บ้านหลวง จ.น่าน 55190,เขตพื้นที่การศึกษาน่าน เขต 1
ดอนมูล (แงง),ต.แงง อ.ปัว จ.น่าน 55120,เขตพื้นที่การศึกษาน่าน เขต 2
ดอนมูล (ศิลาเพชร),ต.ศิลาเพชร อ.ปัว จ.น่าน 55120,เขตพื้นที่การศึกษาน่าน เขต 2
ดอยติ้ว,ต.ศรีภูมิ อ.ท่าวังผา จ.น่าน 55140,เขตพื้นที่การศึกษาน่าน เขต 2
ดอนไชย,ต.กลางเวียง อ.เวียงสา จ.น่าน 55110,เขตพื้นที่การศึกษาน่าน เขต 1
ดอนสบเปือ,ต.เปือ อ.เชียงกลาง จ.น่าน 55160,เขตพื้นที่การศึกษาน่าน เขต 2
ดอนแท่น,ต.เชียงคาน อ.เชียงกลาง จ.น่าน 55140,เขตพื้นที่การศึกษาน่าน เขต 2
ดอนแก้ว,ต.พระธาตุ อ.เชียงกลาง จ.น่าน 55160,เขตพื้นที่การศึกษาน่าน เขต 2
ดู่พงษ์,ต.ดู่พงษ์ อ.สันติสุข จ.น่าน 55210,เขตพื้นที่การศึกษาน่าน เขต 1
ดอนไพรวัลย์,ต.พงษ์ อ.สันติสุข จ.น่าน 55210,เขตพื้นที่การศึกษาน่าน เขต 1
ด่าน,ต.ขุนน่าน อ.เฉลิมพระเกียรติ จ.น่าน 55130,เขตพื้นที่การศึกษาน่าน เขต 2
ด่านสาขาบวกหญ้า,ต.ขุนน่าน อ.เฉลิมพระเกียรติ จ.น่าน 55130,เขตพื้นที่การศึกษาน่าน เขต 2
ดอกบัว(ราษฏร์บำรุง),ต.บ้านตุ่น อ.เมืองพะเยา จ.พะเยา 56000,เขตพื้นที่การศึกษาพะเยา เขต 1
ดอกบัว(ราษฎร์บำรุง) สาขาบ้านห้วยหม้อ,ต.บ้านตุ่น อ.เมืองพะเยา จ.พะเยา 56000,เขตพื้นที่การศึกษาพะเยา เขต 1
ดาวเรือง(ธนาคารกรุงเทพ17),ต.จำป่าหวาย อ.เมืองพะเยา จ.พะเยา 56000,เขตพื้นที่การศึกษาพะเยา เขต 1
ดอกบัว (บุญมานุเคราะห์),ต.ท่าวังทอง อ.เมืองพะเยา จ.พะเยา 56000,เขตพื้นที่การศึกษาพะเยา เขต 1
ดอนมูล,ต.จุน อ.จุน จ.พะเยา 56150,เขตพื้นที่การศึกษาพะเยา เขต 2
ดอนลาว,ต.เจดีย์คำ อ.เชียงคำ จ.พะเยา 56110,เขตพื้นที่การศึกษาพะเยา เขต 2
ดอกคำใต้,ต.ดอนศรีชุม อ.ดอกคำใต้ จ.พะเยา 56120,เขตพื้นที่การศึกษาพะเยา เขต 1
ดง,ต.ดงสุวรรณ อ.ดอกคำใต้ จ.พะเยา 56120,เขตพื้นที่การศึกษาพะเยา เขต 1
ดู่,ต.ปง อ.ปง จ.พะเยา 56140,เขตพื้นที่การศึกษาพะเยา เขต 2
ดอนแก้ว,ต.ออย อ.ปง จ.พะเยา 56140,เขตพื้นที่การศึกษาพะเยา เขต 2
ดอนเงิน,ต.ออย อ.ปง จ.พะเยา 56140,เขตพื้นที่การศึกษาพะเยา เขต 2
ดอนไชยป่าแขม,ต.ออย อ.ปง จ.พะเยา 56140,เขตพื้นที่การศึกษาพะเยา เขต 2
ดงบุญนาค,ต.บ้านเหล่า อ.แม่ใจ จ.พะเยา 56130,เขตพื้นที่การศึกษาพะเยา เขต 1
ดงบุญนาคสาขาบ้านสันกำแพง,ต.บ้านเหล่า อ.แม่ใจ จ.พะเยา 56130,เขตพื้นที่การศึกษาพะเยา เขต 1
ดงอินตา,ต.บ้านเหล่า อ.แม่ใจ จ.พะเยา 56130,เขตพื้นที่การศึกษาพะเยา เขต 1
ดอนไชย,ต.เชียงแรง อ.ภูซาง จ.พะเยา 56110,เขตพื้นที่การศึกษาพะเยา เขต 2
ดอนมูล,ต.เชียงแรง อ.ภูซาง จ.พะเยา 56110,เขตพื้นที่การศึกษาพะเยา เขต 2
ดู่(สหราษฎร์พัฒนาคาร),ต.บ้านดู่ อ.เมืองเชียงราย จ.เชียงราย 57100,เขตพื้นที่การศึกษาเชียงราย เขต 1
ดงป่าเหมี้ยง,ต.ห้วยสัก อ.เมืองเชียงราย จ.เชียงราย 57000,เขตพื้นที่การศึกษาเชียงราย เขต 1
ดอยฮาง,ต.ดอยฮาง อ.เมืองเชียงราย จ.เชียงราย 57000,เขตพื้นที่การศึกษาเชียงราย เขต 1
ดอน,ต.ดอนศิลา อ.เวียงชัย จ.เชียงราย 57210,เขตพื้นที่การศึกษาเชียงราย เขต 1
ดอยงาม,ต.ดอนศิลา อ.เวียงชัย จ.เชียงราย 57210,เขตพื้นที่การศึกษาเชียงราย เขต 1
ดอนมูล,ต.เมืองชุม อ.เวียงชัย จ.เชียงราย 57210,เขตพื้นที่การศึกษาเชียงราย เขต 1
ดอนมหาวัน,ต.เวียง อ.เชียงของ จ.เชียงราย 57140,เขตพื้นที่การศึกษาเชียงราย เขต 4
ดอนดินแดง,ต.ปล้อง อ.เทิง จ.เชียงราย 57230,เขตพื้นที่การศึกษาเชียงราย เขต 4
ดอนไชย,ต.หงาว อ.เทิง จ.เชียงราย 57160,เขตพื้นที่การศึกษาเชียงราย เขต 4
ดอนแยง,ต.หงาว อ.เทิง จ.เชียงราย 57160,เขตพื้นที่การศึกษาเชียงราย เขต 4
ดอนไชย(สาขาผาลาด),ต.หงาว อ.เทิง จ.เชียงราย 57160,เขตพื้นที่การศึกษาเชียงราย เขต 4
ดงขนุน,ต.ธารทอง อ.พาน จ.เชียงราย 57250,เขตพื้นที่การศึกษาเชียงราย เขต 2
ดง,ต.แม่เย็น อ.พาน จ.เชียงราย 57280,เขตพื้นที่การศึกษาเชียงราย เขต 2
ดอนตัน,ต.เมืองพาน อ.พาน จ.เชียงราย 57120,เขตพื้นที่การศึกษาเชียงราย เขต 2
ดงเวียง,ต.ทานตะวัน อ.พาน จ.เชียงราย 57280,เขตพื้นที่การศึกษาเชียงราย เขต 2
ดอยสะโง๊ะ,ต.ศรีดอนมูล อ.เชียงแสน จ.เชียงราย 57150,เขตพื้นที่การศึกษาเชียงราย เขต 3
ด้าย(ปาราษฎร์ดำรง),ต.ศรีดอนมูล อ.เชียงแสน จ.เชียงราย 57150,เขตพื้นที่การศึกษาเชียงราย เขต 3
ดอยจัน,ต.โยนก อ.เชียงแสน จ.เชียงราย 57150,เขตพื้นที่การศึกษาเชียงราย เขต 3
ด้าย(เทพกาญจนาอุปถัมภ์),ต.บ้านด้าย อ.แม่สาย จ.เชียงราย 57220,เขตพื้นที่การศึกษาเชียงราย เขต 3
ดอนสลี,ต.ป่าแดด อ.แม่สรวย จ.เชียงราย 57180,เขตพื้นที่การศึกษาเชียงราย เขต 2
ดินดำ,ต.ท่าก๊อ อ.แม่สรวย จ.เชียงราย 57180,เขตพื้นที่การศึกษาเชียงราย เขต 2
ดอยช้าง,ต.วาวี อ.แม่สรวย จ.เชียงราย 57180,เขตพื้นที่การศึกษาเชียงราย เขต 2
ดงป่าส้าน,ต.เวียงกาหลง อ.เวียงป่าเป้า จ.เชียงราย 57260,เขตพื้นที่การศึกษาเชียงราย เขต 2
ดงมะดะ,ต.ดงมะดะ อ.แม่ลาว จ.เชียงราย 57250,เขตพื้นที่การศึกษาเชียงราย เขต 2
ดอนงาม,ต.โชคชัย อ.ดอยหลวง จ.เชียงราย 57110,เขตพื้นที่การศึกษาเชียงราย เขต 3
ดอย,ต.โชคชัย อ.ดอยหลวง จ.เชียงราย 57110,เขตพื้นที่การศึกษาเชียงราย เขต 3
ดอยผีลู,ต.แม่นาเติง อ.ปาย จ.แม่ฮ่องสอน 58130,เขตพื้นที่การศึกษาแม่ฮ่องสอน เขต 1
ดอยผีลู สาขาบ้านในของ,ต.แม่นาเติง อ.ปาย จ.แม่ฮ่องสอน 58130,เขตพื้นที่การศึกษาแม่ฮ่องสอน เขต 1
ดงกู่,ต.แม่เหาะ อ.แม่สะเรียง จ.แม่ฮ่องสอน 58110,เขตพื้นที่การศึกษาแม่ฮ่องสอน เขต 2
ดอยเลี่ยม,ต.แม่เหาะ อ.แม่สะเรียง จ.แม่ฮ่องสอน 58110,เขตพื้นที่การศึกษาแม่ฮ่องสอน เขต 2
ดงใหม่,ต.ห้วยห้อม อ.แม่ลาน้อย จ.แม่ฮ่องสอน 58120,เขตพื้นที่การศึกษาแม่ฮ่องสอน เขต 2
ดูลาเปอร,ต.ห้วยห้อม อ.แม่ลาน้อย จ.แม่ฮ่องสอน 58120,เขตพื้นที่การศึกษาแม่ฮ่องสอน เขต 2
ดอยงาม,ต.สบเมย อ.สบเมย จ.แม่ฮ่องสอน 58110,เขตพื้นที่การศึกษาแม่ฮ่องสอน เขต 2
ดงขุย,ต.หนองกระเจา อ.ชุมแสง จ.นครสวรรค์ 60120,เขตพื้นที่การศึกษานครสวรรค์ เขต 1
ดงคู้,ต.ตาขีด อ.บรรพตพิสัย จ.นครสวรรค์ 60180,เขตพื้นที่การศึกษานครสวรรค์ เขต 2
ดงมะกุ,ต.ตาคลี อ.ตาคลี จ.นครสวรรค์ 60140,เขตพื้นที่การศึกษานครสวรรค์ เขต 3
ดงมัน,ต.จันเสน อ.ตาคลี จ.นครสวรรค์ 60260,เขตพื้นที่การศึกษานครสวรรค์ เขต 3
ดงจันทำ,ต.วังใหญ่ อ.ท่าตะโก จ.นครสวรรค์ 60160,เขตพื้นที่การศึกษานครสวรรค์ เขต 3
ดอนกระชาย,ต.ยางขาว อ.พยุหะคีรี จ.นครสวรรค์ 60130,เขตพื้นที่การศึกษานครสวรรค์ เขต 1
ดอนพลอง,ต.วังเมือง อ.ลาดยาว จ.นครสวรรค์ 60150,เขตพื้นที่การศึกษานครสวรรค์ เขต 2
ดอนกระดูกเนื้อ,ต.หนองนมวัว อ.ลาดยาว จ.นครสวรรค์ 60150,เขตพื้นที่การศึกษานครสวรรค์ เขต 2
ดอนจังหัน,ต.เนินขี้เหล็ก อ.ลาดยาว จ.นครสวรรค์ 60150,เขตพื้นที่การศึกษานครสวรรค์ เขต 2
ดงสีเสียด,ต.สระแก้ว อ.ลาดยาว จ.นครสวรรค์ 60150,เขตพื้นที่การศึกษานครสวรรค์ เขต 2
ดำรงรักษ์(ประชาอุทิศ),ต.อุดมธัญญา อ.ตากฟ้า จ.นครสวรรค์ 60190,เขตพื้นที่การศึกษานครสวรรค์ เขต 3
ดงยางใต้,ต.ท่าซุง อ.เมืองอุทัยธานี จ.อุทัยธานี 61000,เขตพื้นที่การศึกษาอุทัยธานี เขต 1
ดงประดาพระ,ต.เขากวางทอง อ.หนองฉาง จ.อุทัยธานี 61110,เขตพื้นที่การศึกษาอุทัยธานี เขต 1
ดง,ต.คอกควาย อ.บ้านไร่ จ.อุทัยธานี 61140,เขตพื้นที่การศึกษาอุทัยธานี เขต 1
ดงตาจันทร์,ต.ไตรตรึงษ์ อ.เมืองกำแพงเพชร จ.กำแพงเพชร 62160,เขตพื้นที่การศึกษากำแพงเพชร เขต 1
ดาดทองเจริญ,ต.อ่างทอง อ.เมืองกำแพงเพชร จ.กำแพงเพชร 62000,เขตพื้นที่การศึกษากำแพงเพชร เขต 1
ดงดำมิตรภาพที่ 88,ต.ดอนแตง อ.ขาณุวรลักษบุรี จ.กำแพงเพชร 62140,เขตพื้นที่การศึกษากำแพงเพชร เขต 2
ดงดำมิตรภาพที่ 88 สาขาบ้านดอนโค้ง,ต.ดอนแตง อ.ขาณุวรลักษบุรี จ.กำแพงเพชร 62140,เขตพื้นที่การศึกษากำแพงเพชร เขต 2
ดอนขวาง,ต.เกาะตาล อ.ขาณุวรลักษบุรี จ.กำแพงเพชร 62130,เขตพื้นที่การศึกษากำแพงเพชร เขต 2
ดงเจริญ,ต.ทุ่งทอง อ.ทรายทองวัฒนา จ.กำแพงเพชร 62190,เขตพื้นที่การศึกษากำแพงเพชร เขต 2
ดงเย็น,ต.ระหาน อ.บึงสามัคคี จ.กำแพงเพชร 62210,เขตพื้นที่การศึกษากำแพงเพชร เขต 2
ดงซ่อม,ต.โกสัมพี อ.โกสัมพีนคร จ.กำแพงเพชร 62000,เขตพื้นที่การศึกษากำแพงเพชร เขต 1
ดงยาง,ต.ทุ่งกระเชาะ อ.บ้านตาก จ.ตาก 63000,เขตพื้นที่การศึกษาตาก เขต 1
ดงลาน,ต.วังจันทร์ อ.สามเงา จ.ตาก 63130,เขตพื้นที่การศึกษาตาก เขต 1
ดงซ่อม,ต.เชียงทอง อ.วังเจ้า จ.ตาก 63000,เขตพื้นที่การศึกษาตาก เขต 1
ด่านลานหอยวิทยา,ต.บ้านด่าน อ.บ้านด่านลานหอย จ.สุโขทัย 64140,เขตพื้นที่การศึกษาสุโขทัย เขต 1
ด่าน,ต.บ้านด่าน อ.บ้านด่านลานหอย จ.สุโขทัย 64140,เขตพื้นที่การศึกษาสุโขทัย เขต 1
ดงเดือย,ต.ดงเดือย อ.กงไกรลาศ จ.สุโขทัย 64170,เขตพื้นที่การศึกษาสุโขทัย เขต 1
ดอนสำโรง,ต.ดงเดือย อ.กงไกรลาศ จ.สุโขทัย 64170,เขตพื้นที่การศึกษาสุโขทัย เขต 1
ดอยไก่เขี่ย,ต.ป่างิ้ว อ.ศรีสัชนาลัย จ.สุโขทัย 64130,เขตพื้นที่การศึกษาสุโขทัย เขต 2
ดอนระเบียง,ต.แม่สำ อ.ศรีสัชนาลัย จ.สุโขทัย 64130,เขตพื้นที่การศึกษาสุโขทัย เขต 2
ดงย่าปา,ต.บ้านตึก อ.ศรีสัชนาลัย จ.สุโขทัย 64130,เขตพื้นที่การศึกษาสุโขทัย เขต 2
ดงยาง,ต.หนองอ้อ อ.ศรีสัชนาลัย จ.สุโขทัย 64130,เขตพื้นที่การศึกษาสุโขทัย เขต 2
ดงคู่,ต.ดงคู่ อ.ศรีสัชนาลัย จ.สุโขทัย 64130,เขตพื้นที่การศึกษาสุโขทัย เขต 2
ดอนจันทร์,ต.บ้านไร่ อ.ศรีสำโรง จ.สุโขทัย 64120,เขตพื้นที่การศึกษาสุโขทัย เขต 2
ดงไทยวิทยา,ต.นาทุ่ง อ.สวรรคโลก จ.สุโขทัย 64110,เขตพื้นที่การศึกษาสุโขทัย เขต 2
ดงจันทน์,ต.นครเดิฐ อ.ศรีนคร จ.สุโขทัย 64140,เขตพื้นที่การศึกษาสุโขทัย เขต 2
ดงวิทยา,ต.บ้านป่า อ.เมืองพิษณุโลก จ.พิษณุโลก 65000,เขตพื้นที่การศึกษาพิษณุโลก เขต 1
ดงยาง,ต.บ่อทอง อ.บางระกำ จ.พิษณุโลก 65140,เขตพื้นที่การศึกษาพิษณุโลก เขต 1
ดงพลวง,ต.วังพิกุล อ.วังทอง จ.พิษณุโลก 65130,เขตพื้นที่การศึกษาพิษณุโลก เขต 2
ดงน้อยปลั่งทองคำวิทยา,ต.ท่าหมื่นราม อ.วังทอง จ.พิษณุโลก 65130,เขตพื้นที่การศึกษาพิษณุโลก เขต 2
ดินทอง,ต.ดินทอง อ.วังทอง จ.พิษณุโลก 65130,เขตพื้นที่การศึกษาพิษณุโลก เขต 2
ดงสว่าง,ต.สายคำโห้ อ.เมืองพิจิตร จ.พิจิตร 66000,เขตพื้นที่การศึกษาพิจิตร เขต 1
ดงหวาย,ต.สายคำโห้ อ.เมืองพิจิตร จ.พิจิตร 66000,เขตพื้นที่การศึกษาพิจิตร เขต 1
ดงพลับ,ต.หนองพระ อ.วังทรายพูน จ.พิจิตร 66180,เขตพื้นที่การศึกษาพิจิตร เขต 1
ดงเสือเหลือง,ต.ดงเสือเหลือง อ.โพธิ์ประทับช้าง จ.พิจิตร 66190,เขตพื้นที่การศึกษาพิจิตร เขต 1
ดง,ต.ท่าพล อ.เมืองเพชรบูรณ์ จ.เพชรบูรณ์ 67250,เขตพื้นที่การศึกษาเพชรบูรณ์ เขต 1
ดงมูลเหล็ก,ต.ดงมูลเหล็ก อ.เมืองเพชรบูรณ์ จ.เพชรบูรณ์ 67000,เขตพื้นที่การศึกษาเพชรบูรณ์ เขต 1
ดงขุย,ต.ดงขุย อ.ชนแดน จ.เพชรบูรณ์ 67190,เขตพื้นที่การศึกษาเพชรบูรณ์ เขต 1
ดงขุยใต้,ต.ดงขุย อ.ชนแดน จ.เพชรบูรณ์ 67190,เขตพื้นที่การศึกษาเพชรบูรณ์ เขต 1
ดงขุยใต้สาขาบ้านทุ่งโตนด,ต.ดงขุย อ.ชนแดน จ.เพชรบูรณ์ 67190,เขตพื้นที่การศึกษาเพชรบูรณ์ เขต 1
ดงแขวน,ต.ท่าข้าม อ.ชนแดน จ.เพชรบูรณ์ 67150,เขตพื้นที่การศึกษาเพชรบูรณ์ เขต 1
ดงลาน,ต.ลาดแค อ.ชนแดน จ.เพชรบูรณ์ 67150,เขตพื้นที่การศึกษาเพชรบูรณ์ เขต 1
ดอนสว่าง,ต.สักหลง อ.หล่มสัก จ.เพชรบูรณ์ 67110,เขตพื้นที่การศึกษาเพชรบูรณ์ เขต 2
ดงทิพย์,ต.ท่าอิบุญ อ.หล่มสัก จ.เพชรบูรณ์ 67110,เขตพื้นที่การศึกษาเพชรบูรณ์ เขต 2
ดงขวาง,ต.น้ำชุน อ.หล่มสัก จ.เพชรบูรณ์ 67110,เขตพื้นที่การศึกษาเพชรบูรณ์ เขต 2
ดงน้ำเดื่อ,ต.ช้างตะลูด อ.หล่มสัก จ.เพชรบูรณ์ 67110,เขตพื้นที่การศึกษาเพชรบูรณ์ เขต 2
ดาดอุดม,ต.วังใหญ่ อ.วิเชียรบุรี จ.เพชรบูรณ์ 67180,เขตพื้นที่การศึกษาเพชรบูรณ์ เขต 3
ด่านเจริญชัย,ต.หนองย่างทอย อ.ศรีเทพ จ.เพชรบูรณ์ 67170,เขตพื้นที่การศึกษาเพชรบูรณ์ เขต 3
ด่านไทรสามัคคี,ต.ประดู่งาม อ.ศรีเทพ จ.เพชรบูรณ์ 67170,เขตพื้นที่การศึกษาเพชรบูรณ์ เขต 3
ด่านบุญธรรม,ต.นาเฉลียง อ.หนองไผ่ จ.เพชรบูรณ์ 67140,เขตพื้นที่การศึกษาเพชรบูรณ์ เขต 3
ดงคล้อ,ต.วังกวาง อ.น้ำหนาว จ.เพชรบูรณ์ 67260,เขตพื้นที่การศึกษาเพชรบูรณ์ เขต 2
ดงหลง,ต.ท้ายดง อ.วังโป่ง จ.เพชรบูรณ์ 67240,เขตพื้นที่การศึกษาเพชรบูรณ์ เขต 1
ด่านช้าง,ต.ท้ายดง อ.วังโป่ง จ.เพชรบูรณ์ 67240,เขตพื้นที่การศึกษาเพชรบูรณ์ เขต 1
ดงลึก,ต.วังศาล อ.วังโป่ง จ.เพชรบูรณ์ 67240,เขตพื้นที่การศึกษาเพชรบูรณ์ เขต 1
ดอนฟักทอง,ต.ขุนพิทักษ์ อ.ดำเนินสะดวก จ.ราชบุรี 70130,เขตพื้นที่การศึกษาราชบุรี เขต 2
ดอนไผ่,ต.ดอนไผ่ อ.ดำเนินสะดวก จ.ราชบุรี 70130,เขตพื้นที่การศึกษาราชบุรี เขต 2
ดอนไม้ลาย,ต.เขาขลุง อ.บ้านโป่ง จ.ราชบุรี 70110,เขตพื้นที่การศึกษาราชบุรี เขต 2
ดงยาง,ต.วังเย็น อ.เมืองกาญจนบุรี จ.กาญจนบุรี 71000,เขตพื้นที่การศึกษากาญจนบุรี เขต 1
ดงเสลา,ต.ด่านแม่แฉลบ อ.ศรีสวัสดิ์ จ.กาญจนบุรี 71250,เขตพื้นที่การศึกษากาญจนบุรี เขต 3
ด่านแม่แฉลบ,ต.ด่านแม่แฉลบ อ.ศรีสวัสดิ์ จ.กาญจนบุรี 72150,เขตพื้นที่การศึกษากาญจนบุรี เขต 3
ดอนตาลเสี้ยน,ต.อุโลกสี่หมื่น อ.ท่ามะกา จ.กาญจนบุรี 71130,เขตพื้นที่การศึกษากาญจนบุรี เขต 2
ดอนรัก,ต.พระแท่น อ.ท่ามะกา จ.กาญจนบุรี 71113,เขตพื้นที่การศึกษากาญจนบุรี เขต 2
ดอนเขว้า,ต.แสนตอ อ.ท่ามะกา จ.กาญจนบุรี 71130,เขตพื้นที่การศึกษากาญจนบุรี เขต 2
ดอนคราม,ต.เขาน้อย อ.ท่าม่วง จ.กาญจนบุรี 71110,เขตพื้นที่การศึกษากาญจนบุรี เขต 1
ดงโคร่ง,ต.หินดาด อ.ทองผาภูมิ จ.กาญจนบุรี 71180,เขตพื้นที่การศึกษากาญจนบุรี เขต 3
ดินโส,ต.สหกรณ์นิคม อ.ทองผาภูมิ จ.กาญจนบุรี 71180,เขตพื้นที่การศึกษากาญจนบุรี เขต 3
ดอนสระ,ต.พนมทวน อ.พนมทวน จ.กาญจนบุรี 71140,เขตพื้นที่การศึกษากาญจนบุรี เขต 2
ดอนเตาอิฐ,ต.รางหวาย อ.พนมทวน จ.กาญจนบุรี 71140,เขตพื้นที่การศึกษากาญจนบุรี เขต 2
ดอนมะขาม,ต.ดอนตาเพชร อ.พนมทวน จ.กาญจนบุรี 71140,เขตพื้นที่การศึกษากาญจนบุรี เขต 2
ดอนสว่าง,ต.กลอนโด อ.ด่านมะขามเตี้ย จ.กาญจนบุรี 71260,เขตพื้นที่การศึกษากาญจนบุรี เขต 1
ดอนโพ,ต.สนามชัย อ.เมืองสุพรรณบุรี จ.สุพรรณบุรี 72000,เขตพื้นที่การศึกษาสุพรรณบุรี เขต 1
ดงเสลา,ต.องค์พระ อ.ด่านช้าง จ.สุพรรณบุรี 72180,เขตพื้นที่การศึกษาสุพรรณบุรี เขต 3
ดงเสลา สาขาบ้านวังโหรา,ต.องค์พระ อ.ด่านช้าง จ.สุพรรณบุรี 72180,เขตพื้นที่การศึกษาสุพรรณบุรี เขต 3
ดงกะเชา,ต.ไร่รถ อ.ดอนเจดีย์ จ.สุพรรณบุรี 72170,เขตพื้นที่การศึกษาสุพรรณบุรี เขต 2
ดอนกลาง,ต.สระกระโจม อ.ดอนเจดีย์ จ.สุพรรณบุรี 72250,เขตพื้นที่การศึกษาสุพรรณบุรี เขต 2
ดอนตำลึง,ต.บ่อสุพรรณ อ.สองพี่น้อง จ.สุพรรณบุรี 72190,เขตพื้นที่การศึกษาสุพรรณบุรี เขต 2
ดอนพุทรา,ต.ยุ้งทะลาย อ.อู่ทอง จ.สุพรรณบุรี 72160,เขตพื้นที่การศึกษาสุพรรณบุรี เขต 2
ดงเชือก,ต.แจงงาม อ.หนองหญ้าไซ จ.สุพรรณบุรี 72240,เขตพื้นที่การศึกษาสุพรรณบุรี เขต 3
ดอนทอง,ต.ดอนข่อย อ.กำแพงแสน จ.นครปฐม 73140,เขตพื้นที่การศึกษานครปฐม เขต 1
ดอนซาก,ต.วังน้ำเขียว อ.กำแพงแสน จ.นครปฐม 73140,เขตพื้นที่การศึกษานครปฐม เขต 1
ดอนกลาง,ต.สามง่าม อ.ดอนตูม จ.นครปฐม 73000,เขตพื้นที่การศึกษานครปฐม เขต 1
ดงเกตุ,ต.สามพราน อ.สามพราน จ.นครปฐม 73110,เขตพื้นที่การศึกษานครปฐม เขต 2
ดอนทอง,ต.คลองใหม่ อ.สามพราน จ.นครปฐม 73110,เขตพื้นที่การศึกษานครปฐม เขต 2
ดอนไก่ดี,ต.ดอนไก่ดี อ.กระทุ่มแบน จ.สมุทรสาคร 74110,เขตพื้นที่การศึกษาสมุทรสาคร เขต 1
ดอนไผ่(อุดม-สอางค์อุ่นสุวรรณ),ต.หนองสองห้อง อ.บ้านแพ้ว จ.สมุทรสาคร 74120,เขตพื้นที่การศึกษาสมุทรสาคร เขต 1
ดําเนินสะดวก(กิมลี้มณีฉาย),ต.สวนส้ม อ.บ้านแพ้ว จ.สมุทรสาคร 74120,เขตพื้นที่การศึกษาสมุทรสาคร เขต 1
ดอนจั่น(วาศน์เจริญเรือนอุทิศ),ต.ยี่สาร อ.อัมพวา จ.สมุทรสงคราม 75110,เขตพื้นที่การศึกษาสมุทรสงคราม เขต 1
ดอนมะขามช้าง (ใจราษฎร์อุปถัมภ์),ต.นาพันสาม อ.เมืองเพชรบุรี จ.เพชรบุรี 76000,เขตพื้นที่การศึกษาเพชรบุรี เขต 1
ดอนยาง,ต.ดอนยาง อ.เมืองเพชรบุรี จ.เพชรบุรี 76000,เขตพื้นที่การศึกษาเพชรบุรี เขต 1
ดอนนาลุ่ม,ต.หนองขนาน อ.เมืองเพชรบุรี จ.เพชรบุรี 76000,เขตพื้นที่การศึกษาเพชรบุรี เขต 1
ดอนยี่กรอก,ต.หนองพลับ อ.เมืองเพชรบุรี จ.เพชรบุรี 76000,เขตพื้นที่การศึกษาเพชรบุรี เขต 1
ดอน,ต.นายาง อ.ชะอำ จ.เพชรบุรี 76120,เขตพื้นที่การศึกษาเพชรบุรี เขต 2
ดอนมะกอก,ต.สามพระยา อ.ชะอำ จ.เพชรบุรี 76120,เขตพื้นที่การศึกษาเพชรบุรี เขต 2
ดอนขุนห้วย,ต.ดอนขุนห้วย อ.ชะอำ จ.เพชรบุรี 76120,เขตพื้นที่การศึกษาเพชรบุรี เขต 2
ดอนเตาอิฐ,ต.ปึกเตียน อ.ท่ายาง จ.เพชรบุรี 76130,เขตพื้นที่การศึกษาเพชรบุรี เขต 2
ดงห้วยหลวง,ต.บ้านทาน อ.บ้านลาด จ.เพชรบุรี 76150,เขตพื้นที่การศึกษาเพชรบุรี เขต 2
ดอนมะขาม,ต.ปากทะเล อ.บ้านแหลม จ.เพชรบุรี 76110,เขตพื้นที่การศึกษาเพชรบุรี เขต 1
ด่านโง,ต.ห้วยแม่เพรียง อ.แก่งกระจาน จ.เพชรบุรี 76170,เขตพื้นที่การศึกษาเพชรบุรี เขต 2
ดอนบ่อกุ่ม,ต.ดอนยายหนู อ.กุยบุรี จ.ประจวบคีรีขันธ์ 77150,เขตพื้นที่การศึกษาประจวบคีรีขันธ์ เขต 2
ดอนมะขาม,ต.ดอนยายหนู อ.กุยบุรี จ.ประจวบคีรีขันธ์ 77150,เขตพื้นที่การศึกษาประจวบคีรีขันธ์ เขต 2
ดอนกลาง,ต.สามกระทาย อ.กุยบุรี จ.ประจวบคีรีขันธ์ 77150,เขตพื้นที่การศึกษาประจวบคีรีขันธ์ เขต 2
ดอนทราย,ต.นาหูกวาง อ.ทับสะแก จ.ประจวบคีรีขันธ์ 77130,เขตพื้นที่การศึกษาประจวบคีรีขันธ์ เขต 1
ดอนใจดี,ต.เขาล้าน อ.ทับสะแก จ.ประจวบคีรีขันธ์ 77130,เขตพื้นที่การศึกษาประจวบคีรีขันธ์ เขต 1
ดอนทอง,ต.กำเนิดนพคุณ อ.บางสะพาน จ.ประจวบคีรีขันธ์ 77140,เขตพื้นที่การศึกษาประจวบคีรีขันธ์ เขต 1
ดอนสง่า,ต.กำเนิดนพคุณ อ.บางสะพาน จ.ประจวบคีรีขันธ์ 77140,เขตพื้นที่การศึกษาประจวบคีรีขันธ์ เขต 1
ดอนสำนัก,ต.ร่อนทอง อ.บางสะพาน จ.ประจวบคีรีขันธ์ 77230,เขตพื้นที่การศึกษาประจวบคีรีขันธ์ เขต 1
ดอนสำราญ,ต.ธงชัย อ.บางสะพาน จ.ประจวบคีรีขันธ์ 77140,เขตพื้นที่การศึกษาประจวบคีรีขันธ์ เขต 1
ดอนสูง,ต.ธงชัย อ.บางสะพาน จ.ประจวบคีรีขันธ์ 77190,เขตพื้นที่การศึกษาประจวบคีรีขันธ์ เขต 1
ดงไม้งาม,ต.ชัยเกษม อ.บางสะพาน จ.ประจวบคีรีขันธ์ 77190,เขตพื้นที่การศึกษาประจวบคีรีขันธ์ เขต 1
ดอนโตนด,ต.เสือหึง อ.เชียรใหญ่ จ.นครศรีธรรมราช 80190,เขตพื้นที่การศึกษานครศรีธรรมราช เขต 3
ดอนโรง มิตรภาพที่ 196,ต.เขาพระบาท อ.เชียรใหญ่ จ.นครศรีธรรมราช 80190,เขตพื้นที่การศึกษานครศรีธรรมราช เขต 3
ดอนตาสังข์,ต.ขอนหาด อ.ชะอวด จ.นครศรีธรรมราช 80180,เขตพื้นที่การศึกษานครศรีธรรมราช เขต 3
ด่าน,ต.ควนพัง อ.ร่อนพิบูลย์ จ.นครศรีธรรมราช 80130,เขตพื้นที่การศึกษานครศรีธรรมราช เขต 3
ดอนทราย,ต.ควนหนองคว้า อ.จุฬาภรณ์ จ.นครศรีธรรมราช 80130,เขตพื้นที่การศึกษานครศรีธรรมราช เขต 3
ดินแดงน้อย,ต.หนองทะเล อ.เมืองกระบี่ จ.กระบี่ 81000,เขตพื้นที่การศึกษากระบี่ เขต 1
ดินนา,ต.คลองพน อ.คลองท่อม จ.กระบี่ 81170,เขตพื้นที่การศึกษากระบี่ เขต 1
ดินแดง,ต.ดินแดง อ.ลำทับ จ.กระบี่ 81120,เขตพื้นที่การศึกษากระบี่ เขต 1
ดอน,ต.โคกกลอย อ.ตะกั่วทุ่ง จ.พังงา 82140,เขตพื้นที่การศึกษาพังงา เขต 1
ดอกแดง,ต.บางไทร อ.ตะกั่วป่า จ.พังงา 82110,เขตพื้นที่การศึกษาพังงา เขต 1
ดอนเกลี้ยง,ต.ขุนทะเล อ.เมืองสุราษฎร์ธานี จ.สุราษฎร์ธานี 84100,เขตพื้นที่การศึกษาสุราษฎร์ธานี เขต 1
ดอนสน,ต.ท่าทอง อ.กาญจนดิษฐ์ จ.สุราษฎร์ธานี 84160,เขตพื้นที่การศึกษาสุราษฎร์ธานี เขต 1
ดอนหลวง,ต.ท่าอุแท อ.กาญจนดิษฐ์ จ.สุราษฎร์ธานี 84160,เขตพื้นที่การศึกษาสุราษฎร์ธานี เขต 1
ดอนเสาธง,ต.ปากแพรก อ.ดอนสัก จ.สุราษฎร์ธานี 84340,เขตพื้นที่การศึกษาสุราษฎร์ธานี เขต 1
ดินแดงสามัคคี,ต.ปากแพรก อ.ดอนสัก จ.สุราษฎร์ธานี 84340,เขตพื้นที่การศึกษาสุราษฎร์ธานี เขต 1
ดอนธูป,ต.ลิปะน้อย อ.เกาะสมุย จ.สุราษฎร์ธานี 84140,เขตพื้นที่การศึกษาสุราษฎร์ธานี เขต 1
ดอนมะกอก,ต.ประสงค์ อ.ท่าชนะ จ.สุราษฎร์ธานี 84170,เขตพื้นที่การศึกษาสุราษฎร์ธานี เขต 2
ดินก้อง,ต.วัง อ.ท่าชนะ จ.สุราษฎร์ธานี 84170,เขตพื้นที่การศึกษาสุราษฎร์ธานี เขต 2
ดอนสุวรรณ,ต.ท่ากระดาน อ.คีรีรัฐนิคม จ.สุราษฎร์ธานี 84180,เขตพื้นที่การศึกษาสุราษฎร์ธานี เขต 2
ดอนทราย,ต.น้ำพุ อ.บ้านนาสาร จ.สุราษฎร์ธานี 84120,เขตพื้นที่การศึกษาสุราษฎร์ธานี เขต 3
ดอนงาม,ต.นาใต้ อ.บ้านนาเดิม จ.สุราษฎร์ธานี 84240,เขตพื้นที่การศึกษาสุราษฎร์ธานี เขต 3
ดอนมะตูม,ต.น้ำรอบ อ.พุนพิน จ.สุราษฎร์ธานี 84130,เขตพื้นที่การศึกษาสุราษฎร์ธานี เขต 2
ดอนกลาง,ต.น้ำจืด อ.กระบุรี จ.ระนอง 85110,เขตพื้นที่การศึกษาระนอง เขต 1
ดอนไทรงาม,ต.บางหมาก อ.เมืองชุมพร จ.ชุมพร 86000,เขตพื้นที่การศึกษาชุมพร เขต 1
ดอนรัก,ต.บางลึก อ.เมืองชุมพร จ.ชุมพร 86000,เขตพื้นที่การศึกษาชุมพร เขต 1
ดอนเคี่ยม,ต.รับร่อ อ.ท่าแซะ จ.ชุมพร 86190,เขตพื้นที่การศึกษาชุมพร เขต 1
ดอนตะเคียน,ต.บางสน อ.ปะทิว จ.ชุมพร 86160,เขตพื้นที่การศึกษาชุมพร เขต 1
ดอนทราย,ต.ชุมโค อ.ปะทิว จ.ชุมพร 86160,เขตพื้นที่การศึกษาชุมพร เขต 1
ดอนนน,ต.ท่ามะพลา อ.หลังสวน จ.ชุมพร 86110,เขตพื้นที่การศึกษาชุมพร เขต 2
ดวด,ต.สวนแตง อ.ละแม จ.ชุมพร 86170,เขตพื้นที่การศึกษาชุมพร เขต 2
ดอนแค,ต.สวนแตง อ.ละแม จ.ชุมพร 86170,เขตพื้นที่การศึกษาชุมพร เขต 2
ดอนขี้เหล็ก,ต.พะวง อ.เมืองสงขลา จ.สงขลา 90000,เขตพื้นที่การศึกษาสงขลา เขต 1
ดอนแบก,ต.ตะเครียะ อ.ระโนด จ.สงขลา 90140,เขตพื้นที่การศึกษาสงขลา เขต 1
ดินลาน,ต.ท่าช้าง อ.บางกล่ำ จ.สงขลา 90110,เขตพื้นที่การศึกษาสงขลา เขต 2
ดูสน,อ.ควนโดน จ.สตูล 91160,เขตพื้นที่การศึกษาสตูล เขต 1
ดาหลำ,อ.ละงู จ.สตูล 91110,เขตพื้นที่การศึกษาสตูล เขต 1
ด่าน,อ.เมืองตรัง จ.ตรัง 92000,เขตพื้นที่การศึกษาตรัง เขต 1
ดุหุน,อ.สิเกา จ.ตรัง 92150,เขตพื้นที่การศึกษาตรัง เขต 2
ด่านโลด,อ.ตะโหมด จ.พัทลุง 93160,เขตพื้นที่การศึกษาพัทลุง เขต 1
ดอนประดู่,อ.ปากพะยูน จ.พัทลุง 93120,เขตพื้นที่การศึกษาพัทลุง เขต 1
ดอนเค็ด,อ.โคกโพธิ์ จ.ปัตตานี 94120,เขตพื้นที่การศึกษาปัตตานี เขต 2
ดอนรัก,อ.หนองจิก จ.ปัตตานี 94170,เขตพื้นที่การศึกษาปัตตานี เขต 1
ดอนนา,อ.หนองจิก จ.ปัตตานี 94170,เขตพื้นที่การศึกษาปัตตานี เขต 1
ดอน (นุ้ยนิธยาคาร),อ.ปะนาเระ จ.ปัตตานี 94130,เขตพื้นที่การศึกษาปัตตานี เขต 1
ดูวา,อ.มายอ จ.ปัตตานี 94140,เขตพื้นที่การศึกษาปัตตานี เขต 2
ด่าน,อ.มายอ จ.ปัตตานี 94140,เขตพื้นที่การศึกษาปัตตานี เขต 2
ดูซงปาแย,อ.ยะหริ่ง จ.ปัตตานี 94150,เขตพื้นที่การศึกษาปัตตานี เขต 1
ดาลอ,อ.ยะหริ่ง จ.ปัตตานี 94150,เขตพื้นที่การศึกษาปัตตานี เขต 1
ดาโต๊ะ,อ.ยะหริ่ง จ.ปัตตานี 94150,เขตพื้นที่การศึกษาปัตตานี เขต 1
ด่านสันติราษฎร์,อ.เบตง จ.ยะลา 95110,เขตพื้นที่การศึกษายะลา เขต 3
ดูกู,อ.บาเจาะ จ.นราธิวาส 96170,เขตพื้นที่การศึกษานราธิวาส เขต 1
ดือแย,อ.รือเสาะ จ.นราธิวาส 96150,เขตพื้นที่การศึกษานราธิวาส เขต 1
ดือแยหะยี,อ.รือเสาะ จ.นราธิวาส 96150,เขตพื้นที่การศึกษานราธิวาส เขต 1
ดาฮง,อ.ศรีสาคร จ.นราธิวาส 96210,เขตพื้นที่การศึกษานราธิวาส เขต 1
ดอเหะ,อ.สุไหงปาดี จ.นราธิวาส 96140,เขตพื้นที่การศึกษานราธิวาส เขต 2
ดุซงยอ,อ.จะแนะ จ.นราธิวาส 96220,เขตพื้นที่การศึกษานราธิวาส เขต 3