บัวมล (เจริญราษฎร์อุทิศ),แขวงท่าแร้ง เขตบางเขน กรุงเทพมหานคร 10220,เขตพื้นที่การศึกษากรุงเทพมหานคร เขต 2
บางจาก,ต.บางจาก อ.พระประแดง จ.สมุทรปราการ 10130,เขตพื้นที่การศึกษาสมุทรปราการ เขต 1
บึง,ต.คลองสาม อ.คลองหลวง จ.ปทุมธานี 12120,เขตพื้นที่การศึกษาปทุมธานี เขต 1
บางพลี (บุศย์บูรณะ),ต.บางพลี อ.บางไทร จ.พระนครศรีอยุธยา 13190,เขตพื้นที่การศึกษาพระนครศรีอยุธยา เขต 2
บางกระสั้น,ต.บางกระสั้น อ.บางปะอิน จ.พระนครศรีอยุธยา 13160,เขตพื้นที่การศึกษาพระนครศรีอยุธยา เขต 2
บ่อตาโล่,ต.บ่อตาโล่ อ.วังน้อย จ.พระนครศรีอยุธยา 13170,เขตพื้นที่การศึกษาพระนครศรีอยุธยา เขต 1
บัวชุม,ต.บัวชุม อ.ชัยบาดาล จ.ลพบุรี 15130,เขตพื้นที่การศึกษาลพบุรี เขต 2
บ่อน้ำ,ต.หนองยายโต๊ะ อ.ชัยบาดาล จ.ลพบุรี 15130,เขตพื้นที่การศึกษาลพบุรี เขต 2
บางลี่,ต.บางลี่ อ.ท่าวุ้ง จ.ลพบุรี 15150,เขตพื้นที่การศึกษาลพบุรี เขต 1
บางงา(รัฐประชาสรรค์),ต.บางงา อ.ท่าวุ้ง จ.ลพบุรี 15150,เขตพื้นที่การศึกษาลพบุรี เขต 1
บ่อคู่,ต.ท่าหลวง อ.ท่าหลวง จ.ลพบุรี 15230,เขตพื้นที่การศึกษาลพบุรี เขต 2
บ่อตะเคียนทอง,ต.หนองมะค่า อ.โคกเจริญ จ.ลพบุรี 15250,เขตพื้นที่การศึกษาลพบุรี เขต 2
บ่อดินสอพอง,ต.ดงดินแดง อ.หนองม่วง จ.ลพบุรี 15170,เขตพื้นที่การศึกษาลพบุรี เขต 2
บางสำราญ,ต.บางมัญ อ.เมืองสิงห์บุรี จ.สิงห์บุรี 16000,เขตพื้นที่การศึกษาสิงห์บุรี เขต 1
บ่อยายส้ม(แก้วประชาสรรค์),ต.หนองมะโมง อ.หนองมะโมง จ.ชัยนาท 17120,เขตพื้นที่การศึกษาชัยนาท เขต 1
บางกง,ต.วิหารแดง อ.วิหารแดง จ.สระบุรี 18150,เขตพื้นที่การศึกษาสระบุรี เขต 2
บึง(อุตสาหกรรมนุเคราะห์),ต.บ้านบึง อ.บ้านบึง จ.ชลบุรี 20170,เขตพื้นที่การศึกษาชลบุรี เขต 1
บึงกระโดน,ต.หนองอิรุณ อ.บ้านบึง จ.ชลบุรี 20220,เขตพื้นที่การศึกษาชลบุรี เขต 1
บางละมุง,ต.บางละมุง อ.บางละมุง จ.ชลบุรี 20150,เขตพื้นที่การศึกษาชลบุรี เขต 3
บึง,ต.ห้วยใหญ่ อ.บางละมุง จ.ชลบุรี 20260,เขตพื้นที่การศึกษาชลบุรี เขต 3
บางแสม,ต.บางนาง อ.พานทอง จ.ชลบุรี 20160,เขตพื้นที่การศึกษาชลบุรี เขต 2
บางหัก,ต.บางหัก อ.พานทอง จ.ชลบุรี 20160,เขตพื้นที่การศึกษาชลบุรี เขต 2
บึง(ศรีราชา),ต.บึง อ.ศรีราชา จ.ชลบุรี 20230,เขตพื้นที่การศึกษาชลบุรี เขต 3
บ่อวิน (ลิขิตราษฎร์บำรุง),ต.บ่อวิน อ.ศรีราชา จ.ชลบุรี 20230,เขตพื้นที่การศึกษาชลบุรี เขต 3
บ่อกวางทอง,ต.บ่อกวางทอง อ.บ่อทอง จ.ชลบุรี 20270,เขตพื้นที่การศึกษาชลบุรี เขต 2
บึงตะกู,ต.ธาตุทอง อ.บ่อทอง จ.ชลบุรี 20270,เขตพื้นที่การศึกษาชลบุรี เขต 2
บึงตะกาด,ต.ชุมแสง อ.วังจันทร์ จ.ระยอง 21110,เขตพื้นที่การศึกษาระยอง เขต 2
บึงต้นชัน,ต.ชากบก อ.บ้านค่าย จ.ระยอง 21180,เขตพื้นที่การศึกษาระยอง เขต 1
บึงตาต้า,ต.หนองไร่ อ.ปลวกแดง จ.ระยอง 21140,เขตพื้นที่การศึกษาระยอง เขต 1
บ่อ (จงจินต์รุจิรวงศ์อุปถัมภ์ 3),ต.บ่อ อ.ขลุง จ.จันทบุรี 22110,เขตพื้นที่การศึกษาจันทบุรี เขต 2
บ่อเวฬุ,ต.บ่อเวฬุ อ.ขลุง จ.จันทบุรี 22150,เขตพื้นที่การศึกษาจันทบุรี เขต 2
บ่อไฟไหม้,ต.พวา อ.แก่งหางแมว จ.จันทบุรี 22160,เขตพื้นที่การศึกษาจันทบุรี เขต 1
บางปรง,ต.ห้วยแร้ง อ.เมืองตราด จ.ตราด 23000,เขตพื้นที่การศึกษาตราด เขต 1
บางเบ้า,ต.เกาะช้างใต้ อ.เกาะช้าง จ.ตราด 23170,เขตพื้นที่การศึกษาตราด เขต 1
บางไผ่,ต.บางไผ่ อ.เมืองฉะเชิงเทรา จ.ฉะเชิงเทรา 24000,เขตพื้นที่การศึกษาฉะเชิงเทรา เขต 1
บางแก้ว,ต.บางแก้ว อ.เมืองฉะเชิงเทรา จ.ฉะเชิงเทรา 24000,เขตพื้นที่การศึกษาฉะเชิงเทรา เขต 1
บึงพระอาจารย์,ต.ดอนเกาะกา อ.บางน้ำเปรี้ยว จ.ฉะเชิงเทรา 24150,เขตพื้นที่การศึกษาฉะเชิงเทรา เขต 1
บางข้าว,ต.บางผึ้ง อ.บางปะกง จ.ฉะเชิงเทรา 24130,เขตพื้นที่การศึกษาฉะเชิงเทรา เขต 1
บุเสี้ยว,ต.บ้านนา อ.กบินทร์บุรี จ.ปราจีนบุรี 25110,เขตพื้นที่การศึกษาปราจีนบุรี เขต 1
บุสูง,ต.นาดี อ.นาดี จ.ปราจีนบุรี 25220,เขตพื้นที่การศึกษาปราจีนบุรี เขต 1
บุพราหมณ์,ต.บุพราหมณ์ อ.นาดี จ.ปราจีนบุรี 25220,เขตพื้นที่การศึกษาปราจีนบุรี เขต 1
บุพราหมณ์อรุณอนุสรณ์,ต.บุพราหมณ์ อ.นาดี จ.ปราจีนบุรี 25220,เขตพื้นที่การศึกษาปราจีนบุรี เขต 1
บางรุ่งโรจน์,ต.บางยาง อ.บ้านสร้าง จ.ปราจีนบุรี 25150,เขตพื้นที่การศึกษาปราจีนบุรี เขต 1
บางปลาร้า (กมลราษฎร์นุกูล),ต.บางปลาร้า อ.บ้านสร้าง จ.ปราจีนบุรี 25150,เขตพื้นที่การศึกษาปราจีนบุรี เขต 1
บางขาม,ต.บางขาม อ.บ้านสร้าง จ.ปราจีนบุรี 25150,เขตพื้นที่การศึกษาปราจีนบุรี เขต 1
บุ่งเข้,ต.หนองแสง อ.ปากพลี จ.นครนายก 26130,เขตพื้นที่การศึกษานครนายก เขต 1
บะขมิ้น(วัชระอนุสรณ์),ต.โคกปี่ฆ้อง อ.เมืองสระแก้ว จ.สระแก้ว 27000,เขตพื้นที่การศึกษาสระแก้ว เขต 1
บุกะสัง,ต.หนองแวง อ.วัฒนานคร จ.สระแก้ว 27160,เขตพื้นที่การศึกษาสระแก้ว เขต 2
บ่อนางชิง,ต.ห้วยโจด อ.วัฒนานคร จ.สระแก้ว 27160,เขตพื้นที่การศึกษาสระแก้ว เขต 2
บ่อหลวง,ต.หันทราย อ.อรัญประเทศ จ.สระแก้ว 27120,เขตพื้นที่การศึกษาสระแก้ว เขต 2
บึงพระราม,ต.พระเพลิง อ.เขาฉกรรจ์ จ.สระแก้ว 27000,เขตพื้นที่การศึกษาสระแก้ว เขต 1
บึงสาร,ต.มะเริง อ.เมืองนครราชสีมา จ.นครราชสีมา 30000,เขตพื้นที่การศึกษานครราชสีมา เขต 1
บึงตะโก,ต.พลกรัง อ.เมืองนครราชสีมา จ.นครราชสีมา 30000,เขตพื้นที่การศึกษานครราชสีมา เขต 1
บึงทับช้าง,ต.จอหอ อ.เมืองนครราชสีมา จ.นครราชสีมา 30000,เขตพื้นที่การศึกษานครราชสีมา เขต 1
บุ(ประชารัฐพัฒนา),ต.ตลาด อ.เมืองนครราชสีมา จ.นครราชสีมา 30310,เขตพื้นที่การศึกษานครราชสีมา เขต 1
บุมะค่า(ชาวไร่สามัคคี),ต.มาบตะโกเอน อ.ครบุรี จ.นครราชสีมา 30250,เขตพื้นที่การศึกษานครราชสีมา เขต 3
บุยายแลบ,ต.มาบตะโกเอน อ.ครบุรี จ.นครราชสีมา 30250,เขตพื้นที่การศึกษานครราชสีมา เขต 3
บุตาโฮ-โนนกลาง,ต.บ้านใหม่ อ.ครบุรี จ.นครราชสีมา 30250,เขตพื้นที่การศึกษานครราชสีมา เขต 3
บุหว้าสามัคคี,ต.สระว่านพระยา อ.ครบุรี จ.นครราชสีมา 30250,เขตพื้นที่การศึกษานครราชสีมา เขต 3
บ่อลิงประชาสรรค์,ต.โนนสมบูรณ์ อ.เสิงสาง จ.นครราชสีมา 30330,เขตพื้นที่การศึกษานครราชสีมา เขต 3
บุวังหว้า,ต.สีสุก อ.จักราช จ.นครราชสีมา 30230,เขตพื้นที่การศึกษานครราชสีมา เขต 2
บึงไทย,ต.ท่าลาดขาว อ.โชคชัย จ.นครราชสีมา 30190,เขตพื้นที่การศึกษานครราชสีมา เขต 2
บึงพระ,ต.ท่าลาดขาว อ.โชคชัย จ.นครราชสีมา 30190,เขตพื้นที่การศึกษานครราชสีมา เขต 2
บิง,ต.โชคชัย อ.โชคชัย จ.นครราชสีมา 30190,เขตพื้นที่การศึกษานครราชสีมา เขต 2
บึงทับปรางค์,ต.โชคชัย อ.โชคชัย จ.นครราชสีมา 30190,เขตพื้นที่การศึกษานครราชสีมา เขต 2
บัลลังก์สะอาด,ต.บัลลังก์ อ.โนนไทย จ.นครราชสีมา 30220,เขตพื้นที่การศึกษานครราชสีมา เขต 5
บุสายออ(บุญเขตบริหาร),ต.สายออ อ.โนนไทย จ.นครราชสีมา 30220,เขตพื้นที่การศึกษานครราชสีมา เขต 5
บิง(สุประชาจูงกลางนุสสรณ์),ต.บิง อ.โนนสูง จ.นครราชสีมา 30160,เขตพื้นที่การศึกษานครราชสีมา เขต 1
บุตะโก,ต.เมืองเกษตร อ.ขามสะแกแสง จ.นครราชสีมา 30290,เขตพื้นที่การศึกษานครราชสีมา เขต 5
บุเสมา,ต.หนองแจ้งใหญ่ อ.บัวใหญ่ จ.นครราชสีมา 30120,เขตพื้นที่การศึกษานครราชสีมา เขต 6
บุหัวช้าง,ต.ตะขบ อ.ปักธงชัย จ.นครราชสีมา 30150,เขตพื้นที่การศึกษานครราชสีมา เขต 3
บ่อปลา,ต.บ่อปลาทอง อ.ปักธงชัย จ.นครราชสีมา 30150,เขตพื้นที่การศึกษานครราชสีมา เขต 3
บุใหญ่,ต.สูงเนิน อ.สูงเนิน จ.นครราชสีมา 30170,เขตพื้นที่การศึกษานครราชสีมา เขต 4
บุตาสง,ต.มะเกลือเก่า อ.สูงเนิน จ.นครราชสีมา 30170,เขตพื้นที่การศึกษานครราชสีมา เขต 4
บึงอ้อ(ปุ่นอุปถัมภ์),ต.บึงอ้อ อ.ขามทะเลสอ จ.นครราชสีมา 30280,เขตพื้นที่การศึกษานครราชสีมา เขต 5
บุระไหว,ต.บึงอ้อ อ.ขามทะเลสอ จ.นครราชสีมา 30280,เขตพื้นที่การศึกษานครราชสีมา เขต 5
บุ่งเตย,ต.หมูสี อ.ปากช่อง จ.นครราชสีมา 30130,เขตพื้นที่การศึกษานครราชสีมา เขต 4
บ่อทอง,ต.หนองสาหร่าย อ.ปากช่อง จ.นครราชสีมา 30130,เขตพื้นที่การศึกษานครราชสีมา เขต 4
บุกระโทก,ต.หนองหัวแรต อ.หนองบุนนาก จ.นครราชสีมา 30410,เขตพื้นที่การศึกษานครราชสีมา เขต 2
บุตะโก,ต.วังน้ำเขียว อ.วังน้ำเขียว จ.นครราชสีมา 30370,เขตพื้นที่การศึกษานครราชสีมา เขต 3
บุเจ้าคุณ,ต.วังหมี อ.วังน้ำเขียว จ.นครราชสีมา 30370,เขตพื้นที่การศึกษานครราชสีมา เขต 3
บะใหญ่,ต.อุดมทรัพย์ อ.วังน้ำเขียว จ.นครราชสีมา 30370,เขตพื้นที่การศึกษานครราชสีมา เขต 3
บุไผ่,ต.ไทยสามัคคี อ.วังน้ำเขียว จ.นครราชสีมา 30370,เขตพื้นที่การศึกษานครราชสีมา เขต 3
บึงปรือ,ต.บึงปรือ อ.เทพารักษ์ จ.นครราชสีมา 30210,เขตพื้นที่การศึกษานครราชสีมา เขต 5
บุเขว้า,ต.หนองหอย อ.พระทองคำ จ.นครราชสีมา 30220,เขตพื้นที่การศึกษานครราชสีมา เขต 5
บัวถนน,ต.สูงเนิน อ.กระสัง จ.บุรีรัมย์ 31160,เขตพื้นที่การศึกษาบุรีรัมย์ เขต 2
บุตาเวสน์,ต.หนองกง อ.นางรอง จ.บุรีรัมย์ 31110,เขตพื้นที่การศึกษาบุรีรัมย์ เขต 3
บุตาสุ่มหนองโจด,ต.หนองยายพิมพ์ อ.นางรอง จ.บุรีรัมย์ 31110,เขตพื้นที่การศึกษาบุรีรัมย์ เขต 3
บุกระสัง,ต.บุกระสัง อ.หนองกี่ จ.บุรีรัมย์ 31210,เขตพื้นที่การศึกษาบุรีรัมย์ เขต 3
บาระแนะ,ต.หนองแวง อ.ละหานทราย จ.บุรีรัมย์ 31170,เขตพื้นที่การศึกษาบุรีรัมย์ เขต 3
บุ,ต.ตาจง อ.ละหานทราย จ.บุรีรัมย์ 31170,เขตพื้นที่การศึกษาบุรีรัมย์ เขต 3
บุวิทยาสรรค์,ต.จรเข้มาก อ.ประโคนชัย จ.บุรีรัมย์,เขตพื้นที่การศึกษาบุรีรัมย์ เขต 2
บัว,ต.จรเข้มาก อ.ประโคนชัย จ.บุรีรัมย์ 31140,เขตพื้นที่การศึกษาบุรีรัมย์ เขต 2
บุ (รัฐราษฎร์รังสฤษฎ์),ต.จรเข้มาก อ.ประโคนชัย จ.บุรีรัมย์,เขตพื้นที่การศึกษาบุรีรัมย์ เขต 2
บ่อดิน,ต.ไพศาล อ.ประโคนชัย จ.บุรีรัมย์,เขตพื้นที่การศึกษาบุรีรัมย์ เขต 2
บาตร (ชัยทัตราษฏร์บำรุง),ต.ตะโกตาพิ อ.ประโคนชัย จ.บุรีรัมย์,เขตพื้นที่การศึกษาบุรีรัมย์ เขต 2
บึงเจริญ,ต.บึงเจริญ อ.บ้านกรวด จ.บุรีรัมย์ 31180,เขตพื้นที่การศึกษาบุรีรัมย์ เขต 2
บุ่งเบา,ต.บ้านจาน อ.พุทไธสง จ.บุรีรัมย์ 31120,เขตพื้นที่การศึกษาบุรีรัมย์ เขต 4
บุตาวงษ์,ต.หนองคู อ.ลำปลายมาศ จ.บุรีรัมย์ 31130,เขตพื้นที่การศึกษาบุรีรัมย์ เขต 1
บริหารชนบท,ต.ทะเมนชัย อ.ลำปลายมาศ จ.บุรีรัมย์ 31130,เขตพื้นที่การศึกษาบุรีรัมย์ เขต 1
บุญช่วย,ต.สะเดา อ.พลับพลาชัย จ.บุรีรัมย์,เขตพื้นที่การศึกษาบุรีรัมย์ เขต 2
บุหนองเทา,ต.ช่อผกา อ.ชำนิ จ.บุรีรัมย์ 31110,เขตพื้นที่การศึกษาบุรีรัมย์ เขต 1
บุมะขามป้อม,ต.ปราสาท อ.บ้านด่าน จ.บุรีรัมย์ 31000,เขตพื้นที่การศึกษาบุรีรัมย์ เขต 1
บัวตะเคียน,ต.ตาเป๊ก อ.เฉลิมพระเกียรติ จ.บุรีรัมย์ 31110,เขตพื้นที่การศึกษาบุรีรัมย์ เขต 3
บุทม,ต.เมืองที อ.เมืองสุรินทร์ จ.สุรินทร์ 32000,เขตพื้นที่การศึกษาสุรินทร์ เขต 1
บรมสุข,ต.ราม อ.เมืองสุรินทร์ จ.สุรินทร์ 32000,เขตพื้นที่การศึกษาสุรินทร์ เขต 1
บุฤาษี,ต.บุฤาษี อ.เมืองสุรินทร์ จ.สุรินทร์ 32000,เขตพื้นที่การศึกษาสุรินทร์ เขต 1
บุตาโสม,ต.เมืองบัว อ.ชุมพลบุรี จ.สุรินทร์ 32190,เขตพื้นที่การศึกษาสุรินทร์ เขต 2
บัลลังก์พงสวาย,ต.ท่าตูม อ.ท่าตูม จ.สุรินทร์ 32120,เขตพื้นที่การศึกษาสุรินทร์ เขต 2
บอน,ต.กระโพ อ.ท่าตูม จ.สุรินทร์ 32120,เขตพื้นที่การศึกษาสุรินทร์ เขต 2
บัว,ต.กระโพ อ.ท่าตูม จ.สุรินทร์ 32120,เขตพื้นที่การศึกษาสุรินทร์ เขต 2
บะ,ต.บะ อ.ท่าตูม จ.สุรินทร์ 32120,เขตพื้นที่การศึกษาสุรินทร์ เขต 2
บัวโคก,ต.บัวโคก อ.ท่าตูม จ.สุรินทร์ 32120,เขตพื้นที่การศึกษาสุรินทร์ เขต 2
บุผาง,ต.หนองเมธี อ.ท่าตูม จ.สุรินทร์ 32120,เขตพื้นที่การศึกษาสุรินทร์ เขต 2
บุแกรง-ตะเคียน(ปานอุทิศวิทยา),ต.บุแกรง อ.จอมพระ จ.สุรินทร์ 32180,เขตพื้นที่การศึกษาสุรินทร์ เขต 1
บุอาไร,ต.บ้านผือ อ.จอมพระ จ.สุรินทร์ 32180,เขตพื้นที่การศึกษาสุรินทร์ เขต 1
บักดอก,ต.ปรือ อ.ปราสาท จ.สุรินทร์ 32140,เขตพื้นที่การศึกษาสุรินทร์ เขต 3
บุอันโนง,ต.ปราสาททนง อ.ปราสาท จ.สุรินทร์ 32140,เขตพื้นที่การศึกษาสุรินทร์ เขต 3
บักจรัง,ต.กาบเชิง อ.กาบเชิง จ.สุรินทร์ 32210,เขตพื้นที่การศึกษาสุรินทร์ เขต 3
บึง,ต.ดอนแรด อ.รัตนบุรี จ.สุรินทร์ 32130,เขตพื้นที่การศึกษาสุรินทร์ เขต 2
บอน,ต.กุดขาคีม อ.รัตนบุรี จ.สุรินทร์ 32130,เขตพื้นที่การศึกษาสุรินทร์ เขต 2
บ่อน้ำใส,ต.ตรึม อ.ศีขรภูมิ จ.สุรินทร์ 32110,เขตพื้นที่การศึกษาสุรินทร์ เขต 1
บึงขวาง,ต.คาละแมะ อ.ศีขรภูมิ จ.สุรินทร์ 32110,เขตพื้นที่การศึกษาสุรินทร์ เขต 1
บัวขุนจง(กรป.กลางอุปถัมภ์),ต.บัวเชด อ.บัวเชด จ.สุรินทร์ 32230,เขตพื้นที่การศึกษาสุรินทร์ เขต 3
บัวเชด,ต.บัวเชด อ.บัวเชด จ.สุรินทร์ 32230,เขตพื้นที่การศึกษาสุรินทร์ เขต 3
บึง(สนง.สลากกินแบ่งสมทบสร้าง 2531),ต.เขวาสินรินทร์ อ.เขวาสินรินทร์ จ.สุรินทร์ 32000,เขตพื้นที่การศึกษาสุรินทร์ เขต 1
บุญโลก,ต.เขวาสินรินทร์ อ.เขวาสินรินทร์ จ.สุรินทร์ 32000,เขตพื้นที่การศึกษาสุรินทร์ เขต 1
บึง-เบาะอุ่น,ต.บ้านแร่ อ.เขวาสินรินทร์ จ.สุรินทร์ 32000,เขตพื้นที่การศึกษาสุรินทร์ เขต 1
บก,ต.โพนข่า อ.เมืองศรีสะเกษ จ.ศรีสะเกษ 33000,เขตพื้นที่การศึกษาศรีสะเกษ เขต 1
บอนวิทยา,ต.บึงบอน อ.ยางชุมน้อย จ.ศรีสะเกษ 33190,เขตพื้นที่การศึกษาศรีสะเกษ เขต 1
บกขี้ยาง,ต.หนองหัวช้าง อ.กันทรารมย์ จ.ศรีสะเกษ 33130,เขตพื้นที่การศึกษาศรีสะเกษ เขต 1
บูรพา,ต.จาน อ.กันทรารมย์ จ.ศรีสะเกษ 33130,เขตพื้นที่การศึกษาศรีสะเกษ เขต 1
บัวน้อยโนนปอ,ต.บัวน้อย อ.กันทรารมย์ จ.ศรีสะเกษ 33130,เขตพื้นที่การศึกษาศรีสะเกษ เขต 1
บกบ่างถ่อนหนองขุน,ต.ผักแพว อ.กันทรารมย์ จ.ศรีสะเกษ 33130,เขตพื้นที่การศึกษาศรีสะเกษ เขต 1
บึงมะลู,ต.บึงมะลู อ.กันทรลักษ์ จ.ศรีสะเกษ 33110,เขตพื้นที่การศึกษาศรีสะเกษ เขต 4
บ่อทอง,ต.ปราสาท อ.ขุขันธ์ จ.ศรีสะเกษ 33140,เขตพื้นที่การศึกษาศรีสะเกษ เขต 3
บก(ประชาสามัคคี),ต.ห้วยเหนือ อ.ขุขันธ์ จ.ศรีสะเกษ 33140,เขตพื้นที่การศึกษาศรีสะเกษ เขต 3
บัวบก,ต.ตะเคียน อ.ขุขันธ์ จ.ศรีสะเกษ 33140,เขตพื้นที่การศึกษาศรีสะเกษ เขต 3
บ่อ,ต.หนองเชียงทูน อ.ปรางค์กู่ จ.ศรีสะเกษ 33170,เขตพื้นที่การศึกษาศรีสะเกษ เขต 3
บึงกระโพธิ์,ต.ตูม อ.ปรางค์กู่ จ.ศรีสะเกษ 33170,เขตพื้นที่การศึกษาศรีสะเกษ เขต 3
บัลลังก์,ต.โพธิ์ศรี อ.ปรางค์กู่ จ.ศรีสะเกษ 33170,เขตพื้นที่การศึกษาศรีสะเกษ เขต 3
บักดอง,ต.บักดอง อ.ขุนหาญ จ.ศรีสะเกษ 33150,เขตพื้นที่การศึกษาศรีสะเกษ เขต 4
บากเรือ,ต.เมืองคง อ.ราษีไศล จ.ศรีสะเกษ 33160,เขตพื้นที่การศึกษาศรีสะเกษ เขต 2
บัวหุ่ง(รัฐราษฎร์สามัคคี),ต.บัวหุ่ง อ.ราษีไศล จ.ศรีสะเกษ 33160,เขตพื้นที่การศึกษาศรีสะเกษ เขต 2
บึงหมอก,ต.ส้มป่อย อ.ราษีไศล จ.ศรีสะเกษ 33160,เขตพื้นที่การศึกษาศรีสะเกษ เขต 2
บอนใหญ่,ต.โพธิ์ชัย อ.อุทุมพรพิสัย จ.ศรีสะเกษ 33120,เขตพื้นที่การศึกษาศรีสะเกษ เขต 2
บุยาว,ต.กล้วยกว้าง อ.ห้วยทับทัน จ.ศรีสะเกษ 33210,เขตพื้นที่การศึกษาศรีสะเกษ เขต 2
บกแดงผักขะย่า,ต.บก อ.โนนคูณ จ.ศรีสะเกษ 33250,เขตพื้นที่การศึกษาศรีสะเกษ เขต 1
บกห้วยโนน,ต.พิงพวย อ.ศรีรัตนะ จ.ศรีสะเกษ 33240,เขตพื้นที่การศึกษาศรีสะเกษ เขต 4
บัวระรมย์,ต.ตองปิด อ.น้ำเกลี้ยง จ.ศรีสะเกษ 33130,เขตพื้นที่การศึกษาศรีสะเกษ เขต 1
บะไห,ต.ห้วยยาง อ.โขงเจียม จ.อุบลราชธานี 34220,เขตพื้นที่การศึกษาอุบลราชธานี เขต 3
บุตร,ต.แดงหม้อ อ.เขื่องใน จ.อุบลราชธานี 34150,เขตพื้นที่การศึกษาอุบลราชธานี เขต 1
บุ่งซวยห้วยยาง,ต.เขมราฐ อ.เขมราฐ จ.อุบลราชธานี 34170,เขตพื้นที่การศึกษาอุบลราชธานี เขต 2
บาก,ต.หนองผือ อ.เขมราฐ จ.อุบลราชธานี 34170,เขตพื้นที่การศึกษาอุบลราชธานี เขต 2
บึงหอม,ต.หนองผือ อ.เขมราฐ จ.อุบลราชธานี 34170,เขตพื้นที่การศึกษาอุบลราชธานี เขต 2
บุ่งวิทยา,ต.นาแวง อ.เขมราฐ จ.อุบลราชธานี 34170,เขตพื้นที่การศึกษาอุบลราชธานี เขต 2
บัวเจริญ,ต.ทุ่งเทิง อ.เดชอุดม จ.อุบลราชธานี 34160,เขตพื้นที่การศึกษาอุบลราชธานี เขต 5
บัวทอง,ต.บัวงาม อ.เดชอุดม จ.อุบลราชธานี 34160,เขตพื้นที่การศึกษาอุบลราชธานี เขต 5
บัวเทียม,ต.กลาง อ.เดชอุดม จ.อุบลราชธานี 34160,เขตพื้นที่การศึกษาอุบลราชธานี เขต 5
บัวงาม,ต.บัวงาม อ.เดชอุดม จ.อุบลราชธานี 34160,เขตพื้นที่การศึกษาอุบลราชธานี เขต 5
บุ่งคำ,ต.พรสวรรค์ อ.นาจะหลวย จ.อุบลราชธานี 34280,เขตพื้นที่การศึกษาอุบลราชธานี เขต 5
บก,ต.ห้วยข่า อ.บุณฑริก จ.อุบลราชธานี 34230,เขตพื้นที่การศึกษาอุบลราชธานี เขต 5
บ่อหิน,ต.ไหล่ทุ่ง อ.ตระการพืชผล จ.อุบลราชธานี 34130,เขตพื้นที่การศึกษาอุบลราชธานี เขต 2
บกหนองทันน้ำ,ต.หนองทันน้ำ อ.กุดข้าวปุ้น จ.อุบลราชธานี 34270,เขตพื้นที่การศึกษาอุบลราชธานี เขต 2
บัวยาง,ต.ดุมใหญ่ อ.ม่วงสามสิบ จ.อุบลราชธานี 34140,เขตพื้นที่การศึกษาอุบลราชธานี เขต 1
บก,ต.หนองไข่นก อ.ม่วงสามสิบ จ.อุบลราชธานี 34140,เขตพื้นที่การศึกษาอุบลราชธานี เขต 1
บัววัด,ต.ธาตุ อ.วารินชำราบ จ.อุบลราชธานี 34190,เขตพื้นที่การศึกษาอุบลราชธานี เขต 4
บาก,ต.สระสมิง อ.วารินชำราบ จ.อุบลราชธานี 34190,เขตพื้นที่การศึกษาอุบลราชธานี เขต 4
บุ่งหวาย,ต.บุ่งหวาย อ.วารินชำราบ จ.อุบลราชธานี 34310,เขตพื้นที่การศึกษาอุบลราชธานี เขต 4
บก(มั่นสามัคคีพิทยาคาร),ต.โนนผึ้ง อ.วารินชำราบ จ.อุบลราชธานี 34190,เขตพื้นที่การศึกษาอุบลราชธานี เขต 4
บุ่งคำ,ต.ดอนจิก อ.พิบูลมังสาหาร จ.อุบลราชธานี 34110,เขตพื้นที่การศึกษาอุบลราชธานี เขต 3
บุ่งคำสาขาดอนใหญ่,ต.ดอนจิก อ.พิบูลมังสาหาร จ.อุบลราชธานี 34110,เขตพื้นที่การศึกษาอุบลราชธานี เขต 3
บัวแดง,ต.หนองบัวฮี อ.พิบูลมังสาหาร จ.อุบลราชธานี 34110,เขตพื้นที่การศึกษาอุบลราชธานี เขต 3
บัวทอง,ต.หนองบัวฮี อ.พิบูลมังสาหาร จ.อุบลราชธานี 34110,เขตพื้นที่การศึกษาอุบลราชธานี เขต 3
บุ่ง,ต.โนนกาเล็น อ.สำโรง จ.อุบลราชธานี 34360,เขตพื้นที่การศึกษาอุบลราชธานี เขต 4
บอน,ต.บอน อ.สำโรง จ.อุบลราชธานี 34360,เขตพื้นที่การศึกษาอุบลราชธานี เขต 4
บากชุม,ต.โนนก่อ อ.สิรินธร จ.อุบลราชธานี 34350,เขตพื้นที่การศึกษาอุบลราชธานี เขต 3
บก,ต.พะลาน อ.นาตาล จ.อุบลราชธานี 34170,เขตพื้นที่การศึกษาอุบลราชธานี เขต 2
บัวท่า,ต.ท่าช้าง อ.สว่างวีระวงศ์ จ.อุบลราชธานี 34190,เขตพื้นที่การศึกษาอุบลราชธานี เขต 4
บัวเทิง,ต.ท่าช้าง อ.สว่างวีระวงศ์ จ.อุบลราชธานี 34190,เขตพื้นที่การศึกษาอุบลราชธานี เขต 4
บุ่งมะแลง,ต.บุ่งมะแลง อ.สว่างวีระวงศ์ จ.อุบลราชธานี 34190,เขตพื้นที่การศึกษาอุบลราชธานี เขต 4
บาก,ต.เดิด อ.เมืองยโสธร จ.ยโสธร 35000,เขตพื้นที่การศึกษายโสธร เขต 1
บะคอม,ต.นาเวียง อ.ทรายมูล จ.ยโสธร 35170,เขตพื้นที่การศึกษายโสธร เขต 2
บุ่งหวาย,ต.สงเปือย อ.คำเขื่อนแก้ว จ.ยโสธร 35110,เขตพื้นที่การศึกษายโสธร เขต 1
บกน้อย,ต.ดงแคนใหญ่ อ.คำเขื่อนแก้ว จ.ยโสธร 35180,เขตพื้นที่การศึกษายโสธร เขต 1
บากเรือ,ต.บากเรือ อ.มหาชนะชัย จ.ยโสธร 35130,เขตพื้นที่การศึกษายโสธร เขต 1
บัวขาว,ต.ม่วง อ.มหาชนะชัย จ.ยโสธร 35130,เขตพื้นที่การศึกษายโสธร เขต 1
บ่อบึงโพนจาน,ต.สงยาง อ.มหาชนะชัย จ.ยโสธร 35130,เขตพื้นที่การศึกษายโสธร เขต 1
บากใหญ่หนองปอหนองซำ,ต.น้ำอ้อม อ.ค้อวัง จ.ยโสธร 35160,เขตพื้นที่การศึกษายโสธร เขต 1
บุ่งค้า,ต.บุ่งค้า อ.เลิงนกทา จ.ยโสธร 35120,เขตพื้นที่การศึกษายโสธร เขต 2
บัว(รัฐราษฎร์วิทยา),ต.บ้านบัว อ.เกษตรสมบูรณ์ จ.ชัยภูมิ 36120,เขตพื้นที่การศึกษาชัยภูมิ เขต 2
บุ่งสิบสี่ราษฎร์บำรุง,ต.โนนทอง อ.เกษตรสมบูรณ์ จ.ชัยภูมิ 36120,เขตพื้นที่การศึกษาชัยภูมิ เขต 2
บ่อทอง,ต.ถ้ำวัวแดง อ.หนองบัวแดง จ.ชัยภูมิ 36210,เขตพื้นที่การศึกษาชัยภูมิ เขต 1
บุ่งเวียนวิทยา,ต.โป่งนก อ.เทพสถิต จ.ชัยภูมิ 36230,เขตพื้นที่การศึกษาชัยภูมิ เขต 3
บะเสียว,ต.หนองฉิม อ.เนินสง่า จ.ชัยภูมิ 36130,เขตพื้นที่การศึกษาชัยภูมิ เขต 3
บุฉนวน,ต.ซับใหญ่ อ.ซับใหญ่ จ.ชัยภูมิ 36130,เขตพื้นที่การศึกษาชัยภูมิ เขต 3
บุฉนวน สาขาหนองใหญ่,ต.ซับใหญ่ อ.ซับใหญ่ จ.ชัยภูมิ 36130,เขตพื้นที่การศึกษาชัยภูมิ เขต 3
บาก,ต.สร้างนกทา อ.เมืองอำนาจเจริญ จ.อำนาจเจริญ 37000,เขตพื้นที่การศึกษาอำนาจเจริญ เขต 1
บุ่งเขียว,ต.โคกก่ง อ.ชานุมาน จ.อำนาจเจริญ 37210,เขตพื้นที่การศึกษาอำนาจเจริญ เขต 1
บก,ต.เสนางคนิคม อ.เสนางคนิคม จ.อำนาจเจริญ 37290,เขตพื้นที่การศึกษาอำนาจเจริญ เขต 1
บ่อชะเนง,ต.หนองแก้ว อ.หัวตะพาน จ.อำนาจเจริญ,เขตพื้นที่การศึกษาอำนาจเจริญ เขต 1
บกโนนเรียง,ต.บ้านพร้าว อ.เมืองหนองบัวลำภู จ.หนองบัวลำภู 39000,เขตพื้นที่การศึกษาหนองบัวลำภู เขต 1
บกฯสาขาบ้านพันดอน,ต.บ้านพร้าว อ.เมืองหนองบัวลำภู จ.หนองบัวลำภู 39000,เขตพื้นที่การศึกษาหนองบัวลำภู เขต 1
บุ่งบก,ต.ป่าไม้งาม อ.เมืองหนองบัวลำภู จ.หนองบัวลำภู 39000,เขตพื้นที่การศึกษาหนองบัวลำภู เขต 1
บุ่งแก้ว,ต.หนองบัวใต้ อ.ศรีบุญเรือง จ.หนองบัวลำภู 39180,เขตพื้นที่การศึกษาหนองบัวลำภู เขต 1
บุญทัน,ต.บุญทัน อ.สุวรรณคูหา จ.หนองบัวลำภู 39270,เขตพื้นที่การศึกษาหนองบัวลำภู เขต 2
บึงฉิม,ต.บึงเนียม อ.เมืองขอนแก่น จ.ขอนแก่น 40000,เขตพื้นที่การศึกษาขอนแก่น เขต 1
บึงเนียมบึงใคร่นุ่น,ต.บึงเนียม อ.เมืองขอนแก่น จ.ขอนแก่น 40000,เขตพื้นที่การศึกษาขอนแก่น เขต 1
บึงสวางค์คุยโพธิ์,ต.บึงเนียม อ.เมืองขอนแก่น จ.ขอนแก่น 40000,เขตพื้นที่การศึกษาขอนแก่น เขต 1
บึงแก,ต.โนนท่อน อ.เมืองขอนแก่น จ.ขอนแก่น 40000,เขตพื้นที่การศึกษาขอนแก่น เขต 1
บะยาว,ต.หนองบัว อ.บ้านฝาง จ.ขอนแก่น 40270,เขตพื้นที่การศึกษาขอนแก่น เขต 1
บ่อแก,ต.ขามป้อม อ.พระยืน จ.ขอนแก่น 40320,เขตพื้นที่การศึกษาขอนแก่น เขต 1
บุ่งเม่นหนองดู่,ต.วังเพิ่ม อ.สีชมพู จ.ขอนแก่น 40220,เขตพื้นที่การศึกษาขอนแก่น เขต 5
บริบูรณ์,ต.บริบูรณ์ อ.สีชมพู จ.ขอนแก่น 40220,เขตพื้นที่การศึกษาขอนแก่น เขต 5
บึงกลาง,ต.หนองกุง อ.น้ำพอง จ.ขอนแก่น 40140,เขตพื้นที่การศึกษาขอนแก่น เขต 4
บ่อ,ต.บ้านดง อ.อุบลรัตน์ จ.ขอนแก่น 40250,เขตพื้นที่การศึกษาขอนแก่น เขต 4
บะแต้,ต.หนองโก อ.กระนวน จ.ขอนแก่น 40170,เขตพื้นที่การศึกษาขอนแก่น เขต 4
บ่อตะครองโนนฝ้ายสามัคคี,ต.โนนข่า อ.พล จ.ขอนแก่น 40120,เขตพื้นที่การศึกษาขอนแก่น เขต 3
บะแค,ต.แวงใหญ่ อ.แวงใหญ่ จ.ขอนแก่น,เขตพื้นที่การศึกษาขอนแก่น เขต 3
บะแหบหญ้าคา,ต.ก้านเหลือง อ.แวงน้อย จ.ขอนแก่น 40230,เขตพื้นที่การศึกษาขอนแก่น เขต 3
บัว,ต.กุดเค้า อ.มัญจาคีรี จ.ขอนแก่น 40160,เขตพื้นที่การศึกษาขอนแก่น เขต 2
บ่อใหญ่,ต.คูคำ อ.ซำสูง จ.ขอนแก่น 40170,เขตพื้นที่การศึกษาขอนแก่น เขต 4
บ่อน้อยประชาสรรค์,ต.เชียงยืน อ.เมืองอุดรธานี จ.อุดรธานี,เขตพื้นที่การศึกษาอุดรธานี เขต 1
บุ่งหมากลาน,ต.ปะโค อ.กุมภวาปี จ.อุดรธานี 41370,เขตพื้นที่การศึกษาอุดรธานี เขต 2
บะยาว,ต.บุ่งแก้ว อ.โนนสะอาด จ.อุดรธานี,เขตพื้นที่การศึกษาอุดรธานี เขต 2
บ่อปัทม์,ต.สะแบง อ.หนองหาน จ.อุดรธานี 41130,เขตพื้นที่การศึกษาอุดรธานี เขต 3
บ่อคํา,ต.ดอนหายโศก อ.หนองหาน จ.อุดรธานี 41130,เขตพื้นที่การศึกษาอุดรธานี เขต 3
บง,ต.นาโป่ง อ.เมืองเลย จ.เลย 42000,เขตพื้นที่การศึกษาเลย เขต 1
บุฮม,ต.บุฮม อ.เชียงคาน จ.เลย 42110,เขตพื้นที่การศึกษาเลย เขต 1
บ่อเหมืองน้อย,ต.แสงภา อ.นาแห้ว จ.เลย -,เขตพื้นที่การศึกษาเลย เขต 1
บง,ต.ท่าศาลา อ.ภูเรือ จ.เลย 42160,เขตพื้นที่การศึกษาเลย เขต 1
บวกอ่าง,ต.โคกใหญ่ อ.ท่าลี่ จ.เลย 42140,เขตพื้นที่การศึกษาเลย เขต 1
บุ่งค้อ,ต.ทรายขาว อ.วังสะพุง จ.เลย 42130,เขตพื้นที่การศึกษาเลย เขต 2
บึงสวรรค์,ต.หนองหญ้าปล้อง อ.วังสะพุง จ.เลย 42130,เขตพื้นที่การศึกษาเลย เขต 2
บุ่งตาข่าย,ต.ปากปวน อ.วังสะพุง จ.เลย 42130,เขตพื้นที่การศึกษาเลย เขต 2
บุ่งไสล่,ต.ศรีสงคราม อ.วังสะพุง จ.เลย 42130,เขตพื้นที่การศึกษาเลย เขต 2
บ่อแปบหนองหญ้าม้าวิทยา,ต.พระธาตุบังพวน อ.เมืองหนองคาย จ.หนองคาย 43110,เขตพื้นที่การศึกษาหนองคาย เขต 1
บงวิทยา,ต.สีกาย อ.เมืองหนองคาย จ.หนองคาย 43000,เขตพื้นที่การศึกษาหนองคาย เขต 1
บึงกาฬ,ต.บึงกาฬ อ.บึงกาฬ จ.หนองคาย 43140,เขตพื้นที่การศึกษาหนองคาย เขต 3
บัว,ต.ชุมช้าง อ.โพนพิสัย จ.หนองคาย 43120,เขตพื้นที่การศึกษาหนองคาย เขต 2
บ่อพนา,ต.โสกก่าม อ.เซกา จ.หนองคาย 43150,เขตพื้นที่การศึกษาหนองคาย เขต 3
บะยาวราษฎร์นุเคราะห์,ต.หนองยอง อ.ปากคาด จ.หนองคาย 43190,เขตพื้นที่การศึกษาหนองคาย เขต 2
บัวโคก,ต.โพธิ์หมากแข้ง อ.บึงโขงหลง จ.หนองคาย 43220,เขตพื้นที่การศึกษาหนองคาย เขต 3
บ่อน้อยหนองงัวสว่างวิทย์,ต.ท่าสองคอน อ.เมืองมหาสารคาม จ.มหาสารคาม 44000,เขตพื้นที่การศึกษามหาสารคาม เขต 1
บุ่งคล้าท่างาม,ต.ลาดพัฒนา อ.เมืองมหาสารคาม จ.มหาสารคาม 44000,เขตพื้นที่การศึกษามหาสารคาม เขต 1
บะหลวงหนองแวง,ต.วังยาว อ.โกสุมพิสัย จ.มหาสารคาม 44140,เขตพื้นที่การศึกษามหาสารคาม เขต 1
บรบือ(บรบือราษฎร์ผดุง),ต.บรบือ อ.บรบือ จ.มหาสารคาม 44130,เขตพื้นที่การศึกษามหาสารคาม เขต 2
บ่อใหญ่,ต.บ่อใหญ่ อ.บรบือ จ.มหาสารคาม 44130,เขตพื้นที่การศึกษามหาสารคาม เขต 2
บัวมาศ,ต.บัวมาศ อ.บรบือ จ.มหาสารคาม 44130,เขตพื้นที่การศึกษามหาสารคาม เขต 2
บกพร้าว,ต.ยาง อ.บรบือ จ.มหาสารคาม 44130,เขตพื้นที่การศึกษามหาสารคาม เขต 2
บุ่งง้าว,ต.แวงดง อ.ยางสีสุราช จ.มหาสารคาม 44210,เขตพื้นที่การศึกษามหาสารคาม เขต 2
บ่อแก,ต.เลิงแฝก อ.กุดรัง จ.มหาสารคาม 44130,เขตพื้นที่การศึกษามหาสารคาม เขต 1
บัวแดง(ปทุมรัตต์วิทยาคาร),ต.บัวแดง อ.ปทุมรัตต์ จ.ร้อยเอ็ด 45190,เขตพื้นที่การศึกษาร้อยเอ็ด เขต 2
บัวขาว,ต.สระบัว อ.ปทุมรัตต์ จ.ร้อยเอ็ด 45190,เขตพื้นที่การศึกษาร้อยเอ็ด เขต 2
บัวงาม,ต.โพธิ์ใหญ่ อ.พนมไพร จ.ร้อยเอ็ด 45140,เขตพื้นที่การศึกษาร้อยเอ็ด เขต 2
บะเค(ราษฎร์ผดุงวิทยาคาร),ต.โพธิ์ทอง อ.โพนทอง จ.ร้อยเอ็ด 45110,เขตพื้นที่การศึกษาร้อยเอ็ด เขต 3
บึงอุดม,ต.นาอุดม อ.โพนทอง จ.ร้อยเอ็ด 45110,เขตพื้นที่การศึกษาร้อยเอ็ด เขต 3
บัว,ต.คำนาดี อ.โพนทอง จ.ร้อยเอ็ด 45110,เขตพื้นที่การศึกษาร้อยเอ็ด เขต 3
บัวสาขาบ้านดงมัน(ขอยุบ),ต.คำนาดี อ.โพนทอง จ.ร้อยเอ็ด 45110,เขตพื้นที่การศึกษาร้อยเอ็ด เขต 3
บะยาวบุ่งโง้งสามัคคี,ต.กกโพธิ์ อ.หนองพอก จ.ร้อยเอ็ด 45120,เขตพื้นที่การศึกษาร้อยเอ็ด เขต 3
บุ่งเบ้าห้วยเจริญ,ต.นาแซง อ.เสลภูมิ จ.ร้อยเอ็ด 45120,เขตพื้นที่การศึกษาร้อยเอ็ด เขต 3
บากหนองเทา,ต.วังหลวง อ.เสลภูมิ จ.ร้อยเอ็ด 45120,เขตพื้นที่การศึกษาร้อยเอ็ด เขต 3
บาโคหนองแคน,ต.ภูเงิน อ.เสลภูมิ จ.ร้อยเอ็ด 45120,เขตพื้นที่การศึกษาร้อยเอ็ด เขต 3
บ่อแกนาเลา,ต.บึงเกลือ อ.เสลภูมิ จ.ร้อยเอ็ด 45120,เขตพื้นที่การศึกษาร้อยเอ็ด เขต 3
บุ่งเบา,ต.อาจสามารถ อ.อาจสามารถ จ.ร้อยเอ็ด 45160,เขตพื้นที่การศึกษาร้อยเอ็ด เขต 2
บากหนองแดง,ต.บ้านบาก อ.ศรีสมเด็จ จ.ร้อยเอ็ด 45000,เขตพื้นที่การศึกษาร้อยเอ็ด เขต 1
บึงโดนรัฐราษฎร์อนุสรณ์,ต.แสนชาติ อ.จังหาร จ.ร้อยเอ็ด 45270,เขตพื้นที่การศึกษาร้อยเอ็ด เขต 1
บุ่งค้าแก่งข่า,ต.พระธาตุ อ.เชียงขวัญ จ.ร้อยเอ็ด 45000,เขตพื้นที่การศึกษาร้อยเอ็ด เขต 1
บัวหลวง(สหราษฎร์บำรุง),ต.เหล่า อ.ทุ่งเขาหลวง จ.ร้อยเอ็ด 45170,เขตพื้นที่การศึกษาร้อยเอ็ด เขต 1
บ่อโนนมะค้ำวิทยาคาร,ต.ธัญญา อ.กมลาไสย จ.กาฬสินธุ์ 46130,เขตพื้นที่การศึกษากาฬสินธุ์ เขต 1
บัวขาว(พร้อมพันธ์อุปถัมภ์),ต.บัวขาว อ.กุฉินารายณ์ จ.กาฬสินธุ์ 46110,เขตพื้นที่การศึกษากาฬสินธุ์ เขต 3
บัวขาว(วันครู 2500),ต.บัวขาว อ.กุฉินารายณ์ จ.กาฬสินธุ์ 46110,เขตพื้นที่การศึกษากาฬสินธุ์ เขต 3
บึงทอง,ต.สามขา อ.กุฉินารายณ์ จ.กาฬสินธุ์ 46110,เขตพื้นที่การศึกษากาฬสินธุ์ เขต 3
บัวสามัคคี,ต.แซงบาดาล อ.สมเด็จ จ.กาฬสินธุ์ 46150,เขตพื้นที่การศึกษากาฬสินธุ์ เขต 3
บึงบาดาลราษฎร์บำรุง,ต.แซงบาดาล อ.สมเด็จ จ.กาฬสินธุ์ 46150,เขตพื้นที่การศึกษากาฬสินธุ์ เขต 3
บึงโคกสะอาด,ต.หมูม่น อ.สมเด็จ จ.กาฬสินธุ์ 46150,เขตพื้นที่การศึกษากาฬสินธุ์ เขต 3
บ่อแก้ว,ต.บ่อแก้ว อ.นาคู จ.กาฬสินธุ์ 46160,เขตพื้นที่การศึกษากาฬสินธุ์ เขต 3
บอนสหราษฎร์บำรุง,ต.ห้วยยาง อ.เมืองสกลนคร จ.สกลนคร 47000,เขตพื้นที่การศึกษาสกลนคร เขต 1
บอนสหราษฎร์อุทิศ,ต.นาโพธิ์ อ.กุสุมาลย์ จ.สกลนคร 47210,เขตพื้นที่การศึกษาสกลนคร เขต 1
บัวคุรุราษฎร์สามัคคี,ต.กุดบาก อ.กุดบาก จ.สกลนคร 47180,เขตพื้นที่การศึกษาสกลนคร เขต 2
บะทองนาหัวช้าง,ต.พรรณา อ.พรรณานิคม จ.สกลนคร 47130,เขตพื้นที่การศึกษาสกลนคร เขต 2
บึง,ต.วังยาง อ.พรรณานิคม จ.สกลนคร 47130,เขตพื้นที่การศึกษาสกลนคร เขต 2
บัวราษฏร์บำรุง,ต.สว่าง อ.พรรณานิคม จ.สกลนคร 47000,เขตพื้นที่การศึกษาสกลนคร เขต 2
บัว (สระพังวิทยา),ต.สว่าง อ.พรรณานิคม จ.สกลนคร 47130,เขตพื้นที่การศึกษาสกลนคร เขต 2
บะหัวเมย,ต.บะฮี อ.พรรณานิคม จ.สกลนคร 47130,เขตพื้นที่การศึกษาสกลนคร เขต 2
บะฮี,ต.บะฮี อ.พรรณานิคม จ.สกลนคร 47130,เขตพื้นที่การศึกษาสกลนคร เขต 2
บะนกทา,ต.หนองสนม อ.วานรนิวาส จ.สกลนคร 47120,เขตพื้นที่การศึกษาสกลนคร เขต 3
บะป่าคา,ต.หนองสนม อ.วานรนิวาส จ.สกลนคร 47120,เขตพื้นที่การศึกษาสกลนคร เขต 3
บะสะแบง,ต.คอนสวรรค์ อ.วานรนิวาส จ.สกลนคร 47120,เขตพื้นที่การศึกษาสกลนคร เขต 3
บ่อแดง,ต.หนองกวั่ง อ.บ้านม่วง จ.สกลนคร 47140,เขตพื้นที่การศึกษาสกลนคร เขต 3
บะยาว,ต.บะหว้า อ.อากาศอำนวย จ.สกลนคร,เขตพื้นที่การศึกษาสกลนคร เขต 3
บะหว้า,ต.บะหว้า อ.อากาศอำนวย จ.สกลนคร 47170,เขตพื้นที่การศึกษาสกลนคร เขต 3
บาก,ต.บงเหนือ อ.สว่างแดนดิน จ.สกลนคร -,เขตพื้นที่การศึกษาสกลนคร เขต 2
บึงโน,ต.โคกสี อ.สว่างแดนดิน จ.สกลนคร 47110,เขตพื้นที่การศึกษาสกลนคร เขต 2
บงใต้โนนรัง,ต.บงใต้ อ.สว่างแดนดิน จ.สกลนคร 47110,เขตพื้นที่การศึกษาสกลนคร เขต 2
บ่อร้าง (ผลานิวรรต),ต.บงใต้ อ.สว่างแดนดิน จ.สกลนคร 47110,เขตพื้นที่การศึกษาสกลนคร เขต 2
บ่อแกใหญ่(มิตรภาพที่ 36),ต.ปทุมวาปี อ.ส่องดาว จ.สกลนคร 47190,เขตพื้นที่การศึกษาสกลนคร เขต 2
บ่อเดือนห้า,ต.โคกภู อ.ภูพาน จ.สกลนคร 47180,เขตพื้นที่การศึกษาสกลนคร เขต 1
บุ่ง,ต.รามราช อ.ท่าอุเทน จ.นครพนม 48120,เขตพื้นที่การศึกษานครพนม เขต 2
บ่อสะอาด,ต.เรณูใต้ อ.เรณูนคร จ.นครพนม 48170,เขตพื้นที่การศึกษานครพนม เขต 1
บ่อดอกซ้อน,ต.พระซอง อ.นาแก จ.นครพนม 48130,เขตพื้นที่การศึกษานครพนม เขต 1
บงคํา,ต.โพนจาน อ.โพนสวรรค์ จ.นครพนม 48190,เขตพื้นที่การศึกษานครพนม เขต 2
บุ่งอุทัย,ต.นาสีนวน อ.เมืองมุกดาหาร จ.มุกดาหาร 49000,เขตพื้นที่การศึกษามุกดาหาร เขต 1
บะ,ต.กกแดง อ.นิคมคำสร้อย จ.มุกดาหาร 49130,เขตพื้นที่การศึกษามุกดาหาร เขต 1
บาก2,ต.บ้านบาก อ.ดอนตาล จ.มุกดาหาร 49120,เขตพื้นที่การศึกษามุกดาหาร เขต 1
บาก1,ต.คำบก อ.คำชะอี จ.มุกดาหาร 49110,เขตพื้นที่การศึกษามุกดาหาร เขต 1
บุ่ง,ต.ภูวง อ.หนองสูง จ.มุกดาหาร 49160,เขตพื้นที่การศึกษามุกดาหาร เขต 1
บนนา,ต.บ้านแปะ อ.จอมทอง จ.เชียงใหม่ 50240,เขตพื้นที่การศึกษาเชียงใหม่ เขต 5
บนนา,ต.ช่างเคิ่ง อ.แม่แจ่ม จ.เชียงใหม่ 50270,เขตพื้นที่การศึกษาเชียงใหม่ เขต 5
บ่อหิน,ต.ตลาดขวัญ อ.ดอยสะเก็ด จ.เชียงใหม่ 50220,เขตพื้นที่การศึกษาเชียงใหม่ เขต 1
บวกหมื้อ,ต.ขี้เหล็ก อ.แม่แตง จ.เชียงใหม่ 50150,เขตพื้นที่การศึกษาเชียงใหม่ เขต 2
บวกจั่น,ต.โป่งแยง อ.แม่ริม จ.เชียงใหม่ 50180,เขตพื้นที่การศึกษาเชียงใหม่ เขต 2
บ่อแก้ว,ต.บ่อแก้ว อ.สะเมิง จ.เชียงใหม่,เขตพื้นที่การศึกษาเชียงใหม่ เขต 2
บวกค้าง,ต.บวกค้าง อ.สันกำแพง จ.เชียงใหม่ 50130,เขตพื้นที่การศึกษาเชียงใหม่ เขต 1
บ่อสร้าง,ต.ต้นเปา อ.สันกำแพง จ.เชียงใหม่ 50130,เขตพื้นที่การศึกษาเชียงใหม่ เขต 1
บวกเปา,ต.หนองแหย่ง อ.สันทราย จ.เชียงใหม่,เขตพื้นที่การศึกษาเชียงใหม่ เขต 2
บ่อหลวง,ต.บ่อหลวง อ.ฮอด จ.เชียงใหม่ 50240,เขตพื้นที่การศึกษาเชียงใหม่ เขต 5
บ่อสลี,ต.บ่อสลี อ.ฮอด จ.เชียงใหม่ 50240,เขตพื้นที่การศึกษาเชียงใหม่ เขต 5
บ่อสลี สาขาแม่แวน,ต.บ่อสลี อ.ฮอด จ.เชียงใหม่ 50240,เขตพื้นที่การศึกษาเชียงใหม่ เขต 5
บงตัน,ต.บงตัน อ.ดอยเต่า จ.เชียงใหม่ 50260,เขตพื้นที่การศึกษาเชียงใหม่ เขต 5
บวก,ต.ดงดำ อ.ลี้ จ.ลำพูน 51110,เขตพื้นที่การศึกษาลำพูน เขต 2
บ่อหิน,ต.บ้านเป้า อ.เมืองลำปาง จ.ลำปาง 52100,เขตพื้นที่การศึกษาลำปาง เขต 1
บุญนาค,ต.บุญนาคพัฒนา อ.เมืองลำปาง จ.ลำปาง 52000,เขตพื้นที่การศึกษาลำปาง เขต 1
บ่อห้อ,ต.บ้านแหง อ.งาว จ.ลำปาง 52011,เขตพื้นที่การศึกษาลำปาง เขต 1
บอม,ต.บ้านบอม อ.แม่ทะ จ.ลำปาง 52150,เขตพื้นที่การศึกษาลำปาง เขต 2
บ่อพระ,ต.คุ้งตะเภา อ.เมืองอุตรดิตถ์ จ.อุตรดิตถ์ 53000,เขตพื้นที่การศึกษาอุตรดิตถ์ เขต 1
บึงพาด(นิคมราษฎร์สงเคราะห์),ต.หาดสองแคว อ.ตรอน จ.อุตรดิตถ์ 53140,เขตพื้นที่การศึกษาอุตรดิตถ์ เขต 1
บ่อเบี้ย,ต.บ่อเบี้ย อ.บ้านโคก จ.อุตรดิตถ์ 53180,เขตพื้นที่การศึกษาอุตรดิตถ์ เขต 2
บึงท่ายวน,ต.คอรุม อ.พิชัย จ.อุตรดิตถ์ 53120,เขตพื้นที่การศึกษาอุตรดิตถ์ เขต 1
บุญแจ่ม(ประชาสามัคคี),ต.น้ำเลา อ.ร้องกวาง จ.แพร่ 54140,เขตพื้นที่การศึกษาแพร่ เขต 1
บุญเริง(ประชานุสรณ์),ต.บ้านเวียง อ.ร้องกวาง จ.แพร่ 54140,เขตพื้นที่การศึกษาแพร่ เขต 1
บ่อ,ต.บ้านปิน อ.ลอง จ.แพร่ 54150,เขตพื้นที่การศึกษาแพร่ เขต 2
บ่อแก้ว,ต.ไทรย้อย อ.เด่นชัย จ.แพร่ 54000,เขตพื้นที่การศึกษาแพร่ เขต 2
บ่อสวก,ต.สวก อ.เมืองน่าน จ.น่าน 55000,เขตพื้นที่การศึกษาน่าน เขต 1
บวกแรด,ต.หมอเมือง อ.แม่จริม จ.น่าน 55170,เขตพื้นที่การศึกษาน่าน เขต 1
บุ้ง,ต.นาน้อย อ.นาน้อย จ.น่าน 55150,เขตพื้นที่การศึกษาน่าน เขต 1
บุญเรือง,ต.ไหล่น่าน อ.เวียงสา จ.น่าน 55110,เขตพื้นที่การศึกษาน่าน เขต 1
บ่อหอย,ต.ยาบหัวนา อ.เวียงสา จ.น่าน 55110,เขตพื้นที่การศึกษาน่าน เขต 1
บ่อหยวก,ต.บ่อเกลือเหนือ อ.บ่อเกลือ จ.น่าน 55220,เขตพื้นที่การศึกษาน่าน เขต 2
บ่อหลวง,ต.บ่อเกลือใต้ อ.บ่อเกลือ จ.น่าน 55220,เขตพื้นที่การศึกษาน่าน เขต 2
บ่อหลวงสาขาห้วยโป่ง,ต.บ่อเกลือใต้ อ.บ่อเกลือ จ.น่าน 55220,เขตพื้นที่การศึกษาน่าน เขต 2
บุปผาราม,ต.ฝายแก้ว อ.ภูเพียง จ.น่าน 55000,เขตพื้นที่การศึกษาน่าน เขต 1
บัว,ต.แม่กา อ.เมืองพะเยา จ.พะเยา 56000,เขตพื้นที่การศึกษาพะเยา เขต 1
บ่อแฮ้วสันช้างหิน,ต.แม่ใส อ.เมืองพะเยา จ.พะเยา 56000,เขตพื้นที่การศึกษาพะเยา เขต 1
บ่อเบี้ย,ต.บ้านมาง อ.เชียงม่วน จ.พะเยา 56160,เขตพื้นที่การศึกษาพะเยา เขต 2
บุญเรือง(อินทะวงศานุเคราะห์),ต.บุญเกิด อ.ดอกคำใต้ จ.พะเยา 56120,เขตพื้นที่การศึกษาพะเยา เขต 1
บุญเรือง,ต.ปง อ.ปง จ.พะเยา 56140,เขตพื้นที่การศึกษาพะเยา เขต 2
บุญยืน,ต.นาปรัง อ.ปง จ.พะเยา 56140,เขตพื้นที่การศึกษาพะเยา เขต 2
บ่อทอง,ต.ท่าสุด อ.เมืองเชียงราย จ.เชียงราย 57100,เขตพื้นที่การศึกษาเชียงราย เขต 1
บุญเรือง,ต.บุญเรือง อ.เชียงของ จ.เชียงราย 57140,เขตพื้นที่การศึกษาเชียงราย เขต 4
บุญนาค,ต.หงาว อ.เทิง จ.เชียงราย 57160,เขตพื้นที่การศึกษาเชียงราย เขต 4
บ่อแสง,ต.แม่ต๋ำ อ.พญาเม็งราย จ.เชียงราย 57290,เขตพื้นที่การศึกษาเชียงราย เขต 4
บุญเลอ,ต.แม่สามแลบ อ.สบเมย จ.แม่ฮ่องสอน 58110,เขตพื้นที่การศึกษาแม่ฮ่องสอน เขต 2
บ่อดินสอพอง,ต.กลางแดด อ.เมืองนครสวรรค์ จ.นครสวรรค์ 60000,เขตพื้นที่การศึกษานครสวรรค์ เขต 1
บางมะฝ่อ(สามัคคีวิทยา),ต.บางมะฝ่อ อ.โกรกพระ จ.นครสวรรค์ 60170,เขตพื้นที่การศึกษานครสวรรค์ เขต 1
บึงหมัน(นิรภัยประชานุเคราะห์),ต.บางเคียน อ.ชุมแสง จ.นครสวรรค์ 60120,เขตพื้นที่การศึกษานครสวรรค์ เขต 1
บึงราษฎร์,ต.บางตาหงาย อ.บรรพตพิสัย จ.นครสวรรค์ 60180,เขตพื้นที่การศึกษานครสวรรค์ เขต 2
บ่อไทยสามัคคี,ต.โพธิ์ประสาท อ.ไพศาลี จ.นครสวรรค์ 60220,เขตพื้นที่การศึกษานครสวรรค์ เขต 3
บ่อกะปุง,ต.บ้านไร่ อ.ลาดยาว จ.นครสวรรค์ 60150,เขตพื้นที่การศึกษานครสวรรค์ เขต 2
บ่อแรต(สะอาดลออราษฎร์บำรุง),ต.บ้านไร่ อ.ลาดยาว จ.นครสวรรค์ 60150,เขตพื้นที่การศึกษานครสวรรค์ เขต 2
บึงหล่ม,ต.บ้านไร่ อ.ลาดยาว จ.นครสวรรค์ 60150,เขตพื้นที่การศึกษานครสวรรค์ เขต 2
บุรีรัมย์,ต.ศาลเจ้าไก่ต่อ อ.ลาดยาว จ.นครสวรรค์ 60150,เขตพื้นที่การศึกษานครสวรรค์ เขต 2
บ่อยาง สาขาบ้านบ่อชุมแสง,ต.ไผ่เขียว อ.สว่างอารมณ์ จ.อุทัยธานี 61150,เขตพื้นที่การศึกษาอุทัยธานี เขต 1
บ่อยาง,ต.บ่อยาง อ.สว่างอารมณ์ จ.อุทัยธานี 61150,เขตพื้นที่การศึกษาอุทัยธานี เขต 1
บ่อทับใต้,ต.หนองสรวง อ.หนองฉาง จ.อุทัยธานี 61110,เขตพื้นที่การศึกษาอุทัยธานี เขต 1
บุ่ง,ต.เจ้าวัด อ.บ้านไร่ จ.อุทัยธานี 61140,เขตพื้นที่การศึกษาอุทัยธานี เขต 1
บุ่งอ้ายเจี้ยม,ต.ระบำ อ.ลานสัก จ.อุทัยธานี 61160,เขตพื้นที่การศึกษาอุทัยธานี เขต 1
บุ่งกะเซอร์,ต.น้ำรอบ อ.ลานสัก จ.อุทัยธานี 61160,เขตพื้นที่การศึกษาอุทัยธานี เขต 1
บุ่งฝาง,ต.ทุ่งนางาม อ.ลานสัก จ.อุทัยธานี 61160,เขตพื้นที่การศึกษาอุทัยธานี เขต 1
บ่อสามแสน,ต.หนองปลิง อ.เมืองกำแพงเพชร จ.กำแพงเพชร 62000,เขตพื้นที่การศึกษากำแพงเพชร เขต 1
บ่อตาโพธิ์,ต.เทพนคร อ.เมืองกำแพงเพชร จ.กำแพงเพชร 62000,เขตพื้นที่การศึกษากำแพงเพชร เขต 1
บ่อแก้ว,ต.พานทอง อ.ไทรงาม จ.กำแพงเพชร 62150,เขตพื้นที่การศึกษากำแพงเพชร เขต 1
บึงหล่ม,ต.คลองน้ำไหล อ.คลองลาน จ.กำแพงเพชร 62180,เขตพื้นที่การศึกษากำแพงเพชร เขต 2
บึงเสือเต้น,ต.ยางสูง อ.ขาณุวรลักษบุรี จ.กำแพงเพชร 62140,เขตพื้นที่การศึกษากำแพงเพชร เขต 2
บึงหล่มสามัคคี,ต.ยางสูง อ.ขาณุวรลักษบุรี จ.กำแพงเพชร 62120,เขตพื้นที่การศึกษากำแพงเพชร เขต 2
บ่อกระบาก,ต.บ่อถ้ำ อ.ขาณุวรลักษบุรี จ.กำแพงเพชร 62140,เขตพื้นที่การศึกษากำแพงเพชร เขต 2
บ่อทอง,ต.วังแขม อ.คลองขลุง จ.กำแพงเพชร 62120,เขตพื้นที่การศึกษากำแพงเพชร เขต 2
บึงลาด,ต.วังแขม อ.คลองขลุง จ.กำแพงเพชร 62120,เขตพื้นที่การศึกษากำแพงเพชร เขต 2
บางลาด,ต.หนองหัววัว อ.พรานกระต่าย จ.กำแพงเพชร 62110,เขตพื้นที่การศึกษากำแพงเพชร เขต 1
บึงลูกนก,ต.เขาคีริส อ.พรานกระต่าย จ.กำแพงเพชร 62110,เขตพื้นที่การศึกษากำแพงเพชร เขต 1
บึงพิไกร,ต.คลองพิไกร อ.พรานกระต่าย จ.กำแพงเพชร 62110,เขตพื้นที่การศึกษากำแพงเพชร เขต 1
บึงกระดาน,ต.ช่องลม อ.ลานกระบือ จ.กำแพงเพชร 62170,เขตพื้นที่การศึกษากำแพงเพชร เขต 1
บึงมาลย์,ต.หนองหลวง อ.ลานกระบือ จ.กำแพงเพชร 62170,เขตพื้นที่การศึกษากำแพงเพชร เขต 1
บึงทับแรต,ต.บึงทับแรต อ.ลานกระบือ จ.กำแพงเพชร 62170,เขตพื้นที่การศึกษากำแพงเพชร เขต 1
บึงสำราญ,ต.ถาวรวัฒนา อ.ทรายทองวัฒนา จ.กำแพงเพชร 62190,เขตพื้นที่การศึกษากำแพงเพชร เขต 2
บึงสามัคคีกำแพงเขต,ต.บึงสามัคคี อ.บึงสามัคคี จ.กำแพงเพชร 62210,เขตพื้นที่การศึกษากำแพงเพชร เขต 2
บางคลอง(ราษฎร์อุทิศ),ต.ปากแคว อ.เมืองสุโขทัย จ.สุโขทัย 64000,เขตพื้นที่การศึกษาสุโขทัย เขต 1
บางคลอง(สามัคคีประชาคาร),ต.ปากแคว อ.เมืองสุโขทัย จ.สุโขทัย 64000,เขตพื้นที่การศึกษาสุโขทัย เขต 1
บึงหญ้า,ต.หนองจิก อ.คีรีมาศ จ.สุโขทัย 64160,เขตพื้นที่การศึกษาสุโขทัย เขต 1
บางสนิม,ต.กง อ.กงไกรลาศ จ.สุโขทัย 64170,เขตพื้นที่การศึกษาสุโขทัย เขต 1
บุ่งสัก,ต.บ้านไร่ อ.ศรีสำโรง จ.สุโขทัย 64120,เขตพื้นที่การศึกษาสุโขทัย เขต 2
บ่อแปดร้อย,ต.ในเมือง อ.สวรรคโลก จ.สุโขทัย 64110,เขตพื้นที่การศึกษาสุโขทัย เขต 2
บึงงาม,ต.นครเดิฐ อ.ศรีนคร จ.สุโขทัย 64140,เขตพื้นที่การศึกษาสุโขทัย เขต 2
บึงสวย,ต.นครเดิฐ อ.ศรีนคร จ.สุโขทัย 64180,เขตพื้นที่การศึกษาสุโขทัย เขต 2
บึงบอน,ต.กลางดง อ.ทุ่งเสลี่ยม จ.สุโขทัย 64150,เขตพื้นที่การศึกษาสุโขทัย เขต 2
บึงกระดาน(เมธาประชานุกูล),ต.บ้านป่า อ.เมืองพิษณุโลก จ.พิษณุโลก 65000,เขตพื้นที่การศึกษาพิษณุโลก เขต 1
บุ่งผลำ,ต.น้ำกุ่ม อ.นครไทย จ.พิษณุโลก 65120,เขตพื้นที่การศึกษาพิษณุโลก เขต 3
บุ่งตารอด,ต.ยางโกลน อ.นครไทย จ.พิษณุโลก 65120,เขตพื้นที่การศึกษาพิษณุโลก เขต 3
บุ่งปลาฝา,ต.ยางโกลน อ.นครไทย จ.พิษณุโลก 65120,เขตพื้นที่การศึกษาพิษณุโลก เขต 3
บ่อโพธิ์,ต.บ่อโพธิ์ อ.นครไทย จ.พิษณุโลก 65120,เขตพื้นที่การศึกษาพิษณุโลก เขต 3
บัวจันทร์,ต.บึงกอก อ.บางระกำ จ.พิษณุโลก 65140,เขตพื้นที่การศึกษาพิษณุโลก เขต 1
บางแก้ว,ต.ท่านางงาม อ.บางระกำ จ.พิษณุโลก 65140,เขตพื้นที่การศึกษาพิษณุโลก เขต 1
บุใหญ่,ต.ท่าตาล อ.บางกระทุ่ม จ.พิษณุโลก 65110,เขตพื้นที่การศึกษาพิษณุโลก เขต 2
บึงช้าง,ต.ไผ่ล้อม อ.บางกระทุ่ม จ.พิษณุโลก 65110,เขตพื้นที่การศึกษาพิษณุโลก เขต 2
บึงธรรมโรง,ต.ศรีภิรมย์ อ.พรหมพิราม จ.พิษณุโลก 65180,เขตพื้นที่การศึกษาพิษณุโลก เขต 3
บึงวิทยา,ต.ศรีภิรมย์ อ.พรหมพิราม จ.พิษณุโลก 65180,เขตพื้นที่การศึกษาพิษณุโลก เขต 3
บุ่งวิทยา,ต.ศรีภิรมย์ อ.พรหมพิราม จ.พิษณุโลก 65180,เขตพื้นที่การศึกษาพิษณุโลก เขต 3
บึงพร้าว,ต.ชัยนาม อ.วังทอง จ.พิษณุโลก 65130,เขตพื้นที่การศึกษาพิษณุโลก เขต 2
บึงตะโกน(ธนาคารกรุงเทพ),ต.ท่าหลวง อ.เมืองพิจิตร จ.พิจิตร 66000,เขตพื้นที่การศึกษาพิจิตร เขต 1
บุ่งมะกรูด-วังพลับ,ต.วังทรายพูน อ.วังทรายพูน จ.พิจิตร 66180,เขตพื้นที่การศึกษาพิจิตร เขต 1
บึงโพธิ์,ต.โพธิ์ประทับช้าง อ.โพธิ์ประทับช้าง จ.พิจิตร 66190,เขตพื้นที่การศึกษาพิจิตร เขต 1
บ่อบิ้งเกลือ,ต.ทุ่งใหญ่ อ.โพธิ์ประทับช้าง จ.พิจิตร 66190,เขตพื้นที่การศึกษาพิจิตร เขต 1
บึงประดู่,ต.ทับหมัน อ.ตะพานหิน จ.พิจิตร 66110,เขตพื้นที่การศึกษาพิจิตร เขต 2
บางพล้อ-ยางหลวง,ต.ท่าเสา อ.โพทะเล จ.พิจิตร 66130,เขตพื้นที่การศึกษาพิจิตร เขต 2
บึงเฒ่า,ต.หนองโสน อ.สามง่าม จ.พิจิตร 66140,เขตพื้นที่การศึกษาพิจิตร เขต 1
บึงลี,ต.โพธิ์ไทรงาม อ.บึงนาราง จ.พิจิตร 66130,เขตพื้นที่การศึกษาพิจิตร เขต 2
บึงทับจั่น(ทศอุปถัมภ์),ต.บึงนาราง อ.บึงนาราง จ.พิจิตร 66130,เขตพื้นที่การศึกษาพิจิตร เขต 2
บึงบัว,ต.บึงบัว อ.วชิรบารมี จ.พิจิตร 66140,เขตพื้นที่การศึกษาพิจิตร เขต 1
บัวยาง,ต.หนองหลุม อ.วชิรบารมี จ.พิจิตร 66220,เขตพื้นที่การศึกษาพิจิตร เขต 1
บุฉนวน,ต.น้ำร้อน อ.เมืองเพชรบูรณ์ จ.เพชรบูรณ์ 67000,เขตพื้นที่การศึกษาเพชรบูรณ์ เขต 1
บง,ต.นาป่า อ.เมืองเพชรบูรณ์ จ.เพชรบูรณ์ 67000,เขตพื้นที่การศึกษาเพชรบูรณ์ เขต 1
บุ่งกกเรียง,ต.ห้วยใหญ่ อ.เมืองเพชรบูรณ์ จ.เพชรบูรณ์ 67000,เขตพื้นที่การศึกษาเพชรบูรณ์ เขต 1
บุ่งคล้า,ต.ดงขุย อ.ชนแดน จ.เพชรบูรณ์ 67190,เขตพื้นที่การศึกษาเพชรบูรณ์ เขต 1
บุ่งยาง,ต.วัดป่า อ.หล่มสัก จ.เพชรบูรณ์ 67100,เขตพื้นที่การศึกษาเพชรบูรณ์ เขต 2
บึง,ต.ฝายนาแซง อ.หล่มสัก จ.เพชรบูรณ์ 67110,เขตพื้นที่การศึกษาเพชรบูรณ์ เขต 2
บุ่ง,ต.ท่าอิบุญ อ.หล่มสัก จ.เพชรบูรณ์ 67110,เขตพื้นที่การศึกษาเพชรบูรณ์ เขต 2
บุ่งคล้า,ต.บุ่งคล้า อ.หล่มสัก จ.เพชรบูรณ์ 67110,เขตพื้นที่การศึกษาเพชรบูรณ์ เขต 2
บุมะกรูด,ต.ท่าโรง อ.วิเชียรบุรี จ.เพชรบูรณ์ 67130,เขตพื้นที่การศึกษาเพชรบูรณ์ เขต 3
บ่อรัง,ต.บ่อรัง อ.วิเชียรบุรี จ.เพชรบูรณ์ 67130,เขตพื้นที่การศึกษาเพชรบูรณ์ เขต 3
บึงกระจับ,ต.บึงกระจับ อ.วิเชียรบุรี จ.เพชรบูรณ์ 67130,เขตพื้นที่การศึกษาเพชรบูรณ์ เขต 3
บึงนาจาน,ต.ศรีเทพ อ.ศรีเทพ จ.เพชรบูรณ์ 67170,เขตพื้นที่การศึกษาเพชรบูรณ์ เขต 3
บ่อไทย,ต.บ่อไทย อ.หนองไผ่ จ.เพชรบูรณ์ 67140,เขตพื้นที่การศึกษาเพชรบูรณ์ เขต 3
บัววัฒนา,ต.บัววัฒนา อ.หนองไผ่ จ.เพชรบูรณ์ 67140,เขตพื้นที่การศึกษาเพชรบูรณ์ เขต 3
บึงตะแบก,ต.หนองแจง อ.บึงสามพัน จ.เพชรบูรณ์ 67160,เขตพื้นที่การศึกษาเพชรบูรณ์ เขต 3
บึงสามพัน,ต.บึงสามพัน อ.บึงสามพัน จ.เพชรบูรณ์ 67160,เขตพื้นที่การศึกษาเพชรบูรณ์ เขต 3
บ่อตะคร้อ,ต.บ่อกระดาน อ.ปากท่อ จ.ราชบุรี 70140,เขตพื้นที่การศึกษาราชบุรี เขต 1
บึง(สันติมโนประชาสรรค์),ต.บ้านคา อ.บ้านคา จ.ราชบุรี 70180,เขตพื้นที่การศึกษาราชบุรี เขต 1
บ้องตี้,ต.บ้องตี้ อ.ไทรโยค จ.กาญจนบุรี 71150,เขตพื้นที่การศึกษากาญจนบุรี เขต 3
บึงหัวแหวน,ต.บ่อพลอย อ.บ่อพลอย จ.กาญจนบุรี 71160,เขตพื้นที่การศึกษากาญจนบุรี เขต 2
บนเขาแก่งเรียง,ต.ท่ากระดาน อ.ศรีสวัสดิ์ จ.กาญจนบุรี 71250,เขตพื้นที่การศึกษากาญจนบุรี เขต 3
บึงวิทยา,ต.ตะคร้ำเอน อ.ท่ามะกา จ.กาญจนบุรี 71130,เขตพื้นที่การศึกษากาญจนบุรี เขต 2
บ่อระแหง,ต.พังตรุ อ.พนมทวน จ.กาญจนบุรี 71140,เขตพื้นที่การศึกษากาญจนบุรี เขต 2
บ่อหว้า,ต.ดอนตาเพชร อ.พนมทวน จ.กาญจนบุรี,เขตพื้นที่การศึกษากาญจนบุรี เขต 2
บะลังกา,ต.หนองปลิง อ.เลาขวัญ จ.กาญจนบุรี 71120,เขตพื้นที่การศึกษากาญจนบุรี เขต 2
บางกุ้ง,ต.บางกุ้ง อ.เมืองสุพรรณบุรี จ.สุพรรณบุรี 72000,เขตพื้นที่การศึกษาสุพรรณบุรี เขต 1
บ่อสำราญ,ต.ทะเลบก อ.ดอนเจดีย์ จ.สุพรรณบุรี 72170,เขตพื้นที่การศึกษาสุพรรณบุรี เขต 2
บัวขาว,ต.ทุ่งคอก อ.สองพี่น้อง จ.สุพรรณบุรี 72110,เขตพื้นที่การศึกษาสุพรรณบุรี เขต 2
บ่อพลับ,ต.บ่อพลับ อ.เมืองนครปฐม จ.นครปฐม 73000,เขตพื้นที่การศึกษานครปฐม เขต 1
บ่อน้ำพุ,ต.ทุ่งขวาง อ.กำแพงแสน จ.นครปฐม 73140,เขตพื้นที่การศึกษานครปฐม เขต 1
บัวแดง,ต.ห้วยหมอนทอง อ.กำแพงแสน จ.นครปฐม 73140,เขตพื้นที่การศึกษานครปฐม เขต 1
บางเลน(บางเลนวิทยาคาร),ต.บางเลน อ.บางเลน จ.นครปฐม 73130,เขตพื้นที่การศึกษานครปฐม เขต 2
บางเตย,ต.บางเตย อ.สามพราน จ.นครปฐม 73110,เขตพื้นที่การศึกษานครปฐม เขต 2
บางม่วง,ต.บางช้าง อ.สามพราน จ.นครปฐม 73110,เขตพื้นที่การศึกษานครปฐม เขต 2
บางประแดง,ต.บ้านใหม่ อ.สามพราน จ.นครปฐม 73110,เขตพื้นที่การศึกษานครปฐม เขต 2
บางปิ้ง,ต.นาดี อ.เมืองสมุทรสาคร จ.สมุทรสาคร 74000,เขตพื้นที่การศึกษาสมุทรสาคร เขต 1
บางนํ้าจืด,ต.บางน้ำจืด อ.เมืองสมุทรสาคร จ.สมุทรสาคร 74000,เขตพื้นที่การศึกษาสมุทรสาคร เขต 1
บางบ่อ,ต.บางแก้ว อ.เมืองสมุทรสงคราม จ.สมุทรสงคราม 75000,เขตพื้นที่การศึกษาสมุทรสงคราม เขต 1
บางนางลี่(กมลราษฎร์สามัคคี),ต.บางนางลี่ อ.อัมพวา จ.สมุทรสงคราม 75110,เขตพื้นที่การศึกษาสมุทรสงคราม เขต 1
บางพรม (คุรุราษฎร์บำรุง),ต.โพพระ อ.เมืองเพชรบุรี จ.เพชรบุรี 76000,เขตพื้นที่การศึกษาเพชรบุรี เขต 1
บางกุฬา,ต.หาดเจ้าสำราญ อ.เมืองเพชรบุรี จ.เพชรบุรี 76000,เขตพื้นที่การศึกษาเพชรบุรี เขต 1
บ่อหวาย,ต.โพไร่หวาน อ.เมืองเพชรบุรี จ.เพชรบุรี 76000,เขตพื้นที่การศึกษาเพชรบุรี เขต 1
บ่อขม,ต.ดอนยาง อ.เมืองเพชรบุรี จ.เพชรบุรี 76000,เขตพื้นที่การศึกษาเพชรบุรี เขต 1
บ่อโพง,ต.หนองขนาน อ.เมืองเพชรบุรี จ.เพชรบุรี 76000,เขตพื้นที่การศึกษาเพชรบุรี เขต 1
บางเกตุ,ต.บางเก่า อ.ชะอำ จ.เพชรบุรี 76120,เขตพื้นที่การศึกษาเพชรบุรี เขต 2
บางเก่า,ต.บางเก่า อ.ชะอำ จ.เพชรบุรี 76120,เขตพื้นที่การศึกษาเพชรบุรี เขต 2
บ่อไร่ (ร่วมจิตอนุกูล),ต.หนองศาลา อ.ชะอำ จ.เพชรบุรี 76120,เขตพื้นที่การศึกษาเพชรบุรี เขต 2
บ่อหลวง,ต.ห้วยทรายเหนือ อ.ชะอำ จ.เพชรบุรี 76120,เขตพื้นที่การศึกษาเพชรบุรี เขต 2
บางแก้ว (สำนักงานสลากกินแบ่งสงเคราะห์ 44),ต.บางแก้ว อ.บ้านแหลม จ.เพชรบุรี 76110,เขตพื้นที่การศึกษาเพชรบุรี เขต 1
บางหอ (โสภณเชาวราษฎร์รังสรรค์),ต.บางครก อ.บ้านแหลม จ.เพชรบุรี 76110,เขตพื้นที่การศึกษาเพชรบุรี เขต 1
บึง,ต.อ่าวน้อย อ.เมืองประจวบคีรีขันธ์ จ.ประจวบคีรีขันธ์ 77210,เขตพื้นที่การศึกษาประจวบคีรีขันธ์ เขต 1
บน,ต.กุยบุรี อ.กุยบุรี จ.ประจวบคีรีขันธ์ 77150,เขตพื้นที่การศึกษาประจวบคีรีขันธ์ เขต 2
บางสะพานน้อย,ต.บางสะพาน อ.บางสะพานน้อย จ.ประจวบคีรีขันธ์ 77170,เขตพื้นที่การศึกษาประจวบคีรีขันธ์ เขต 1
บางเบิด,ต.ทรายทอง อ.บางสะพานน้อย จ.ประจวบคีรีขันธ์ 77170,เขตพื้นที่การศึกษาประจวบคีรีขันธ์ เขต 1
บางเจริญ,ต.ไชยราช อ.บางสะพานน้อย จ.ประจวบคีรีขันธ์ 77170,เขตพื้นที่การศึกษาประจวบคีรีขันธ์ เขต 1
บางปู,ต.สามร้อยยอด อ.สามร้อยยอด จ.ประจวบคีรีขันธ์ 77120,เขตพื้นที่การศึกษาประจวบคีรีขันธ์ เขต 2
บางกระบือ,ต.ท่าไร่ อ.เมืองนครศรีธรรมราช จ.นครศรีธรรมราช 80000,เขตพื้นที่การศึกษานครศรีธรรมราช เขต 1
บางหลวง,ต.ท่าไร่ อ.เมืองนครศรีธรรมราช จ.นครศรีธรรมราช 80000,เขตพื้นที่การศึกษานครศรีธรรมราช เขต 1
บางเตย,ต.ท่าเรือ อ.เมืองนครศรีธรรมราช จ.นครศรีธรรมราช 80000,เขตพื้นที่การศึกษานครศรีธรรมราช เขต 1
บางพระ,ต.เชียรใหญ่ อ.เชียรใหญ่ จ.นครศรีธรรมราช 80190,เขตพื้นที่การศึกษานครศรีธรรมราช เขต 3
บางปรง,ต.เสือหึง อ.เชียรใหญ่ จ.นครศรีธรรมราช 80330,เขตพื้นที่การศึกษานครศรีธรรมราช เขต 3
บางด้วน,ต.แม่เจ้าอยู่หัว อ.เชียรใหญ่ จ.นครศรีธรรมราช 80190,เขตพื้นที่การศึกษานครศรีธรรมราช เขต 3
บางน้อย,ต.ท่าเสม็ด อ.ชะอวด จ.นครศรีธรรมราช 80180,เขตพื้นที่การศึกษานครศรีธรรมราช เขต 3
บ่อกรูด,ต.กลาย อ.ท่าศาลา จ.นครศรีธรรมราช 80160,เขตพื้นที่การศึกษานครศรีธรรมราช เขต 4
บ่อมอง,ต.นาไม้ไผ่ อ.ทุ่งสง จ.นครศรีธรรมราช 80110,เขตพื้นที่การศึกษานครศรีธรรมราช เขต 2
บนควน,ต.นาโพธิ์ อ.ทุ่งสง จ.นครศรีธรรมราช 80110,เขตพื้นที่การศึกษานครศรีธรรมราช เขต 2
บางตะเภา,ต.ท่ายาง อ.ทุ่งใหญ่ จ.นครศรีธรรมราช 80240,เขตพื้นที่การศึกษานครศรีธรรมราช เขต 2
บางรูป,ต.บางรูป อ.ทุ่งใหญ่ จ.นครศรีธรรมราช 80240,เขตพื้นที่การศึกษานครศรีธรรมราช เขต 2
บ่อปลา,ต.กรุงหยัน อ.ทุ่งใหญ่ จ.นครศรีธรรมราช 80240,เขตพื้นที่การศึกษานครศรีธรรมราช เขต 2
บางปรน,ต.กรุงหยัน อ.ทุ่งใหญ่ จ.นครศรีธรรมราช 80240,เขตพื้นที่การศึกษานครศรีธรรมราช เขต 2
บางเนียน,ต.คลองน้อย อ.ปากพนัง จ.นครศรีธรรมราช 80140,เขตพื้นที่การศึกษานครศรีธรรมราช เขต 3
บางลึก,ต.คลองน้อย อ.ปากพนัง จ.นครศรีธรรมราช 80330,เขตพื้นที่การศึกษานครศรีธรรมราช เขต 3
บางมูลนาก,ต.ชะเมา อ.ปากพนัง จ.นครศรีธรรมราช 80140,เขตพื้นที่การศึกษานครศรีธรรมราช เขต 3
บางวัง,ต.ปากพนังฝั่งตะวันออก อ.ปากพนัง จ.นครศรีธรรมราช 80140,เขตพื้นที่การศึกษานครศรีธรรมราช เขต 3
บางแรด,ต.บ้านเพิง อ.ปากพนัง จ.นครศรีธรรมราช 80140,เขตพื้นที่การศึกษานครศรีธรรมราช เขต 3
บางตะลุมพอ,ต.ขนาบนาก อ.ปากพนัง จ.นครศรีธรรมราช 80140,เขตพื้นที่การศึกษานครศรีธรรมราช เขต 3
บางฉาง,ต.สิชล อ.สิชล จ.นครศรีธรรมราช 80120,เขตพื้นที่การศึกษานครศรีธรรมราช เขต 4
บางโหนด,ต.เกาะเพชร อ.หัวไทร จ.นครศรีธรรมราช 80170,เขตพื้นที่การศึกษานครศรีธรรมราช เขต 3
บางไทร,ต.สวนหลวง อ.เฉลิมพระเกียรติ จ.นครศรีธรรมราช 80190,เขตพื้นที่การศึกษานครศรีธรรมราช เขต 1
บางนกวัก,ต.สวนหลวง อ.เฉลิมพระเกียรติ จ.นครศรีธรรมราช 80230,เขตพื้นที่การศึกษานครศรีธรรมราช เขต 1
บางขนุน,ต.คลองประสงค์ อ.เมืองกระบี่ จ.กระบี่ 81000,เขตพื้นที่การศึกษากระบี่ เขต 1
บางเหรียง,ต.พรุเตียว อ.เขาพนม จ.กระบี่ 81140,เขตพื้นที่การศึกษากระบี่ เขต 1
บางคราม,ต.คลองท่อมเหนือ อ.คลองท่อม จ.กระบี่ 81120,เขตพื้นที่การศึกษากระบี่ เขต 1
บางเตียว,ต.คลองท่อมเหนือ อ.คลองท่อม จ.กระบี่ 81120,เขตพื้นที่การศึกษากระบี่ เขต 1
บางใหญ่,ต.เพหลา อ.คลองท่อม จ.กระบี่ 81120,เขตพื้นที่การศึกษากระบี่ เขต 1
บางเจริญ,ต.นาเหนือ อ.อ่าวลึก จ.กระบี่ 81110,เขตพื้นที่การศึกษากระบี่ เขต 1
บากัน,ต.อ่าวลึกน้อย อ.อ่าวลึก จ.กระบี่ 81110,เขตพื้นที่การศึกษากระบี่ เขต 1
บางเหียน,ต.ปลายพระยา อ.ปลายพระยา จ.กระบี่ 81160,เขตพื้นที่การศึกษากระบี่ เขต 1
บางโสก,ต.เขาต่อ อ.ปลายพระยา จ.กระบี่ 81160,เขตพื้นที่การศึกษากระบี่ เขต 1
บางหอย,ต.เขาต่อ อ.ปลายพระยา จ.กระบี่ 81160,เขตพื้นที่การศึกษากระบี่ เขต 1
บกเก้าห้อง,ต.คีรีวง อ.ปลายพระยา จ.กระบี่ 81160,เขตพื้นที่การศึกษากระบี่ เขต 1
บกห้อง,ต.ห้วยยูง อ.เหนือคลอง จ.กระบี่ 81130,เขตพื้นที่การศึกษากระบี่ เขต 1
บางเตย,ต.บางเตย อ.เมืองพังงา จ.พังงา 82000,เขตพื้นที่การศึกษาพังงา เขต 1
บางกัน,ต.ทุ่งคาโงก อ.เมืองพังงา จ.พังงา 82000,เขตพื้นที่การศึกษาพังงา เขต 1
บางม่า,ต.ทุ่งคาโงก อ.เมืองพังงา จ.พังงา 82000,เขตพื้นที่การศึกษาพังงา เขต 1
บางแก้ว,ต.เหมาะ อ.กะปง จ.พังงา 82170,เขตพื้นที่การศึกษาพังงา เขต 1
บางนุ,ต.กะไหล อ.ตะกั่วทุ่ง จ.พังงา 82000,เขตพื้นที่การศึกษาพังงา เขต 1
บางหลาม,ต.ท่าอยู่ อ.ตะกั่วทุ่ง จ.พังงา 82130,เขตพื้นที่การศึกษาพังงา เขต 1
บากัน,ต.หล่อยูง อ.ตะกั่วทุ่ง จ.พังงา 82140,เขตพื้นที่การศึกษาพังงา เขต 1
บางจัน,ต.หล่อยูง อ.ตะกั่วทุ่ง จ.พังงา 82140,เขตพื้นที่การศึกษาพังงา เขต 1
บางด้ง,ต.บางนายสี อ.ตะกั่วป่า จ.พังงา 82110,เขตพื้นที่การศึกษาพังงา เขต 1
บางนายสี,ต.บางนายสี อ.ตะกั่วป่า จ.พังงา 82110,เขตพื้นที่การศึกษาพังงา เขต 1
บางใหญ่,ต.บางนายสี อ.ตะกั่วป่า จ.พังงา 82110,เขตพื้นที่การศึกษาพังงา เขต 1
บางมรวน,ต.บางม่วง อ.ตะกั่วป่า จ.พังงา 82110,เขตพื้นที่การศึกษาพังงา เขต 1
บางม่วง,ต.บางม่วง อ.ตะกั่วป่า จ.พังงา 82190,เขตพื้นที่การศึกษาพังงา เขต 1
บางกรัก,ต.โคกเคียน อ.ตะกั่วป่า จ.พังงา 82110,เขตพื้นที่การศึกษาพังงา เขต 1
บางเนียง,ต.คึกคัก อ.ตะกั่วป่า จ.พังงา 82190,เขตพื้นที่การศึกษาพังงา เขต 1
บางหว้า,ต.คุระ อ.คุระบุรี จ.พังงา 82150,เขตพื้นที่การศึกษาพังงา เขต 1
บางครั่ง,ต.บางวัน อ.คุระบุรี จ.พังงา 82150,เขตพื้นที่การศึกษาพังงา เขต 1
บางติบ,ต.บางวัน อ.คุระบุรี จ.พังงา 82150,เขตพื้นที่การศึกษาพังงา เขต 1
บางวัน,ต.บางวัน อ.คุระบุรี จ.พังงา 82150,เขตพื้นที่การศึกษาพังงา เขต 1
บ่อแสน,ต.บ่อแสน อ.ทับปุด จ.พังงา 82180,เขตพื้นที่การศึกษาพังงา เขต 1
บ่อดาน,ต.นาเตย อ.ท้ายเหมือง จ.พังงา 82120,เขตพื้นที่การศึกษาพังงา เขต 1
บางคลี,ต.นาเตย อ.ท้ายเหมือง จ.พังงา 82180,เขตพื้นที่การศึกษาพังงา เขต 1
บางทอง,ต.บางทอง อ.ท้ายเหมือง จ.พังงา 82120,เขตพื้นที่การศึกษาพังงา เขต 1
บกปุย,ต.ลำภี อ.ท้ายเหมือง จ.พังงา 82120,เขตพื้นที่การศึกษาพังงา เขต 1
บางคู,ต.เกาะแก้ว อ.เมืองภูเก็ต จ.ภูเก็ต 83200,เขตพื้นที่การศึกษาภูเก็ต เขต 1
บางทอง,ต.กะทู้ อ.กะทู้ จ.ภูเก็ต 83120,เขตพื้นที่การศึกษาภูเก็ต เขต 1
บางเทา,ต.เชิงทะเล อ.ถลาง จ.ภูเก็ต 83110,เขตพื้นที่การศึกษาภูเก็ต เขต 1
บางโรง,ต.ป่าคลอก อ.ถลาง จ.ภูเก็ต 83110,เขตพื้นที่การศึกษาภูเก็ต เขต 1
บางใหญ่,ต.มะขามเตี้ย อ.เมืองสุราษฎร์ธานี จ.สุราษฎร์ธานี 84000,เขตพื้นที่การศึกษาสุราษฎร์ธานี เขต 1
บางชุมโถ,ต.วัดประดู่ อ.เมืองสุราษฎร์ธานี จ.สุราษฎร์ธานี 84000,เขตพื้นที่การศึกษาสุราษฎร์ธานี เขต 1
บางสำโรง,ต.ท่าทองใหม่ อ.กาญจนดิษฐ์ จ.สุราษฎร์ธานี 84290,เขตพื้นที่การศึกษาสุราษฎร์ธานี เขต 0
บ่อโฉลก,ต.ทุ่งกง อ.กาญจนดิษฐ์ จ.สุราษฎร์ธานี 84290,เขตพื้นที่การศึกษาสุราษฎร์ธานี เขต 1
บ่อน้ำร้อน,ต.กรูด อ.กาญจนดิษฐ์ จ.สุราษฎร์ธานี 84160,เขตพื้นที่การศึกษาสุราษฎร์ธานี เขต 1
บ่อผุด,ต.บ่อผุด อ.เกาะสมุย จ.สุราษฎร์ธานี 84320,เขตพื้นที่การศึกษาสุราษฎร์ธานี เขต 1
บางรักษ์,ต.บ่อผุด อ.เกาะสมุย จ.สุราษฎร์ธานี 84320,เขตพื้นที่การศึกษาสุราษฎร์ธานี เขต 1
บางพระ,ต.ย่านยาว อ.คีรีรัฐนิคม จ.สุราษฎร์ธานี 84180,เขตพื้นที่การศึกษาสุราษฎร์ธานี เขต 2
บ่อน้ำผุด,ต.ถ้ำสิงขร อ.คีรีรัฐนิคม จ.สุราษฎร์ธานี 84180,เขตพื้นที่การศึกษาสุราษฎร์ธานี เขต 2
บางขนุน,ต.บ้านทำเนียบ อ.คีรีรัฐนิคม จ.สุราษฎร์ธานี 84180,เขตพื้นที่การศึกษาสุราษฎร์ธานี เขต 2
บางปรุ,ต.คลองศก อ.พนม จ.สุราษฎร์ธานี 84250,เขตพื้นที่การศึกษาสุราษฎร์ธานี เขต 2
บางโหว่,ต.พลูเถื่อน อ.พนม จ.สุราษฎร์ธานี 84250,เขตพื้นที่การศึกษาสุราษฎร์ธานี เขต 2
บางหิน,ต.คลองชะอุ่น อ.พนม จ.สุราษฎร์ธานี 84250,เขตพื้นที่การศึกษาสุราษฎร์ธานี เขต 2
บางประสามัคคี,ต.เคียนซา อ.เคียนซา จ.สุราษฎร์ธานี 84260,เขตพื้นที่การศึกษาสุราษฎร์ธานี เขต 3
บางดี,ต.พ่วงพรมคร อ.เคียนซา จ.สุราษฎร์ธานี 84260,เขตพื้นที่การศึกษาสุราษฎร์ธานี เขต 3
บางใหญ่สามัคคี,ต.อรัญคามวารี อ.เคียนซา จ.สุราษฎร์ธานี 84260,เขตพื้นที่การศึกษาสุราษฎร์ธานี เขต 3
บ่อพระ,ต.อิปัน อ.พระแสง จ.สุราษฎร์ธานี 84210,เขตพื้นที่การศึกษาสุราษฎร์ธานี เขต 3
บางหยด,ต.อิปัน อ.พระแสง จ.สุราษฎร์ธานี 84210,เขตพื้นที่การศึกษาสุราษฎร์ธานี เขต 3
บางน้ำเย็น,ต.ไทรขึง อ.พระแสง จ.สุราษฎร์ธานี 84210,เขตพื้นที่การศึกษาสุราษฎร์ธานี เขต 3
บางรูป,ต.สินเจริญ อ.พระแสง จ.สุราษฎร์ธานี 84210,เขตพื้นที่การศึกษาสุราษฎร์ธานี เขต 3
บางเหรียง,ต.สินเจริญ อ.พระแสง จ.สุราษฎร์ธานี 84210,เขตพื้นที่การศึกษาสุราษฎร์ธานี เขต 3
บางใหญ่สินปุน,ต.สินเจริญ อ.พระแสง จ.สุราษฎร์ธานี 84210,เขตพื้นที่การศึกษาสุราษฎร์ธานี เขต 3
บางใหญ่,ต.สาคู อ.พระแสง จ.สุราษฎร์ธานี 84210,เขตพื้นที่การศึกษาสุราษฎร์ธานี เขต 3
บ่อกรัง,ต.ท่าสะท้อน อ.พุนพิน จ.สุราษฎร์ธานี 84130,เขตพื้นที่การศึกษาสุราษฎร์ธานี เขต 2
บางประชาภิบาล,ต.บางมะเดื่อ อ.พุนพิน จ.สุราษฎร์ธานี 84130,เขตพื้นที่การศึกษาสุราษฎร์ธานี เขต 2
บนไร่,ต.ตะปาน อ.พุนพิน จ.สุราษฎร์ธานี 84130,เขตพื้นที่การศึกษาสุราษฎร์ธานี เขต 2
บางหอย,ต.คลองน้อย อ.ชัยบุรี จ.สุราษฎร์ธานี 84350,เขตพื้นที่การศึกษาสุราษฎร์ธานี เขต 3
บางปาน,ต.ไทรทอง อ.ชัยบุรี จ.สุราษฎร์ธานี 84350,เขตพื้นที่การศึกษาสุราษฎร์ธานี เขต 3
บางกลาง,ต.บางริ้น อ.เมืองระนอง จ.ระนอง 85000,เขตพื้นที่การศึกษาระนอง เขต 1
บางริ้น,ต.บางริ้น อ.เมืองระนอง จ.ระนอง 85000,เขตพื้นที่การศึกษาระนอง เขต 1
บางนอน,ต.บางนอน อ.เมืองระนอง จ.ระนอง 85000,เขตพื้นที่การศึกษาระนอง เขต 1
บางสีกิ้ม,ต.ทรายแดง อ.เมืองระนอง จ.ระนอง 85130,เขตพื้นที่การศึกษาระนอง เขต 1
บางนา,ต.บางพระใต้ อ.ละอุ่น จ.ระนอง 85130,เขตพื้นที่การศึกษาระนอง เขต 1
บางขุนแพ่ง,ต.บางพระเหนือ อ.ละอุ่น จ.ระนอง 85130,เขตพื้นที่การศึกษาระนอง เขต 1
บางเบน,ต.ม่วงกลวง อ.กะเปอร์ จ.ระนอง 85120,เขตพื้นที่การศึกษาระนอง เขต 1
บางปรุ,ต.กะเปอร์ อ.กะเปอร์ จ.ระนอง 85120,เขตพื้นที่การศึกษาระนอง เขต 1
บางหิน,ต.บางหิน อ.กะเปอร์ จ.ระนอง 85120,เขตพื้นที่การศึกษาระนอง เขต 1
บกกราย,ต.น้ำจืด อ.กระบุรี จ.ระนอง 85110,เขตพื้นที่การศึกษาระนอง เขต 1
บางกุ้ง,ต.น้ำจืด อ.กระบุรี จ.ระนอง 85110,เขตพื้นที่การศึกษาระนอง เขต 1
บางสองรา,ต.บางใหญ่ อ.กระบุรี จ.ระนอง 85110,เขตพื้นที่การศึกษาระนอง เขต 1
บางกล้วยนอก,ต.นาคา อ.สุขสำราญ จ.ระนอง 85120,เขตพื้นที่การศึกษาระนอง เขต 1
บางมัน,ต.นาคา อ.สุขสำราญ จ.ระนอง 85120,เขตพื้นที่การศึกษาระนอง เขต 1
บางคอย,ต.ท่ายาง อ.เมืองชุมพร จ.ชุมพร 86120,เขตพื้นที่การศึกษาชุมพร เขต 1
บางหลง,ต.ท่ายาง อ.เมืองชุมพร จ.ชุมพร 86000,เขตพื้นที่การศึกษาชุมพร เขต 1
บางไม้แก้วประชาสามัคคี,ต.รับร่อ อ.ท่าแซะ จ.ชุมพร 86190,เขตพื้นที่การศึกษาชุมพร เขต 1
บึงลัด,ต.หงษ์เจริญ อ.ท่าแซะ จ.ชุมพร 86140,เขตพื้นที่การศึกษาชุมพร เขต 1
บ่ออิฐ,ต.ชุมโค อ.ปะทิว จ.ชุมพร 86160,เขตพื้นที่การศึกษาชุมพร เขต 1
บางจาก,ต.ชุมโค อ.ปะทิว จ.ชุมพร 86160,เขตพื้นที่การศึกษาชุมพร เขต 1
บนไร่,ต.ปากคลอง อ.ปะทิว จ.ชุมพร 86210,เขตพื้นที่การศึกษาชุมพร เขต 1
บ่อสำโรง,ต.ปากคลอง อ.ปะทิว จ.ชุมพร 86210,เขตพื้นที่การศึกษาชุมพร เขต 1
บางหยี,ต.บางน้ำจืด อ.หลังสวน จ.ชุมพร 86150,เขตพื้นที่การศึกษาชุมพร เขต 2
บ่ออิฐ,ต.เกาะแต้ว อ.เมืองสงขลา จ.สงขลา 90000,เขตพื้นที่การศึกษาสงขลา เขต 1
บางดาน,ต.พะวง อ.เมืองสงขลา จ.สงขลา 90000,เขตพื้นที่การศึกษาสงขลา เขต 1
บ่อโชน,ต.สะกอม อ.จะนะ จ.สงขลา 90130,เขตพื้นที่การศึกษาสงขลา เขต 3
บ่อเตย,ต.ปากบาง อ.เทพา จ.สงขลา 90150,เขตพื้นที่การศึกษาสงขลา เขต 3
บ่อนํ้าส้ม,ต.เกาะสะบ้า อ.เทพา จ.สงขลา 90150,เขตพื้นที่การศึกษาสงขลา เขต 3
บ่อทอง,ต.สะบ้าย้อย อ.สะบ้าย้อย จ.สงขลา 90210,เขตพื้นที่การศึกษาสงขลา เขต 3
บาโหย,ต.บาโหย อ.สะบ้าย้อย จ.สงขลา 90210,เขตพื้นที่การศึกษาสงขลา เขต 3
บ่อตรุ,ต.บ่อตรุ อ.ระโนด จ.สงขลา 90140,เขตพื้นที่การศึกษาสงขลา เขต 1
บางแฟบ,ต.ควนลัง อ.หาดใหญ่ จ.สงขลา 90110,เขตพื้นที่การศึกษาสงขลา เขต 2
บึงพิชัย,ต.ควนลัง อ.หาดใหญ่ จ.สงขลา 90110,เขตพื้นที่การศึกษาสงขลา เขต 2
บ่อหว้า,ต.ควนโส อ.ควนเนียง จ.สงขลา 90220,เขตพื้นที่การศึกษาสงขลา เขต 2
บางเหรียง,ต.บางเหรียง อ.ควนเนียง จ.สงขลา 90220,เขตพื้นที่การศึกษาสงขลา เขต 2
บางกลํ่า,ต.บางกล่ำ อ.บางกล่ำ จ.สงขลา 90110,เขตพื้นที่การศึกษาสงขลา เขต 2
บางไหน,ต.ปากรอ อ.สิงหนคร จ.สงขลา 90330,เขตพื้นที่การศึกษาสงขลา เขต 1
บันนังปุเลา,อ.เมืองสตูล จ.สตูล 91000,เขตพื้นที่การศึกษาสตูล เขต 1
บูเกตยามู,อ.ควนโดน จ.สตูล 91160,เขตพื้นที่การศึกษาสตูล เขต 1
บ่อเจ็ดลูก,ต.ปากน้ำ อ.ละงู จ.สตูล 91110,เขตพื้นที่การศึกษาสตูล เขต 1
บากันโต๊ะทิด,อ.ละงู จ.สตูล 91110,เขตพื้นที่การศึกษาสตูล เขต 1
บ่อหิน,อ.ละงู จ.สตูล 91110,เขตพื้นที่การศึกษาสตูล เขต 1
บุโบย,อ.ละงู จ.สตูล 91110,เขตพื้นที่การศึกษาสตูล เขต 1
บารายี,อ.ทุ่งหว้า จ.สตูล 91120,เขตพื้นที่การศึกษาสตูล เขต 1
บางยาง,อ.เมืองตรัง จ.ตรัง 92190,เขตพื้นที่การศึกษาตรัง เขต 1
บางเป้า,ต.บางเป้า อ.กันตัง จ.ตรัง 92110,เขตพื้นที่การศึกษาตรัง เขต 2
บางเตา,ต.คลองลุ อ.กันตัง จ.ตรัง 92110,เขตพื้นที่การศึกษาตรัง เขต 2
บางสัก,ต.บางสัก อ.กันตัง จ.ตรัง 92110,เขตพื้นที่การศึกษาตรัง เขต 2
บาตูปูเต๊ะ,ต.เกาะลิบง อ.กันตัง จ.ตรัง 92110,เขตพื้นที่การศึกษาตรัง เขต 2
บางหมากน้อย,อ.กันตัง จ.ตรัง 92110,เขตพื้นที่การศึกษาตรัง เขต 2
บางสัก สาขาบ้านทุ่งค่าย,อ.กันตัง จ.ตรัง 92110,เขตพื้นที่การศึกษาตรัง เขต 2
บางหมาก,อ.กันตัง จ.ตรัง 92110,เขตพื้นที่การศึกษาตรัง เขต 2
บาตูปูเต๊ะ สาขาบ้านหลังเขา,อ.กันตัง จ.ตรัง 92110,เขตพื้นที่การศึกษาตรัง เขต 2
บางด้วน,อ.ปะเหลียน จ.ตรัง 92140,เขตพื้นที่การศึกษาตรัง เขต 1
บ่อหิน,อ.สิเกา จ.ตรัง 92150,เขตพื้นที่การศึกษาตรัง เขต 2
บางค้างคาว,อ.สิเกา จ.ตรัง 92150,เขตพื้นที่การศึกษาตรัง เขต 2
บางพระ,ต.วังมะปราง อ.วังวิเศษ จ.ตรัง 92220,เขตพื้นที่การศึกษาตรัง เขต 2
บางคราม,อ.วังวิเศษ จ.ตรัง 92220,เขตพื้นที่การศึกษาตรัง เขต 2
บ้าหวี,อ.หาดสำราญ จ.ตรัง 92120,เขตพื้นที่การศึกษาตรัง เขต 1
บกหัก,อ.หาดสำราญ จ.ตรัง 92120,เขตพื้นที่การศึกษาตรัง เขต 1
บางมวง,ต.ฝาละมี อ.ปากพะยูน จ.พัทลุง 93120,เขตพื้นที่การศึกษาพัทลุง เขต 1
บ่อทราย,อ.ป่าพะยอม จ.พัทลุง 93110,เขตพื้นที่การศึกษาพัทลุง เขต 1
บานา,อ.เมืองปัตตานี จ.ปัตตานี 94000,เขตพื้นที่การศึกษาปัตตานี เขต 1
บาราเฮาะ,อ.เมืองปัตตานี จ.ปัตตานี 94000,เขตพื้นที่การศึกษาปัตตานี เขต 1
บางปลาหมอ,อ.เมืองปัตตานี จ.ปัตตานี 94000,เขตพื้นที่การศึกษาปัตตานี เขต 1
บาโงฆาดิง,อ.โคกโพธิ์ จ.ปัตตานี 94120,เขตพื้นที่การศึกษาปัตตานี เขต 2
บาเงง,อ.โคกโพธิ์ จ.ปัตตานี 94120,เขตพื้นที่การศึกษาปัตตานี เขต 2
บาโงกาเซาะ,อ.หนองจิก จ.ปัตตานี 94170,เขตพื้นที่การศึกษาปัตตานี เขต 1
บางราพา,อ.หนองจิก จ.ปัตตานี 94170,เขตพื้นที่การศึกษาปัตตานี เขต 1
บางทัน,อ.หนองจิก จ.ปัตตานี 94170,เขตพื้นที่การศึกษาปัตตานี เขต 1
บ่ออิฐ,ต.บ้านกลาง อ.ปะนาเระ จ.ปัตตานี 94130,เขตพื้นที่การศึกษาปัตตานี เขต 1
บางมะรวด,อ.ปะนาเระ จ.ปัตตานี 94130,เขตพื้นที่การศึกษาปัตตานี เขต 1
บางหมู,อ.ปะนาเระ จ.ปัตตานี 94130,เขตพื้นที่การศึกษาปัตตานี เขต 1
บูดน,อ.มายอ จ.ปัตตานี 94140,เขตพื้นที่การศึกษาปัตตานี เขต 2
บาโง,อ.มายอ จ.ปัตตานี 96160,เขตพื้นที่การศึกษาปัตตานี เขต 2
บาละแต,อ.มายอ จ.ปัตตานี 94140,เขตพื้นที่การศึกษาปัตตานี เขต 2
บูเกะกุง,อ.มายอ จ.ปัตตานี 94140,เขตพื้นที่การศึกษาปัตตานี เขต 2
บาตะกูโบ,อ.มายอ จ.ปัตตานี 94140,เขตพื้นที่การศึกษาปัตตานี เขต 2
บือจะ,อ.ทุ่งยางแดง จ.ปัตตานี 94140,เขตพื้นที่การศึกษาปัตตานี เขต 3
บาโงยือริง,อ.สายบุรี จ.ปัตตานี 94110,เขตพื้นที่การศึกษาปัตตานี เขต 3
บือเระ,อ.สายบุรี จ.ปัตตานี 94110,เขตพื้นที่การศึกษาปัตตานี เขต 3
บน,อ.สายบุรี จ.ปัตตานี 94110,เขตพื้นที่การศึกษาปัตตานี เขต 3
บาเลาะ,อ.สายบุรี จ.ปัตตานี 94110,เขตพื้นที่การศึกษาปัตตานี เขต 3
บาโงมูลง,อ.สายบุรี จ.ปัตตานี 94110,เขตพื้นที่การศึกษาปัตตานี เขต 3
บากง,อ.ยะหริ่ง จ.ปัตตานี 94150,เขตพื้นที่การศึกษาปัตตานี เขต 1
บางปู,อ.ยะหริ่ง จ.ปัตตานี 94150,เขตพื้นที่การศึกษาปัตตานี เขต 1
บือเจาะ,อ.ยะหริ่ง จ.ปัตตานี 94150,เขตพื้นที่การศึกษาปัตตานี เขต 1
บาโลย,อ.ยะหริ่ง จ.ปัตตานี 94190,เขตพื้นที่การศึกษาปัตตานี เขต 1
บูดี,อ.ยะหริ่ง จ.ปัตตานี 94150,เขตพื้นที่การศึกษาปัตตานี เขต 1
บินยา,อ.ยะรัง จ.ปัตตานี 94160,เขตพื้นที่การศึกษาปัตตานี เขต 2
บราโอ,อ.ยะรัง จ.ปัตตานี 94160,เขตพื้นที่การศึกษาปัตตานี เขต 2
บราโอ (สาขากุนิง),อ.ยะรัง จ.ปัตตานี 94160,เขตพื้นที่การศึกษาปัตตานี เขต 2
บูโกะ,อ.ยะรัง จ.ปัตตานี 94160,เขตพื้นที่การศึกษาปัตตานี เขต 2
บากง,อ.ยะรัง จ.ปัตตานี 94160,เขตพื้นที่การศึกษาปัตตานี เขต 2
บาโงยือแบ็ง,อ.กะพ้อ จ.ปัตตานี 94230,เขตพื้นที่การศึกษาปัตตานี เขต 3
บีติง,อ.กะพ้อ จ.ปัตตานี 94230,เขตพื้นที่การศึกษาปัตตานี เขต 3
บือแต,อ.กะพ้อ จ.ปัตตานี 94230,เขตพื้นที่การศึกษาปัตตานี เขต 3
บาโงย,ต.สะเตง อ.เมืองยะลา จ.ยะลา 95140,เขตพื้นที่การศึกษายะลา เขต 1
บันนังบูโย,อ.เมืองยะลา จ.ยะลา 95000,เขตพื้นที่การศึกษายะลา เขต 1
บุเกะคละ,อ.เมืองยะลา จ.ยะลา 95000,เขตพื้นที่การศึกษายะลา เขต 1
บุดี,อ.เมืองยะลา จ.ยะลา 95000,เขตพื้นที่การศึกษายะลา เขต 1
บาโด,อ.เมืองยะลา จ.ยะลา 95000,เขตพื้นที่การศึกษายะลา เขต 1
บาตัน (ฟรอยด์รอสอนุสรณ์),อ.เมืองยะลา จ.ยะลา 95160,เขตพื้นที่การศึกษายะลา เขต 1
บุรินทร์ (บุญชอบ สาครินทร์),อ.เมืองยะลา จ.ยะลา 95160,เขตพื้นที่การศึกษายะลา เขต 1
บาแตตูแง,อ.เบตง จ.ยะลา 95110,เขตพื้นที่การศึกษายะลา เขต 3
บันนังกูแว,อ.บันนังสตา จ.ยะลา 95130,เขตพื้นที่การศึกษายะลา เขต 2
บางลาง,อ.บันนังสตา จ.ยะลา 95130,เขตพื้นที่การศึกษายะลา เขต 2
บาเจาะ,อ.บันนังสตา จ.ยะลา 95130,เขตพื้นที่การศึกษายะลา เขต 2
บ่อหิน,อ.ธารโต จ.ยะลา 95150,เขตพื้นที่การศึกษายะลา เขต 3
บัวทอง,อ.ธารโต จ.ยะลา 95150,เขตพื้นที่การศึกษายะลา เขต 3
บูเก๊ะฆลูโฆ,อ.ยะหา จ.ยะลา 95120,เขตพื้นที่การศึกษายะลา เขต 2
บาโงยซิแน,อ.ยะหา จ.ยะลา 95120,เขตพื้นที่การศึกษายะลา เขต 2
บาจุ,อ.ยะหา จ.ยะลา 95120,เขตพื้นที่การศึกษายะลา เขต 2
บายอ,อ.ยะหา จ.ยะลา 95120,เขตพื้นที่การศึกษายะลา เขต 2
บือยอง,อ.รามัน จ.ยะลา 95140,เขตพื้นที่การศึกษายะลา เขต 1
บึงน้ำใส,อ.รามัน จ.ยะลา 95140,เขตพื้นที่การศึกษายะลา เขต 1
บือเล็ง,อ.รามัน จ.ยะลา 95140,เขตพื้นที่การศึกษายะลา เขต 1
บือมัง,อ.รามัน จ.ยะลา 95140,เขตพื้นที่การศึกษายะลา เขต 1
บูเกะจือฆา,อ.รามัน จ.ยะลา 95140,เขตพื้นที่การศึกษายะลา เขต 1
บูเกะบือราแง,อ.รามัน จ.ยะลา 95140,เขตพื้นที่การศึกษายะลา เขต 1
บือดองพัฒนา,อ.รามัน จ.ยะลา 95140,เขตพื้นที่การศึกษายะลา เขต 1
บันนังดามา,อ.กาบัง จ.ยะลา 95120,เขตพื้นที่การศึกษายะลา เขต 2
บาละ,อ.กาบัง จ.ยะลา 95120,เขตพื้นที่การศึกษายะลา เขต 2
บางมะนาว,อ.เมืองนราธิวาส จ.นราธิวาส 96000,เขตพื้นที่การศึกษานราธิวาส เขต 1
บือราเป๊ะ,อ.เมืองนราธิวาส จ.นราธิวาส 96000,เขตพื้นที่การศึกษานราธิวาส เขต 1
บือเจ๊าะ,อ.บาเจาะ จ.นราธิวาส 96170,เขตพื้นที่การศึกษานราธิวาส เขต 1
บือเระ,อ.บาเจาะ จ.นราธิวาส 96170,เขตพื้นที่การศึกษานราธิวาส เขต 1
บูเกะสูดอ,อ.บาเจาะ จ.นราธิวาส 96170,เขตพื้นที่การศึกษานราธิวาส เขต 1
บาตูฯ มิตรภาพที่ 66,อ.บาเจาะ จ.นราธิวาส 96170,เขตพื้นที่การศึกษานราธิวาส เขต 1
บือแนปีแย,อ.บาเจาะ จ.นราธิวาส 96170,เขตพื้นที่การศึกษานราธิวาส เขต 1
บลูกาสนอ,อ.ยี่งอ จ.นราธิวาส 96180,เขตพื้นที่การศึกษานราธิวาส เขต 1
บูเกะบากง,อ.ยี่งอ จ.นราธิวาส 96180,เขตพื้นที่การศึกษานราธิวาส เขต 1
บูเกะกอตอ,อ.ยี่งอ จ.นราธิวาส 96180,เขตพื้นที่การศึกษานราธิวาส เขต 1
บ่อทอง,อ.ระแงะ จ.นราธิวาส 96130,เขตพื้นที่การศึกษานราธิวาส เขต 3
บือนังกือเปาะ,อ.ระแงะ จ.นราธิวาส 96130,เขตพื้นที่การศึกษานราธิวาส เขต 3
บองอ,อ.ระแงะ จ.นราธิวาส 96220,เขตพื้นที่การศึกษานราธิวาส เขต 3
บาโงกูโบ,อ.ระแงะ จ.นราธิวาส 96220,เขตพื้นที่การศึกษานราธิวาส เขต 3
บละแต,อ.ระแงะ จ.นราธิวาส 96130,เขตพื้นที่การศึกษานราธิวาส เขต 3
บาโงสะโต,อ.ระแงะ จ.นราธิวาส 96130,เขตพื้นที่การศึกษานราธิวาส เขต 3
บระเอ็ง,อ.ระแงะ จ.นราธิวาส 96130,เขตพื้นที่การศึกษานราธิวาส เขต 3
บาโงระนะ,อ.ระแงะ จ.นราธิวาส 96130,เขตพื้นที่การศึกษานราธิวาส เขต 3
บาโง,อ.ระแงะ จ.นราธิวาส 96130,เขตพื้นที่การศึกษานราธิวาส เขต 3
บลูกาฮีเล,อ.รือเสาะ จ.นราธิวาส 96150,เขตพื้นที่การศึกษานราธิวาส เขต 1
บาตง,อ.รือเสาะ จ.นราธิวาส 96150,เขตพื้นที่การศึกษานราธิวาส เขต 1
บลูกา,อ.รือเสาะ จ.นราธิวาส 96150,เขตพื้นที่การศึกษานราธิวาส เขต 1
บากง,อ.รือเสาะ จ.นราธิวาส 96150,เขตพื้นที่การศึกษานราธิวาส เขต 1
บูกิ๊ตยือแร,อ.รือเสาะ จ.นราธิวาส 96150,เขตพื้นที่การศึกษานราธิวาส เขต 1
บริจ๊ะ,อ.รือเสาะ จ.นราธิวาส 96150,เขตพื้นที่การศึกษานราธิวาส เขต 1
บือแรง,อ.รือเสาะ จ.นราธิวาส 96150,เขตพื้นที่การศึกษานราธิวาส เขต 1
บือเล็งใต้,อ.รือเสาะ จ.นราธิวาส 96150,เขตพื้นที่การศึกษานราธิวาส เขต 1
บาโงปูโละ,อ.รือเสาะ จ.นราธิวาส 96150,เขตพื้นที่การศึกษานราธิวาส เขต 1
บาโงปะแต,อ.รือเสาะ จ.นราธิวาส 96150,เขตพื้นที่การศึกษานราธิวาส เขต 1
บือแนนากอ,อ.ศรีสาคร จ.นราธิวาส 96210,เขตพื้นที่การศึกษานราธิวาส เขต 1
บางขุด,ต.ฆอเลาะ อ.แว้ง จ.นราธิวาส 96160,เขตพื้นที่การศึกษานราธิวาส เขต 2
บาโง,อ.แว้ง จ.นราธิวาส 96160,เขตพื้นที่การศึกษานราธิวาส เขต 2
บูเกะตา,อ.แว้ง จ.นราธิวาส 96160,เขตพื้นที่การศึกษานราธิวาส เขต 2
บาลูกายาอิง,อ.สุคิริน จ.นราธิวาส 96190,เขตพื้นที่การศึกษานราธิวาส เขต 2
บาโงฮูมอ,อ.สุไหงปาดี จ.นราธิวาส 96140,เขตพื้นที่การศึกษานราธิวาส เขต 2
บาโงกือเต,อ.สุไหงปาดี จ.นราธิวาส 96140,เขตพื้นที่การศึกษานราธิวาส เขต 2
บอเกาะ,อ.สุไหงปาดี จ.นราธิวาส 96140,เขตพื้นที่การศึกษานราธิวาส เขต 2
บาโงมาแย,อ.สุไหงปาดี จ.นราธิวาส 96140,เขตพื้นที่การศึกษานราธิวาส เขต 2
บือราแง,อ.สุไหงปาดี จ.นราธิวาส 96140,เขตพื้นที่การศึกษานราธิวาส เขต 2
บูเก๊ะบือแต,อ.จะแนะ จ.นราธิวาส 96220,เขตพื้นที่การศึกษานราธิวาส เขต 3
บูเก๊ะตาโมงมิตรภาพที่ 128,ต.บูกิต อ.เจาะไอร้อง จ.นราธิวาส 96130,เขตพื้นที่การศึกษานราธิวาส เขต 3
บาโงดุดุง,อ.เจาะไอร้อง จ.นราธิวาส 96130,เขตพื้นที่การศึกษานราธิวาส เขต 3
บาตาปาเซ,อ.เจาะไอร้อง จ.นราธิวาส 96130,เขตพื้นที่การศึกษานราธิวาส เขต 3
บำรุงวิทย์,อ.เจาะไอร้อง จ.นราธิวาส 96130,เขตพื้นที่การศึกษานราธิวาส เขต 3
บูกิต,อ.เจาะไอร้อง จ.นราธิวาส 96130,เขตพื้นที่การศึกษานราธิวาส เขต 3