ลำแดง,ต.หันตะเภา อ.วังน้อย จ.พระนครศรีอยุธยา 13170,เขตพื้นที่การศึกษาพระนครศรีอยุธยา เขต 1
ลังกาประชาสรรค์,ต.เกาะรัง อ.ชัยบาดาล จ.ลพบุรี 15130,เขตพื้นที่การศึกษาลพบุรี เขต 2
ลำโกฎิทอง,ต.ชัยบาดาล อ.ชัยบาดาล จ.ลพบุรี 15230,เขตพื้นที่การศึกษาลพบุรี เขต 2
ลำโป่งเพชร,ต.หนองมะค่า อ.โคกเจริญ จ.ลพบุรี 15250,เขตพื้นที่การศึกษาลพบุรี เขต 2
ลำสนธิ,ต.ลำสนธิ อ.ลำสนธิ จ.ลพบุรี 15190,เขตพื้นที่การศึกษาลพบุรี เขต 2
ลำสมพุง,ต.ลำสมพุง อ.มวกเหล็ก จ.สระบุรี 18180,เขตพื้นที่การศึกษาสระบุรี เขต 2
ลำพญากลาง,ต.ลำพญากลาง อ.มวกเหล็ก จ.สระบุรี 18180,เขตพื้นที่การศึกษาสระบุรี เขต 2
ลาดกระทิง,ต.ลาดกระทิง อ.สนามชัยเขต จ.ฉะเชิงเทรา 24160,เขตพื้นที่การศึกษาฉะเชิงเทรา เขต 2
ลาดช้าง(ระคนกิจศึกษา),ต.บึงศาล อ.องครักษ์ จ.นครนายก 26160,เขตพื้นที่การศึกษานครนายก เขต 1
ลัดกะสัง,ต.สระแก้ว อ.เมืองสระแก้ว จ.สระแก้ว 27000,เขตพื้นที่การศึกษาสระแก้ว เขต 1
ลุงพลู,ต.โคกปี่ฆ้อง อ.เมืองสระแก้ว จ.สระแก้ว 27000,เขตพื้นที่การศึกษาสระแก้ว เขต 1
ละลมติม(จิตรพลานุสนธิ์),ต.โคกสูง อ.โคกสูง จ.สระแก้ว 27120,เขตพื้นที่การศึกษาสระแก้ว เขต 2
ลำเชิงไกร,ต.โคกสูง อ.เมืองนครราชสีมา จ.นครราชสีมา 30000,เขตพื้นที่การศึกษานครราชสีมา เขต 1
ละลมโพธิ์,ต.พุดซา อ.เมืองนครราชสีมา จ.นครราชสีมา 30000,เขตพื้นที่การศึกษานครราชสีมา เขต 1
ลองตอง,ต.บ้านโพธิ์ อ.เมืองนครราชสีมา จ.นครราชสีมา 30310,เขตพื้นที่การศึกษานครราชสีมา เขต 1
ลำเพียก,ต.ลำเพียก อ.ครบุรี จ.นครราชสีมา 30250,เขตพื้นที่การศึกษานครราชสีมา เขต 3
ลำไซกง,ต.บ้านราษฎร์ อ.เสิงสาง จ.นครราชสีมา 30330,เขตพื้นที่การศึกษานครราชสีมา เขต 3
ละกอ,ต.ศรีละกอ อ.จักราช จ.นครราชสีมา 30230,เขตพื้นที่การศึกษานครราชสีมา เขต 2
ละลม,ต.ละลมใหม่พัฒนา อ.โชคชัย จ.นครราชสีมา 30190,เขตพื้นที่การศึกษานครราชสีมา เขต 2
ละเลิงพิมาน,ต.ด่านนอก อ.ด่านขุนทด จ.นครราชสีมา,เขตพื้นที่การศึกษานครราชสีมา เขต 5
ละเลิงหิน,ต.โคกกลาง อ.ประทาย จ.นครราชสีมา 30180,เขตพื้นที่การศึกษานครราชสีมา เขต 7
ลำนางแก้ว,ต.ลำนางแก้ว อ.ปักธงชัย จ.นครราชสีมา 30150,เขตพื้นที่การศึกษานครราชสีมา เขต 3
ลุงตามัน,ต.โบสถ์ อ.พิมาย จ.นครราชสีมา 30110,เขตพื้นที่การศึกษานครราชสีมา เขต 7
ลุงตามัน(สาขาโนนไม้แดง),ต.โบสถ์ อ.พิมาย จ.นครราชสีมา 30110,เขตพื้นที่การศึกษานครราชสีมา เขต 7
ละโว้,ต.ประสุข อ.ชุมพวง จ.นครราชสีมา 30270,เขตพื้นที่การศึกษานครราชสีมา เขต 7
ลุงประดู่,ต.ท่าลาด อ.ชุมพวง จ.นครราชสีมา 30270,เขตพื้นที่การศึกษานครราชสีมา เขต 7
ลาดบัวขาว,ต.ลาดบัวขาว อ.สีคิ้ว จ.นครราชสีมา 30340,เขตพื้นที่การศึกษานครราชสีมา เขต 4
ลำทองหลาง,ต.ปากช่อง อ.ปากช่อง จ.นครราชสีมา 30130,เขตพื้นที่การศึกษานครราชสีมา เขต 4
ลุงเขว้า,ต.ลุงเขว้า อ.หนองบุนนาก จ.นครราชสีมา 30410,เขตพื้นที่การศึกษานครราชสีมา เขต 2
ละหานสามัคคี,ต.ละหานปลาค้าว อ.เมืองยาง จ.นครราชสีมา 30270,เขตพื้นที่การศึกษานครราชสีมา เขต 7
ลำทะเมนชัย,ต.ไพล อ.ลำทะเมนชัย จ.นครราชสีมา 30270,เขตพื้นที่การศึกษานครราชสีมา เขต 7
ลำดวน,ต.ลำดวน อ.กระสัง จ.บุรีรัมย์ 31160,เขตพื้นที่การศึกษาบุรีรัมย์ เขต 2
ละลูน,ต.หนองเต็ง อ.กระสัง จ.บุรีรัมย์ 31160,เขตพื้นที่การศึกษาบุรีรัมย์ เขต 2
ลุงขี้หนู,ต.ท่าโพธิ์ชัย อ.หนองกี่ จ.บุรีรัมย์ 31210,เขตพื้นที่การศึกษาบุรีรัมย์ เขต 3
ละหานทราย (คุรุราษฎร์บำรุงวิทยา),ต.ละหานทราย อ.ละหานทราย จ.บุรีรัมย์ 31170,เขตพื้นที่การศึกษาบุรีรัมย์ เขต 3
ละเวี้ย (แปลงคุรุราษฎร์บำรุง),ต.ละเวี้ย อ.ประโคนชัย จ.บุรีรัมย์ 31140,เขตพื้นที่การศึกษาบุรีรัมย์ เขต 2
ละลมพนู,ต.ไพศาล อ.ประโคนชัย จ.บุรีรัมย์ 31140,เขตพื้นที่การศึกษาบุรีรัมย์ เขต 2
ละหอกกระสัง,ต.เขาคอก อ.ประโคนชัย จ.บุรีรัมย์,เขตพื้นที่การศึกษาบุรีรัมย์ เขต 2
ละหอกตะแบง,ต.ปราสาท อ.บ้านกรวด จ.บุรีรัมย์,เขตพื้นที่การศึกษาบุรีรัมย์ เขต 2
ละหานทรายเก่า,ต.หินลาด อ.บ้านกรวด จ.บุรีรัมย์ 31180,เขตพื้นที่การศึกษาบุรีรัมย์ เขต 2
ละหานทรายใหม่,ต.หินลาด อ.บ้านกรวด จ.บุรีรัมย์ 31180,เขตพื้นที่การศึกษาบุรีรัมย์ เขต 2
ลุงม่วง,ต.โคกล่าม อ.ลำปลายมาศ จ.บุรีรัมย์ 31130,เขตพื้นที่การศึกษาบุรีรัมย์ เขต 1
ละกอ,ต.ดอนมนต์ อ.สตึก จ.บุรีรัมย์ 31150,เขตพื้นที่การศึกษาบุรีรัมย์ เขต 4
ลำนางรอง,ต.ลำนางรอง อ.โนนดินแดง จ.บุรีรัมย์ 31260,เขตพื้นที่การศึกษาบุรีรัมย์ เขต 3
ลุมพุก,ต.นาดี อ.เมืองสุรินทร์ จ.สุรินทร์ 32000,เขตพื้นที่การศึกษาสุรินทร์ เขต 1
ลำชี(วุฒิวงษ์ราษฎร์สงเคราะห์),ต.คอโค อ.เมืองสุรินทร์ จ.สุรินทร์ 32000,เขตพื้นที่การศึกษาสุรินทร์ เขต 1
ละหุ่งหนองกก,ต.นาบัว อ.เมืองสุรินทร์ จ.สุรินทร์ 32000,เขตพื้นที่การศึกษาสุรินทร์ เขต 1
ลุงปุง,ต.ท่าตูม อ.ท่าตูม จ.สุรินทร์ 32120,เขตพื้นที่การศึกษาสุรินทร์ เขต 2
ลำดวน(เมยราษฎร์อุปถัมภ์),ต.ทมอ อ.ปราสาท จ.สุรินทร์ 32140,เขตพื้นที่การศึกษาสุรินทร์ เขต 3
ละลมระไซ,ต.ปรือ อ.ปราสาท จ.สุรินทร์ 32140,เขตพื้นที่การศึกษาสุรินทร์ เขต 3
ลำพุก,ต.ตาเบา อ.ปราสาท จ.สุรินทร์ 32140,เขตพื้นที่การศึกษาสุรินทร์ เขต 3
ลังโกม,ต.หนองใหญ่ อ.ปราสาท จ.สุรินทร์ 32140,เขตพื้นที่การศึกษาสุรินทร์ เขต 3
ลำดวนพัฒนา,ต.บ้านไทร อ.ปราสาท จ.สุรินทร์ 32140,เขตพื้นที่การศึกษาสุรินทร์ เขต 3
ลำเพิญ,ต.กุดขาคีม อ.รัตนบุรี จ.สุรินทร์ 32130,เขตพื้นที่การศึกษาสุรินทร์ เขต 2
ลุมพุกหนองกุง,ต.หนองเหล็ก อ.ศีขรภูมิ จ.สุรินทร์ 32110,เขตพื้นที่การศึกษาสุรินทร์ เขต 1
ลำหาด,ต.ทับทัน อ.สังขะ จ.สุรินทร์ 32150,เขตพื้นที่การศึกษาสุรินทร์ เขต 3
ลันแต้,ต.เทพรักษา อ.สังขะ จ.สุรินทร์ 32150,เขตพื้นที่การศึกษาสุรินทร์ เขต 3
ลำดวน,ต.ลำดวน อ.ลำดวน จ.สุรินทร์ 32220,เขตพื้นที่การศึกษาสุรินทร์ เขต 1
ละเอาะ,ต.จีกแดก อ.พนมดงรัก จ.สุรินทร์ 32140,เขตพื้นที่การศึกษาสุรินทร์ เขต 3
ละมงค์,ต.ณรงค์ อ.ศรีณรงค์ จ.สุรินทร์ 32150,เขตพื้นที่การศึกษาสุรินทร์ เขต 3
ลิ้นฟ้า,ต.ลิ้นฟ้า อ.ยางชุมน้อย จ.ศรีสะเกษ 33190,เขตพื้นที่การศึกษาศรีสะเกษ เขต 1
ลือชัย,ต.หนองหัวช้าง อ.กันทรารมย์ จ.ศรีสะเกษ 33130,เขตพื้นที่การศึกษาศรีสะเกษ เขต 1
ละทาย,ต.ละทาย อ.กันทรารมย์ จ.ศรีสะเกษ 33130,เขตพื้นที่การศึกษาศรีสะเกษ เขต 1
ละลายมีชัย,ต.ละลาย อ.กันทรลักษ์ จ.ศรีสะเกษ 33110,เขตพื้นที่การศึกษาศรีสะเกษ เขต 4
ละเบิกตาฮีง,ต.ศรีตระกูล อ.ขุขันธ์ จ.ศรีสะเกษ 33140,เขตพื้นที่การศึกษาศรีสะเกษ เขต 3
ลุมภู,ต.น้ำเกลี้ยง อ.น้ำเกลี้ยง จ.ศรีสะเกษ 33130,เขตพื้นที่การศึกษาศรีสะเกษ เขต 1
ละเอาะ,ต.ละเอาะ อ.น้ำเกลี้ยง จ.ศรีสะเกษ 33130,เขตพื้นที่การศึกษาศรีสะเกษ เขต 1
ลุมพุกคูวงศ์,ต.ตองปิด อ.น้ำเกลี้ยง จ.ศรีสะเกษ 33130,เขตพื้นที่การศึกษาศรีสะเกษ เขต 1
ลิงไอ,ต.ธาตุ อ.วังหิน จ.ศรีสะเกษ 33270,เขตพื้นที่การศึกษาศรีสะเกษ เขต 1
ลุมพุกคลองแก้ว,ต.โคกตาล อ.ภูสิงห์ จ.ศรีสะเกษ 33140,เขตพื้นที่การศึกษาศรีสะเกษ เขต 3
ละลม,ต.ละลม อ.ภูสิงห์ จ.ศรีสะเกษ 33140,เขตพื้นที่การศึกษาศรีสะเกษ เขต 3
ลาดควาย,ต.ลาดควาย อ.ศรีเมืองใหม่ จ.อุบลราชธานี 34250,เขตพื้นที่การศึกษาอุบลราชธานี เขต 3
ลาดหญ้าคา,ต.นาแวง อ.เขมราฐ จ.อุบลราชธานี 34170,เขตพื้นที่การศึกษาอุบลราชธานี เขต 2
ลาดสมดี,ต.กุศกร อ.ตระการพืชผล จ.อุบลราชธานี 34130,เขตพื้นที่การศึกษาอุบลราชธานี เขต 2
ลาดวารี,ต.คำเขื่อนแก้ว อ.สิรินธร จ.อุบลราชธานี 34350,เขตพื้นที่การศึกษาอุบลราชธานี เขต 3
ลุมพุก,ต.นาตาล อ.นาตาล จ.อุบลราชธานี 34170,เขตพื้นที่การศึกษาอุบลราชธานี เขต 2
ลาดใหญ่,ต.ลาดใหญ่ อ.เมืองชัยภูมิ จ.ชัยภูมิ 36000,เขตพื้นที่การศึกษาชัยภูมิ เขต 1
ลำชี,ต.โนนสะอาด อ.คอนสวรรค์ จ.ชัยภูมิ 36140,เขตพื้นที่การศึกษาชัยภูมิ เขต 1
ลาดผักหนาม,ต.ซับสีทอง อ.เกษตรสมบูรณ์ จ.ชัยภูมิ 36000,เขตพื้นที่การศึกษาชัยภูมิ เขต 1
ลาดใต้,ต.หนองบัวแดง อ.หนองบัวแดง จ.ชัยภูมิ 36210,เขตพื้นที่การศึกษาชัยภูมิ เขต 1
ลาดเหนือ,ต.หนองบัวแดง อ.หนองบัวแดง จ.ชัยภูมิ 36210,เขตพื้นที่การศึกษาชัยภูมิ เขต 1
ละหาน(อภิรักษ์วิทยา),ต.ละหาน อ.จัตุรัส จ.ชัยภูมิ 36130,เขตพื้นที่การศึกษาชัยภูมิ เขต 3
ละหานค่าย,ต.โคกสะอาด อ.หนองบัวระเหว จ.ชัยภูมิ 36250,เขตพื้นที่การศึกษาชัยภูมิ เขต 3
ลาด(ประชาราษฎร์บำรุง),ต.บ้านแก้ง อ.ภูเขียว จ.ชัยภูมิ 36110,เขตพื้นที่การศึกษาชัยภูมิ เขต 2
ลาดชุมพล,ต.เจาทอง อ.ภักดีชุมพล จ.ชัยภูมิ 36260,เขตพื้นที่การศึกษาชัยภูมิ เขต 1
ลาดไทรงาม,ต.เจาทอง อ.ภักดีชุมพล จ.ชัยภูมิ 36260,เขตพื้นที่การศึกษาชัยภูมิ เขต 1
ลือนาคำ,ต.ลือ อ.ปทุมราชวงศา จ.อำนาจเจริญ 37110,เขตพื้นที่การศึกษาอำนาจเจริญ เขต 1
ลำภู,ต.ลำภู อ.เมืองหนองบัวลำภู จ.หนองบัวลำภู 39000,เขตพื้นที่การศึกษาหนองบัวลำภู เขต 1
ลาด,ต.ป่าไม้งาม อ.เมืองหนองบัวลำภู จ.หนองบัวลำภู 39000,เขตพื้นที่การศึกษาหนองบัวลำภู เขต 1
ลาดนาเพียง,ต.สาวะถี อ.เมืองขอนแก่น จ.ขอนแก่น 40000,เขตพื้นที่การศึกษาขอนแก่น เขต 1
ลาน,ต.บ้านลาน อ.บ้านไผ่ จ.ขอนแก่น 40110,เขตพื้นที่การศึกษาขอนแก่น เขต 2
ลานวิทยาคม,ต.หินตั้ง อ.บ้านไผ่ จ.ขอนแก่น 40110,เขตพื้นที่การศึกษาขอนแก่น เขต 2
ละว้า,อ.บ้านไผ่ จ.ขอนแก่น 40110,เขตพื้นที่การศึกษาขอนแก่น เขต 2
ลอมคอม,ต.ลอมคอม อ.พล จ.ขอนแก่น 40120,เขตพื้นที่การศึกษาขอนแก่น เขต 3
ละหานนา,ต.ละหานนา อ.แวงน้อย จ.ขอนแก่น 40230,เขตพื้นที่การศึกษาขอนแก่น เขต 3
ลำภู,ต.ขอนยูง อ.กุดจับ จ.อุดรธานี 41250,เขตพื้นที่การศึกษาอุดรธานี เขต 4
ลาน,ต.จำปาโมง อ.บ้านผือ จ.อุดรธานี 41160,เขตพื้นที่การศึกษาอุดรธานี เขต 4
ลาดหอคำ,ต.คำด้วง อ.บ้านผือ จ.อุดรธานี 41660,เขตพื้นที่การศึกษาอุดรธานี เขต 4
ลาดค้อ,ต.กกดู่ อ.เมืองเลย จ.เลย 42000,เขตพื้นที่การศึกษาเลย เขต 1
ลาดค่าง,ต.ลาดค่าง อ.ภูเรือ จ.เลย 42160,เขตพื้นที่การศึกษาเลย เขต 1
ลาด,ต.โคกขมิ้น อ.วังสะพุง จ.เลย 42130,เขตพื้นที่การศึกษาเลย เขต 2
ลิ้นฟ้า,ต.กุดใส้จ่อ อ.กันทรวิชัย จ.มหาสารคาม 44150,เขตพื้นที่การศึกษามหาสารคาม เขต 1
ลาด,ต.นาเมือง อ.เสลภูมิ จ.ร้อยเอ็ด 45120,เขตพื้นที่การศึกษาร้อยเอ็ด เขต 3
ลำโกน(คุรุรัฐราษฎร์พัฒนา),อ.สุวรรณภูมิ จ.ร้อยเอ็ด 45130,เขตพื้นที่การศึกษาร้อยเอ็ด เขต 2
ลิ้นฟ้า,ต.บ้านดู่ อ.อาจสามารถ จ.ร้อยเอ็ด 45160,เขตพื้นที่การศึกษาร้อยเอ็ด เขต 2
ลาดวิทยาเสริม,ต.หลักเมือง อ.กมลาไสย จ.กาฬสินธุ์ 46130,เขตพื้นที่การศึกษากาฬสินธุ์ เขต 1
ลาดสระบัว,ต.หัวงัว อ.ยางตลาด จ.กาฬสินธุ์,เขตพื้นที่การศึกษากาฬสินธุ์ เขต 2
ลาดกะเฌอ(คุรุราษฎร์ชูวิทย์),ต.ห้วยยาง อ.เมืองสกลนคร จ.สกลนคร 47000,เขตพื้นที่การศึกษาสกลนคร เขต 1
ลึมบอง,ต.บ่อแก้ว อ.บ้านม่วง จ.สกลนคร 47140,เขตพื้นที่การศึกษาสกลนคร เขต 3
ลาดค้อ,ต.ด่านม่วงคำ อ.โคกศรีสุพรรณ จ.สกลนคร 47280,เขตพื้นที่การศึกษาสกลนคร เขต 1
ลวงเหนือ,ต.ลวงเหนือ อ.ดอยสะเก็ด จ.เชียงใหม่ 50220,เขตพื้นที่การศึกษาเชียงใหม่ เขต 1
ลาน,ต.ม่อนปิ่น อ.ฝาง จ.เชียงใหม่ 50110,เขตพื้นที่การศึกษาเชียงใหม่ เขต 3
ล้องอ้อ,ต.แม่สูน อ.ฝาง จ.เชียงใหม่ 50110,เขตพื้นที่การศึกษาเชียงใหม่ เขต 3
ลี้,ต.ลี้ อ.ลี้ จ.ลำพูน 51110,เขตพื้นที่การศึกษาลำพูน เขต 2
ล้องหนองหอย,ต.ป่าซาง อ.ป่าซาง จ.ลำพูน 51120,เขตพื้นที่การศึกษาลำพูน เขต 1
ล้องเครือกวาว,ต.หนองยวง อ.เวียงหนองล่อง จ.ลำพูน 51120,เขตพื้นที่การศึกษาลำพูน เขต 2
ลำปางกลาง,ต.ปงแสนทอง อ.เมืองลำปาง จ.ลำปาง 52100,เขตพื้นที่การศึกษาลำปาง เขต 1
ล้อง,ต.หนองหล่ม อ.ห้างฉัตร จ.ลำปาง 52190,เขตพื้นที่การศึกษาลำปาง เขต 1
ลอง(ฟองจันทร์ราษฎร์อุปถัมภ์),ต.บ้านหนุน อ.สอง จ.แพร่ 54120,เขตพื้นที่การศึกษาแพร่ เขต 1
ลู(คำภีร์ราษฎร์บำรุง),ต.ห้วยหม้าย อ.สอง จ.แพร่ 54120,เขตพื้นที่การศึกษาแพร่ เขต 1
ลุงท่าเจริญ,ต.ศรีดอนชัย อ.เชียงของ จ.เชียงราย,เขตพื้นที่การศึกษาเชียงราย เขต 4
ลังกา,ต.บ้านโป่ง อ.เวียงป่าเป้า จ.เชียงราย 57170,เขตพื้นที่การศึกษาเชียงราย เขต 2
ละอูบ,ต.ห้วยห้อม อ.แม่ลาน้อย จ.แม่ฮ่องสอน 58120,เขตพื้นที่การศึกษาแม่ฮ่องสอน เขต 2
ลุกป่าก๊อ,ต.สบป่อง อ.ปางมะผ้า จ.แม่ฮ่องสอน 58150,เขตพื้นที่การศึกษาแม่ฮ่องสอน เขต 1
ลาดตะกุด(สูงทองกาญจนาประชานุสรณ์),ต.ห้วยหอม อ.ตาคลี จ.นครสวรรค์ 60210,เขตพื้นที่การศึกษานครสวรรค์ เขต 3
ลาด(ราษฎร์บำรุง),ต.หนองหลวง อ.ท่าตะโก จ.นครสวรรค์ 60160,เขตพื้นที่การศึกษานครสวรรค์ เขต 3
ลำพยนต์,ต.ลำพยนต์ อ.ตากฟ้า จ.นครสวรรค์ 60190,เขตพื้นที่การศึกษานครสวรรค์ เขต 3
ล้ำเจริญ,ต.อุดมธัญญา อ.ตากฟ้า จ.นครสวรรค์ 60190,เขตพื้นที่การศึกษานครสวรรค์ เขต 3
ลานตะแบก,ต.แม่วงก์ อ.แม่วงก์ จ.นครสวรรค์ 60150,เขตพื้นที่การศึกษานครสวรรค์ เขต 2
ล่อมเสือโฮก,ต.หนองยาง อ.หนองฉาง จ.อุทัยธานี 61110,เขตพื้นที่การศึกษาอุทัยธานี เขต 1
ลานคา,ต.หนองบ่มกล้วย อ.บ้านไร่ จ.อุทัยธานี 61140,เขตพื้นที่การศึกษาอุทัยธานี เขต 1
ลานหิน,ต.ลานดอกไม้ อ.เมืองกำแพงเพชร จ.กำแพงเพชร 62000,เขตพื้นที่การศึกษากำแพงเพชร เขต 1
ลำมะโกรก,ต.สระแก้ว อ.เมืองกำแพงเพชร จ.กำแพงเพชร 62000,เขตพื้นที่การศึกษากำแพงเพชร เขต 1
ลานกระทิง,ต.วังควง อ.พรานกระต่าย จ.กำแพงเพชร 62110,เขตพื้นที่การศึกษากำแพงเพชร เขต 1
ลานทอง,ต.วังควง อ.พรานกระต่าย จ.กำแพงเพชร 62110,เขตพื้นที่การศึกษากำแพงเพชร เขต 1
ลานสะเดา,ต.วังควง อ.พรานกระต่าย จ.กำแพงเพชร 62110,เขตพื้นที่การศึกษากำแพงเพชร เขต 1
ลานช้างท่าว,ต.ห้วยยั้ง อ.พรานกระต่าย จ.กำแพงเพชร 62110,เขตพื้นที่การศึกษากำแพงเพชร เขต 1
ลานไผ่,ต.ห้วยยั้ง อ.พรานกระต่าย จ.กำแพงเพชร 62110,เขตพื้นที่การศึกษากำแพงเพชร เขต 1
ลานตาบัว,ต.ประชาสุขสันต์ อ.ลานกระบือ จ.กำแพงเพชร 62170,เขตพื้นที่การศึกษากำแพงเพชร เขต 1
ลานดอกไม้,ต.ลานดอกไม้ตก อ.โกสัมพีนคร จ.กำแพงเพชร 62000,เขตพื้นที่การศึกษากำแพงเพชร เขต 1
ลานห้วยเดื่อ,ต.โป่งแดง อ.เมืองตาก จ.ตาก 63000,เขตพื้นที่การศึกษาตาก เขต 1
ลานมะคร้อ,ต.น้ำรึม อ.เมืองตาก จ.ตาก 63000,เขตพื้นที่การศึกษาตาก เขต 1
ลานสาง,ต.แม่ท้อ อ.เมืองตาก จ.ตาก 63000,เขตพื้นที่การศึกษาตาก เขต 1
ลานเต็ง,ต.วังประจบ อ.เมืองตาก จ.ตาก 63000,เขตพื้นที่การศึกษาตาก เขต 1
ลานทอง,ต.วังน้ำขาว อ.บ้านด่านลานหอย จ.สุโขทัย 64140,เขตพื้นที่การศึกษาสุโขทัย เขต 1
ลานกระบือ,ต.ตลิ่งชัน อ.บ้านด่านลานหอย จ.สุโขทัย 64140,เขตพื้นที่การศึกษาสุโขทัย เขต 1
ลำคลองยาง,ต.หนองกระดิ่ง อ.คีรีมาศ จ.สุโขทัย 64160,เขตพื้นที่การศึกษาสุโขทัย เขต 1
ลานเอื้อง,ต.บ้านน้ำพุ อ.คีรีมาศ จ.สุโขทัย 64160,เขตพื้นที่การศึกษาสุโขทัย เขต 1
ลำโชค,ต.บ้านแก่ง อ.ศรีสัชนาลัย จ.สุโขทัย 64130,เขตพื้นที่การศึกษาสุโขทัย เขต 2
ลานตาเมือง,ต.บ้านใหม่ไชยมงคล อ.ทุ่งเสลี่ยม จ.สุโขทัย 64230,เขตพื้นที่การศึกษาสุโขทัย เขต 2
ลาดคื้อ,ต.ห้วยเฮี้ย อ.นครไทย จ.พิษณุโลก 65120,เขตพื้นที่การศึกษาพิษณุโลก เขต 3
ลำภาศ,ต.บ้านมุง อ.เนินมะปราง จ.พิษณุโลก 65190,เขตพื้นที่การศึกษาพิษณุโลก เขต 2
ลำป่าสักมูล,ต.ดงมูลเหล็ก อ.เมืองเพชรบูรณ์ จ.เพชรบูรณ์ 67000,เขตพื้นที่การศึกษาเพชรบูรณ์ เขต 1
ลาดน้อย,ต.พุทธบาท อ.ชนแดน จ.เพชรบูรณ์ 67150,เขตพื้นที่การศึกษาเพชรบูรณ์ เขต 1
ลาดแค,ต.ลาดแค อ.ชนแดน จ.เพชรบูรณ์ 67150,เขตพื้นที่การศึกษาเพชรบูรณ์ เขต 1
ลานบ่า,ต.ลานบ่า อ.หล่มสัก จ.เพชรบูรณ์ 67110,เขตพื้นที่การศึกษาเพชรบูรณ์ เขต 2
ลำนารวย,ต.สระประดู่ อ.วิเชียรบุรี จ.เพชรบูรณ์ 67130,เขตพื้นที่การศึกษาเพชรบูรณ์ เขต 3
ลำตาเณร,ต.บัววัฒนา อ.หนองไผ่ จ.เพชรบูรณ์ 67140,เขตพื้นที่การศึกษาเพชรบูรณ์ เขต 3
ลำพาด,ต.หนองไผ่ อ.หนองไผ่ จ.เพชรบูรณ์ 67140,เขตพื้นที่การศึกษาเพชรบูรณ์ เขต 3
ลำตะคร้อ,ต.กันจุ อ.บึงสามพัน จ.เพชรบูรณ์ 67160,เขตพื้นที่การศึกษาเพชรบูรณ์ เขต 3
ลาดใหญ่,ต.หนองอ้อ อ.บ้านโป่ง จ.ราชบุรี 70110,เขตพื้นที่การศึกษาราชบุรี เขต 2
ลำพระ,ต.บ้านคา อ.บ้านคา จ.ราชบุรี 70180,เขตพื้นที่การศึกษาราชบุรี เขต 1
ลุ่มผึ้ง,ต.ลุ่มสุ่ม อ.ไทรโยค จ.กาญจนบุรี 71150,เขตพื้นที่การศึกษากาญจนบุรี เขต 3
ลําอีซู,ต.หนองรี อ.บ่อพลอย จ.กาญจนบุรี 71220,เขตพื้นที่การศึกษากาญจนบุรี เขต 2
ลําอีซู สาขาบ้านหนองสําโรง,ต.หนองรี อ.บ่อพลอย จ.กาญจนบุรี,เขตพื้นที่การศึกษากาญจนบุรี เขต 2
ลิ่นถิ่น,ต.ลิ่นถิ่น อ.ทองผาภูมิ จ.กาญจนบุรี 71180,เขตพื้นที่การศึกษากาญจนบุรี เขต 3
ลาด,ต.บ่อกรุ อ.เดิมบางนางบวช จ.สุพรรณบุรี 72120,เขตพื้นที่การศึกษาสุพรรณบุรี เขต 3
ละว้าวังควาย,ต.วังยาว อ.ด่านช้าง จ.สุพรรณบุรี 72180,เขตพื้นที่การศึกษาสุพรรณบุรี เขต 3
ลำท่าโพ,ต.ทุ่งน้อย อ.เมืองนครปฐม จ.นครปฐม 73000,เขตพื้นที่การศึกษานครปฐม เขต 1
ลำพยา,ต.ลำพยา อ.เมืองนครปฐม จ.นครปฐม 73000,เขตพื้นที่การศึกษานครปฐม เขต 1
ลานแหลม,ต.วัดละมุด อ.นครชัยศรี จ.นครปฐม 73120,เขตพื้นที่การศึกษานครปฐม เขต 2
ลาดหลวง,ต.บางหลวง อ.บางเลน จ.นครปฐม 73190,เขตพื้นที่การศึกษานครปฐม เขต 2
ลาดใหญ่,ต.ลาดใหญ่ อ.เมืองสมุทรสงคราม จ.สมุทรสงคราม 75000,เขตพื้นที่การศึกษาสมุทรสงคราม เขต 1
ลาดใหญ่สามัคคี,ต.ลาดใหญ่ อ.เมืองสมุทรสงคราม จ.สมุทรสงคราม 75000,เขตพื้นที่การศึกษาสมุทรสงคราม เขต 1
ลิ้นช้าง,ต.ยางน้ำกลัดเหนือ อ.หนองหญ้าปล้อง จ.เพชรบุรี 76160,เขตพื้นที่การศึกษาเพชรบุรี เขต 1
ลาดวิทยา,ต.บ้านลาด อ.บ้านลาด จ.เพชรบุรี 76150,เขตพื้นที่การศึกษาเพชรบุรี เขต 2
ลาดโพธิ์ (สุทธิราษฎร์รังสรรค์),ต.ลาดโพธิ์ อ.บ้านลาด จ.เพชรบุรี 76150,เขตพื้นที่การศึกษาเพชรบุรี เขต 2
ลาดวิถี,ต.ศิลาลอย อ.สามร้อยยอด จ.ประจวบคีรีขันธ์ 77180,เขตพื้นที่การศึกษาประจวบคีรีขันธ์ เขต 2
ลานนา,ต.เกาะขันธ์ อ.ชะอวด จ.นครศรีธรรมราช 80180,เขตพื้นที่การศึกษานครศรีธรรมราช เขต 3
ลำคลอง,ต.หัวไทร อ.หัวไทร จ.นครศรีธรรมราช 80170,เขตพื้นที่การศึกษานครศรีธรรมราช เขต 3
ลากชาย,ต.เขาพังไกร อ.หัวไทร จ.นครศรีธรรมราช 80170,เขตพื้นที่การศึกษานครศรีธรรมราช เขต 3
ลำหัก,ต.ควนหนองคว้า อ.จุฬาภรณ์ จ.นครศรีธรรมราช 80130,เขตพื้นที่การศึกษานครศรีธรรมราช เขต 3
ลิกี,ต.เกาะกลาง อ.เกาะลันตา จ.กระบี่ 81120,เขตพื้นที่การศึกษากระบี่ เขต 1
ลำทับ,ต.ลำทับ อ.ลำทับ จ.กระบี่ 81120,เขตพื้นที่การศึกษากระบี่ เขต 1
ลำวะ,ต.ถ้ำ อ.ตะกั่วทุ่ง จ.พังงา 82130,เขตพื้นที่การศึกษาพังงา เขต 1
ลำปี (พิบูลสงครามอุปถัมภ์),ต.ท้ายเหมือง อ.ท้ายเหมือง จ.พังงา 82120,เขตพื้นที่การศึกษาพังงา เขต 1
ลำแก่น,ต.ลำแก่น อ.ท้ายเหมือง จ.พังงา 82210,เขตพื้นที่การศึกษาพังงา เขต 1
ลิพอน,ต.ศรีสุนทร อ.ถลาง จ.ภูเก็ต 83110,เขตพื้นที่การศึกษาภูเก็ต เขต 1
ลุ่มชุมแสง,ต.ป่าเว อ.ไชยา จ.สุราษฎร์ธานี 84110,เขตพื้นที่การศึกษาสุราษฎร์ธานี เขต 2
ลูกเดือน,ต.พนม อ.พนม จ.สุราษฎร์ธานี 84250,เขตพื้นที่การศึกษาสุราษฎร์ธานี เขต 2
ลานเข้,ต.ทุ่งหลวง อ.เวียงสระ จ.สุราษฎร์ธานี 84190,เขตพื้นที่การศึกษาสุราษฎร์ธานี เขต 3
ละออง,ต.ราชกรูด อ.เมืองระนอง จ.ระนอง 85000,เขตพื้นที่การศึกษาระนอง เขต 1
ละอุ่นใต้,ต.ละอุ่นใต้ อ.ละอุ่น จ.ระนอง 85130,เขตพื้นที่การศึกษาระนอง เขต 1
ลำเลียง,ต.ลำเลียง อ.กระบุรี จ.ระนอง 85110,เขตพื้นที่การศึกษาระนอง เขต 1
ละมุ,ต.นากระตาม อ.ท่าแซะ จ.ชุมพร 86140,เขตพื้นที่การศึกษาชุมพร เขต 1
ลางา,ต.บ้านนา อ.จะนะ จ.สงขลา 90130,เขตพื้นที่การศึกษาสงขลา เขต 3
ลําลอง,ต.นาทวี อ.นาทวี จ.สงขลา 90160,เขตพื้นที่การศึกษาสงขลา เขต 3
ลําชิง,ต.คลองทราย อ.นาทวี จ.สงขลา 90160,เขตพื้นที่การศึกษาสงขลา เขต 3
ลำเปา,ต.ลำไพล อ.เทพา จ.สงขลา 90260,เขตพื้นที่การศึกษาสงขลา เขต 3
ลำไพล,ต.ลำไพล อ.เทพา จ.สงขลา 90260,เขตพื้นที่การศึกษาสงขลา เขต 3
ล่องควน,ต.คูหา อ.สะบ้าย้อย จ.สงขลา 90210,เขตพื้นที่การศึกษาสงขลา เขต 3
ลานควาย,ต.ท่าชะมวง อ.รัตภูมิ จ.สงขลา 90180,เขตพื้นที่การศึกษาสงขลา เขต 2
ลาหงา,อ.ละงู จ.สตูล 91110,เขตพื้นที่การศึกษาสตูล เขต 1
ลำพิกุล,อ.ย่านตาขาว จ.ตรัง 92140,เขตพื้นที่การศึกษาตรัง เขต 1
ลำแคลง,อ.ปะเหลียน จ.ตรัง 92180,เขตพื้นที่การศึกษาตรัง เขต 1
ลำปลอกเหนือ,อ.ปะเหลียน จ.ตรัง 92180,เขตพื้นที่การศึกษาตรัง เขต 1
ลิพัง,อ.ปะเหลียน จ.ตรัง 92180,เขตพื้นที่การศึกษาตรัง เขต 1
ลำแพะ,อ.ห้วยยอด จ.ตรัง 92190,เขตพื้นที่การศึกษาตรัง เขต 2
ลำภูรา,อ.ห้วยยอด จ.ตรัง 92190,เขตพื้นที่การศึกษาตรัง เขต 2
ลำช้าง,ต.เขาไพร อ.รัษฎา จ.ตรัง 92160,เขตพื้นที่การศึกษาตรัง เขต 2
ลานช้าง(มิตรภาพ 45),อ.เขาชัยสน จ.พัทลุง 93130,เขตพื้นที่การศึกษาพัทลุง เขต 1
ลานข่อย,อ.ป่าพะยอม จ.พัทลุง 93110,เขตพื้นที่การศึกษาพัทลุง เขต 1
ลดา,อ.เมืองปัตตานี จ.ปัตตานี 94000,เขตพื้นที่การศึกษาปัตตานี เขต 1
ล้อแตก,อ.โคกโพธิ์ จ.ปัตตานี 94120,เขตพื้นที่การศึกษาปัตตานี เขต 2
ลางสาด,อ.มายอ จ.ปัตตานี 94140,เขตพื้นที่การศึกษาปัตตานี เขต 2
ละอาร์,อ.สายบุรี จ.ปัตตานี 94110,เขตพื้นที่การศึกษาปัตตานี เขต 3
ลานช้าง,อ.สายบุรี จ.ปัตตานี 94110,เขตพื้นที่การศึกษาปัตตานี เขต 3
ละหาร,อ.สายบุรี จ.ปัตตานี 94110,เขตพื้นที่การศึกษาปัตตานี เขต 3
ละเวง,อ.ไม้แก่น จ.ปัตตานี 94220,เขตพื้นที่การศึกษาปัตตานี เขต 3
ลางา,อ.ยะหริ่ง จ.ปัตตานี 94150,เขตพื้นที่การศึกษาปัตตานี เขต 1
ละหารยามู,อ.ยะรัง จ.ปัตตานี 94160,เขตพื้นที่การศึกษาปัตตานี เขต 2
ลิมุด (บุญชอบ สาครินทร์),อ.เมืองยะลา จ.ยะลา 95000,เขตพื้นที่การศึกษายะลา เขต 1
ลากอ,ต.ยะหา อ.ยะหา จ.ยะลา 95120,เขตพื้นที่การศึกษายะลา เขต 2
ลีตอ,อ.ยะหา จ.ยะลา 95120,เขตพื้นที่การศึกษายะลา เขต 2
ลือเน็ง,อ.ยะหา จ.ยะลา 95120,เขตพื้นที่การศึกษายะลา เขต 2
ละแอ,อ.ยะหา จ.ยะลา 95120,เขตพื้นที่การศึกษายะลา เขต 2
ละแอ,อ.รามัน จ.ยะลา 95140,เขตพื้นที่การศึกษายะลา เขต 1
ลูโบ๊ะปันยัง,อ.กาบัง จ.ยะลา 95120,เขตพื้นที่การศึกษายะลา เขต 2
ลาแล,อ.กาบัง จ.ยะลา 95120,เขตพื้นที่การศึกษายะลา เขต 2
ลุโบะปาเระ,อ.ยี่งอ จ.นราธิวาส 96180,เขตพื้นที่การศึกษานราธิวาส เขต 1
ลูโบะดาโต๊ะ,อ.ยี่งอ จ.นราธิวาส 96180,เขตพื้นที่การศึกษานราธิวาส เขต 1
ลูโบะบายะ,อ.ยี่งอ จ.นราธิวาส 96180,เขตพื้นที่การศึกษานราธิวาส เขต 1
ลูโบ๊ะดีแย,อ.ระแงะ จ.นราธิวาส 96130,เขตพื้นที่การศึกษานราธิวาส เขต 3
ลาไม,อ.ระแงะ จ.นราธิวาส 96130,เขตพื้นที่การศึกษานราธิวาส เขต 3
ลูโบ๊ะบาตู,อ.ระแงะ จ.นราธิวาส 96130,เขตพื้นที่การศึกษานราธิวาส เขต 3
ลูโบ๊ะกาเยาะ,อ.ระแงะ จ.นราธิวาส 96130,เขตพื้นที่การศึกษานราธิวาส เขต 3
ลาเมาะ,อ.รือเสาะ จ.นราธิวาส 96150,เขตพื้นที่การศึกษานราธิวาส เขต 1
ลาเมาะฮีเล,อ.รือเสาะ จ.นราธิวาส 96150,เขตพื้นที่การศึกษานราธิวาส เขต 1
ละหาน,อ.รือเสาะ จ.นราธิวาส 96150,เขตพื้นที่การศึกษานราธิวาส เขต 1
ลูโบะบูโละ,อ.รือเสาะ จ.นราธิวาส 96150,เขตพื้นที่การศึกษานราธิวาส เขต 1
ลูโบ๊ะบาตู,อ.ศรีสาคร จ.นราธิวาส 96210,เขตพื้นที่การศึกษานราธิวาส เขต 1
ลาเวง,อ.ศรีสาคร จ.นราธิวาส 96210,เขตพื้นที่การศึกษานราธิวาส เขต 1
ลูโบ๊ะซามา,อ.สุไหงโก-ลก จ.นราธิวาส 96120,เขตพื้นที่การศึกษานราธิวาส เขต 2
ลาแล,อ.สุไหงโก-ลก จ.นราธิวาส 96120,เขตพื้นที่การศึกษานราธิวาส เขต 2
ลูโบะลือซง,อ.สุไหงโก-ลก จ.นราธิวาส 96120,เขตพื้นที่การศึกษานราธิวาส เขต 2
ละหาน,อ.สุไหงปาดี จ.นราธิวาส 96140,เขตพื้นที่การศึกษานราธิวาส เขต 2
ละหาร,อ.จะแนะ จ.นราธิวาส 96220,เขตพื้นที่การศึกษานราธิวาส เขต 3
ลูโบ๊ะเยาะ,อ.เจาะไอร้อง จ.นราธิวาส 96130,เขตพื้นที่การศึกษานราธิวาส เขต 3