อำเภอ,ต.นาจอมเทียน อ.สัตหีบ จ.ชลบุรี 20250,เขตพื้นที่การศึกษาชลบุรี เขต 3
อ่างกระพงศ์,ต.เกษตรสุวรรณ อ.บ่อทอง จ.ชลบุรี 20270,เขตพื้นที่การศึกษาชลบุรี เขต 2
อนุบาล,ต.ท่าประดู่ อ.เมืองระยอง จ.ระยอง 21000,เขตพื้นที่การศึกษาระยอง เขต 1
อัมพวา,ต.คลองขุด อ.ท่าใหม่ จ.จันทบุรี 22120,เขตพื้นที่การศึกษาจันทบุรี เขต 1
อีมุย,ต.หนองชิ่ม อ.แหลมสิงห์ จ.จันทบุรี 22130,เขตพื้นที่การศึกษาจันทบุรี เขต 2
อ่างกะป่อง,ต.ท่าโสม อ.เขาสมิง จ.ตราด 23150,เขตพื้นที่การศึกษาตราด เขต 1
อ่าวตาลคู่,ต.บางปิด อ.แหลมงอบ จ.ตราด 23120,เขตพื้นที่การศึกษาตราด เขต 1
อ่าวพร้าว,ต.เกาะกูด อ.เกาะกูด จ.ตราด 23000,เขตพื้นที่การศึกษาตราด เขต 1
อ่างทอง,ต.คู้ยายหมี อ.สนามชัยเขต จ.ฉะเชิงเทรา 24160,เขตพื้นที่การศึกษาฉะเชิงเทรา เขต 2
อ่างตะแบก,ต.ทุ่งพระยา อ.สนามชัยเขต จ.ฉะเชิงเทรา 24160,เขตพื้นที่การศึกษาฉะเชิงเทรา เขต 2
อ่างเตย,ต.ท่าตะเกียบ อ.ท่าตะเกียบ จ.ฉะเชิงเทรา 24160,เขตพื้นที่การศึกษาฉะเชิงเทรา เขต 2
อ่างเสือดำ,ต.ท่าตะเกียบ อ.ท่าตะเกียบ จ.ฉะเชิงเทรา 24160,เขตพื้นที่การศึกษาฉะเชิงเทรา เขต 2
อุดมบรรพต,ต.แก่งดินสอ อ.นาดี จ.ปราจีนบุรี 25220,เขตพื้นที่การศึกษาปราจีนบุรี เขต 1
อ้อไพล,ต.กำปัง อ.โนนไทย จ.นครราชสีมา 30220,เขตพื้นที่การศึกษานครราชสีมา เขต 5
อ้อยช้าง,ต.กุดจอก อ.บัวใหญ่ จ.นครราชสีมา 30120,เขตพื้นที่การศึกษานครราชสีมา เขต 6
อ่างเก็บน้ำห้วยยาง,ต.ธงชัยเหนือ อ.ปักธงชัย จ.นครราชสีมา 30150,เขตพื้นที่การศึกษานครราชสีมา เขต 3
อุทัยทอง,ต.แก้งสนามนาง อ.แก้งสนามนาง จ.นครราชสีมา 30440,เขตพื้นที่การศึกษานครราชสีมา เขต 6
อ้อประชาสามัคคี,ต.ไพล อ.ลำทะเมนชัย จ.นครราชสีมา 30270,เขตพื้นที่การศึกษานครราชสีมา เขต 7
อโณทัย,ต.เมืองไผ่ อ.กระสัง จ.บุรีรัมย์ 31160,เขตพื้นที่การศึกษาบุรีรัมย์ เขต 2
อุบลสามัคคี,ต.โนนสุวรรณ อ.โนนสุวรรณ จ.บุรีรัมย์ 31110,เขตพื้นที่การศึกษาบุรีรัมย์ เขต 3
อังกัญเสกแอ(ประดิษฐ์ราษฎร์สามัคคี),ต.ตาอ็อง อ.เมืองสุรินทร์ จ.สุรินทร์ 32000,เขตพื้นที่การศึกษาสุรินทร์ เขต 1
อำปึล(ปอเกียพลินอุทิศ 3),ต.เทนมีย์ อ.เมืองสุรินทร์ จ.สุรินทร์ 32000,เขตพื้นที่การศึกษาสุรินทร์ เขต 1
อังกัญ-โคกบรรเลง,ต.บุฤาษี อ.เมืองสุรินทร์ จ.สุรินทร์ 32000,เขตพื้นที่การศึกษาสุรินทร์ เขต 1
อาโพน(สหมิตรสงเคราะห์),ต.แสลงพันธ์ อ.เมืองสุรินทร์ จ.สุรินทร์ 32000,เขตพื้นที่การศึกษาสุรินทร์ เขต 1
อ้อตลิ่งชัน,ต.สระขุด อ.ชุมพลบุรี จ.สุรินทร์ 32190,เขตพื้นที่การศึกษาสุรินทร์ เขต 2
อาคุณ,ต.กระโพ อ.ท่าตูม จ.สุรินทร์ 32120,เขตพื้นที่การศึกษาสุรินทร์ เขต 2
อันโนง,ต.กระหาด อ.จอมพระ จ.สุรินทร์ 32180,เขตพื้นที่การศึกษาสุรินทร์ เขต 1
อาคตหนองขอนประชาวิทย์,ต.บุแกรง อ.จอมพระ จ.สุรินทร์ 32180,เขตพื้นที่การศึกษาสุรินทร์ เขต 1
อาแวะ,ต.บุแกรง อ.จอมพระ จ.สุรินทร์ 32180,เขตพื้นที่การศึกษาสุรินทร์ เขต 1
อาทึก,ต.บ้านผือ อ.จอมพระ จ.สุรินทร์ 32180,เขตพื้นที่การศึกษาสุรินทร์ เขต 1
อำปึลกง,ต.บ้านพลวง อ.ปราสาท จ.สุรินทร์ 32140,เขตพื้นที่การศึกษาสุรินทร์ เขต 3
อาจญา,ต.น้ำเขียว อ.รัตนบุรี จ.สุรินทร์ 32130,เขตพื้นที่การศึกษาสุรินทร์ เขต 2
อาเลา,ต.หนองอียอ อ.สนม จ.สุรินทร์ 32160,เขตพื้นที่การศึกษาสุรินทร์ เขต 2
อนันต์(ชูศรีราษฏร์สามัคคี),ต.ยาง อ.ศีขรภูมิ จ.สุรินทร์ 32110,เขตพื้นที่การศึกษาสุรินทร์ เขต 1
อาวุธ,ต.แตล อ.ศีขรภูมิ จ.สุรินทร์ 32110,เขตพื้นที่การศึกษาสุรินทร์ เขต 1
อาวอก,ต.ขอนแตก อ.สังขะ จ.สุรินทร์ 32150,เขตพื้นที่การศึกษาสุรินทร์ เขต 3
อังกอล,ต.บ้านจารย์ อ.สังขะ จ.สุรินทร์ 32150,เขตพื้นที่การศึกษาสุรินทร์ เขต 3
อู่โลก,ต.อู่โลก อ.ลำดวน จ.สุรินทร์ 32220,เขตพื้นที่การศึกษาสุรินทร์ เขต 1
ออดราษฎร์สามัคคี,ต.บัวเชด อ.บัวเชด จ.สุรินทร์ 32230,เขตพื้นที่การศึกษาสุรินทร์ เขต 3
อาโพน,ต.อาโพน อ.บัวเชด จ.สุรินทร์ 32230,เขตพื้นที่การศึกษาสุรินทร์ เขต 3
อำปึล,ต.บักได อ.พนมดงรัก จ.สุรินทร์ 32140,เขตพื้นที่การศึกษาสุรินทร์ เขต 3
อุโลก,ต.บักได อ.พนมดงรัก จ.สุรินทร์ 32140,เขตพื้นที่การศึกษาสุรินทร์ เขต 3
อำปึล(ดาวรุ่งรัฐวิทยา),ต.ตากูก อ.เขวาสินรินทร์ จ.สุรินทร์ 32000,เขตพื้นที่การศึกษาสุรินทร์ เขต 1
อาพืด,ต.คำผง อ.โนนนารายณ์ จ.สุรินทร์ 32130,เขตพื้นที่การศึกษาสุรินทร์ เขต 2
อีโสด,ต.หนองเทพ อ.โนนนารายณ์ จ.สุรินทร์ 32130,เขตพื้นที่การศึกษาสุรินทร์ เขต 2
อาลัย,ต.จาน อ.กันทรารมย์ จ.ศรีสะเกษ 33130,เขตพื้นที่การศึกษาศรีสะเกษ เขต 1
อีปาด,ต.อีปาด อ.กันทรารมย์ จ.ศรีสะเกษ 33130,เขตพื้นที่การศึกษาศรีสะเกษ เขต 1
อีต้อม,ต.คำเนียม อ.กันทรารมย์ จ.ศรีสะเกษ 33130,เขตพื้นที่การศึกษาศรีสะเกษ เขต 1
อังกุล,ต.ใจดี อ.ขุขันธ์ จ.ศรีสะเกษ 33140,เขตพื้นที่การศึกษาศรีสะเกษ เขต 3
อาวอย,ต.โสน อ.ขุขันธ์ จ.ศรีสะเกษ 33140,เขตพื้นที่การศึกษาศรีสะเกษ เขต 3
อาลัย,ต.สุขสวัสดิ์ อ.ไพรบึง จ.ศรีสะเกษ 33180,เขตพื้นที่การศึกษาศรีสะเกษ เขต 3
อาราง,ต.พราน อ.ขุนหาญ จ.ศรีสะเกษ 33150,เขตพื้นที่การศึกษาศรีสะเกษ เขต 4
อีหนา(รัฐประชานุกูล),ต.บัวหุ่ง อ.ราษีไศล จ.ศรีสะเกษ,เขตพื้นที่การศึกษาศรีสะเกษ เขต 2
อีหล่ำ(ราษฎร์นุสรณ์),ต.อี่หล่ำ อ.อุทุมพรพิสัย จ.ศรีสะเกษ 33120,เขตพื้นที่การศึกษาศรีสะเกษ เขต 2
อ้อมแก้ว,ต.ก้านเหลือง อ.อุทุมพรพิสัย จ.ศรีสะเกษ 33120,เขตพื้นที่การศึกษาศรีสะเกษ เขต 2
อะลาง,ต.แข้ อ.อุทุมพรพิสัย จ.ศรีสะเกษ 33120,เขตพื้นที่การศึกษาศรีสะเกษ เขต 2
อีสร้อย,ต.ปราสาท อ.ห้วยทับทัน จ.ศรีสะเกษ 33210,เขตพื้นที่การศึกษาศรีสะเกษ เขต 2
อะลางหัวขัว,ต.ตำแย อ.พยุห์ จ.ศรีสะเกษ 33230,เขตพื้นที่การศึกษาศรีสะเกษ เขต 1
อีเซ(คุรุราษฎร์วิทยา),ต.อีเซ อ.โพธิ์ศรีสุวรรณ จ.ศรีสะเกษ 33120,เขตพื้นที่การศึกษาศรีสะเกษ เขต 2
อ้น,ต.หัวเรือ อ.เมืองอุบลราชธานี จ.อุบลราชธานี 34000,เขตพื้นที่การศึกษาอุบลราชธานี เขต 1
อีต้อม,ต.ศรีสุข อ.เขื่องใน จ.อุบลราชธานี 34150,เขตพื้นที่การศึกษาอุบลราชธานี เขต 1
อูบมุงแก้งเกลี้ยง,ต.เขมราฐ อ.เขมราฐ จ.อุบลราชธานี 34170,เขตพื้นที่การศึกษาอุบลราชธานี เขต 2
อีเติ่ง,ต.หัวนา อ.เขมราฐ จ.อุบลราชธานี 34170,เขตพื้นที่การศึกษาอุบลราชธานี เขต 2
อุดมสุข,ต.กุดประทาย อ.เดชอุดม จ.อุบลราชธานี 34160,เขตพื้นที่การศึกษาอุบลราชธานี เขต 5
อุดมชาติ,ต.หนองสะโน อ.บุณฑริก จ.อุบลราชธานี 34230,เขตพื้นที่การศึกษาอุบลราชธานี เขต 5
อ่างหิน(เพียรพิทยาคาร),ต.อ่างศิลา อ.พิบูลมังสาหาร จ.อุบลราชธานี 34110,เขตพื้นที่การศึกษาอุบลราชธานี เขต 3
อ่างหินน้อย,ต.บ้านแขม อ.พิบูลมังสาหาร จ.อุบลราชธานี 34110,เขตพื้นที่การศึกษาอุบลราชธานี เขต 3
อาเลา,ต.ค้อน้อย อ.สำโรง จ.อุบลราชธานี 34360,เขตพื้นที่การศึกษาอุบลราชธานี เขต 4
อีเก้ง(รัฐประชานุกูล),ต.พระเหลา อ.พนา จ.อำนาจเจริญ 37180,เขตพื้นที่การศึกษาอำนาจเจริญ เขต 1
อ่างบูรพา,ต.โนนทัน อ.เมืองหนองบัวลำภู จ.หนองบัวลำภู 39000,เขตพื้นที่การศึกษาหนองบัวลำภู เขต 1
อาบช้าง,ต.กุดดินจี่ อ.นากลาง จ.หนองบัวลำภู 39350,เขตพื้นที่การศึกษาหนองบัวลำภู เขต 2
อุดมศรีวิไลวิทยา,ต.ดงสวรรค์ อ.นากลาง จ.หนองบัวลำภู 39350,เขตพื้นที่การศึกษาหนองบัวลำภู เขต 2
อัมพวัน,ต.สำราญ อ.เมืองขอนแก่น จ.ขอนแก่น 40000,เขตพื้นที่การศึกษาขอนแก่น เขต 1
อาจสามารถ,ต.นาเพียง อ.ชุมแพ จ.ขอนแก่น 40130,เขตพื้นที่การศึกษาขอนแก่น เขต 5
อ่างศิลา,ต.สงเปือย อ.ภูเวียง จ.ขอนแก่น 40150,เขตพื้นที่การศึกษาขอนแก่น เขต 5
อีหลุ่ง,ต.เชียงยืน อ.เมืองอุดรธานี จ.อุดรธานี 41000,เขตพื้นที่การศึกษาอุดรธานี เขต 1
อีเลี่ยน,ต.หนองขอนกว้าง อ.เมืองอุดรธานี จ.อุดรธานี 41000,เขตพื้นที่การศึกษาอุดรธานี เขต 1
อูบมุง,ต.อูบมุง อ.หนองวัวซอ จ.อุดรธานี 41220,เขตพื้นที่การศึกษาอุดรธานี เขต 1
อ้อมกอประชาสามัคคี,ต.อ้อมกอ อ.บ้านดุง จ.อุดรธานี 41190,เขตพื้นที่การศึกษาอุดรธานี เขต 3
อุ่มจาน,ต.อุ่มจาน อ.ประจักษ์ศิลปาคม จ.อุดรธานี 41110,เขตพื้นที่การศึกษาอุดรธานี เขต 2
อุมุง,ต.บุฮม อ.เชียงคาน จ.เลย 42110,เขตพื้นที่การศึกษาเลย เขต 1
อีเลิศ,ต.ศรีฐาน อ.ภูกระดึง จ.เลย 42180,เขตพื้นที่การศึกษาเลย เขต 2
อุ่ม,ต.หนองคัน อ.ภูหลวง จ.เลย 42230,เขตพื้นที่การศึกษาเลย เขต 2
อุ่มเย็น,ต.น้ำโมง อ.ท่าบ่อ จ.หนองคาย 43110,เขตพื้นที่การศึกษาหนองคาย เขต 1
อุปราช,ต.ท่าสองคอน อ.เมืองมหาสารคาม จ.มหาสารคาม 44000,เขตพื้นที่การศึกษามหาสารคาม เขต 1
อิตื้อดอนหวายขมิ้น,ต.ศรีสุข อ.กันทรวิชัย จ.มหาสารคาม 44150,เขตพื้นที่การศึกษามหาสารคาม เขต 1
อีโต้,ต.หนองกุง อ.นาเชือก จ.มหาสารคาม 44170,เขตพื้นที่การศึกษามหาสารคาม เขต 2
อี่เม้ง,ต.หนองแวง อ.เกษตรวิสัย จ.ร้อยเอ็ด 45150,เขตพื้นที่การศึกษาร้อยเอ็ด เขต 2
อ้นวิทยาประชาสรรค์,ต.หัวช้าง อ.จตุรพักตรพิมาน จ.ร้อยเอ็ด 45180,เขตพื้นที่การศึกษาร้อยเอ็ด เขต 1
อุ่มจาน,ต.หนองผือ อ.จตุรพักตรพิมาน จ.ร้อยเอ็ด 45180,เขตพื้นที่การศึกษาร้อยเอ็ด เขต 1
อีง่อง,ต.อีง่อง อ.จตุรพักตรพิมาน จ.ร้อยเอ็ด 45180,เขตพื้นที่การศึกษาร้อยเอ็ด เขต 1
อีโคตร(สามัคคีราษฎร์บำรุง),ต.ศรีโคตร อ.จตุรพักตรพิมาน จ.ร้อยเอ็ด 45180,เขตพื้นที่การศึกษาร้อยเอ็ด เขต 1
อุ่มเม้า,ต.อุ่มเม้า อ.ธวัชบุรี จ.ร้อยเอ็ด 45170,เขตพื้นที่การศึกษาร้อยเอ็ด เขต 1
อีหมุน,ต.ราชธานี อ.ธวัชบุรี จ.ร้อยเอ็ด 45170,เขตพื้นที่การศึกษาร้อยเอ็ด เขต 1
อุ่มเม่า,ต.อุ่มเม่า อ.โพนทอง จ.ร้อยเอ็ด 45110,เขตพื้นที่การศึกษาร้อยเอ็ด เขต 3
อัคคะ(อัคควิทยาคาร),ต.อัคคะคำ อ.โพธิ์ชัย จ.ร้อยเอ็ด 45230,เขตพื้นที่การศึกษาร้อยเอ็ด เขต 3
อีโก่ม,ต.เทอดไทย อ.ทุ่งเขาหลวง จ.ร้อยเอ็ด 45170,เขตพื้นที่การศึกษาร้อยเอ็ด เขต 1
อีกุด,ต.กุสุมาลย์ อ.กุสุมาลย์ จ.สกลนคร 47210,เขตพื้นที่การศึกษาสกลนคร เขต 1
อุ่มจาน,ต.อุ่มจาน อ.กุสุมาลย์ จ.สกลนคร 47230,เขตพื้นที่การศึกษาสกลนคร เขต 1
อุ่มไผ่,ต.ช้างมิ่ง อ.พรรณานิคม จ.สกลนคร 47130,เขตพื้นที่การศึกษาสกลนคร เขต 2
อูนดง,ต.นาใน อ.พรรณานิคม จ.สกลนคร 47130,เขตพื้นที่การศึกษาสกลนคร เขต 2
อุ่มเหม้า,ต.ไฮหย่อง อ.พังโคน จ.สกลนคร 47160,เขตพื้นที่การศึกษาสกลนคร เขต 2
อูนโคก,ต.หนองปลิง อ.นิคมน้ำอูน จ.สกลนคร,เขตพื้นที่การศึกษาสกลนคร เขต 2
อินทร์แปลง,ต.อินทร์แปลง อ.วานรนิวาส จ.สกลนคร 47120,เขตพื้นที่การศึกษาสกลนคร เขต 3
อากาศ,ต.อากาศ อ.อากาศอำนวย จ.สกลนคร 47170,เขตพื้นที่การศึกษาสกลนคร เขต 3
อีอูด,ต.นาเดื่อ อ.ศรีสงคราม จ.นครพนม 48150,เขตพื้นที่การศึกษานครพนม เขต 2
อุ่มไผ่,ต.นาคำ อ.ศรีสงคราม จ.นครพนม 48150,เขตพื้นที่การศึกษานครพนม เขต 2
อ้วน,ต.หาดแพง อ.ศรีสงคราม จ.นครพนม 48150,เขตพื้นที่การศึกษานครพนม เขต 2
อูนยางคำ,ต.นาหว้า อ.นาหว้า จ.นครพนม 48180,เขตพื้นที่การศึกษานครพนม เขต 2
อูนนา,ต.นางัว อ.นาหว้า จ.นครพนม 48180,เขตพื้นที่การศึกษานครพนม เขต 2
อ้อวังหมากเห็บ,ต.นาขมิ้น อ.โพนสวรรค์ จ.นครพนม 48190,เขตพื้นที่การศึกษานครพนม เขต 2
อุ่มไผ่,ต.กกแดง อ.นิคมคำสร้อย จ.มุกดาหาร 49130,เขตพื้นที่การศึกษามุกดาหาร เขต 1
อมเม็ง สาขาสบลอง,ต.กองแขก อ.แม่แจ่ม จ.เชียงใหม่ 50270,เขตพื้นที่การศึกษาเชียงใหม่ เขต 5
อมขูด,ต.กองแขก อ.แม่แจ่ม จ.เชียงใหม่ 50270,เขตพื้นที่การศึกษาเชียงใหม่ เขต 5
อมเม็ง,ต.กองแขก อ.แม่แจ่ม จ.เชียงใหม่ 50270,เขตพื้นที่การศึกษาเชียงใหม่ เขต 5
อรุโณทัย,ต.เมืองนะ อ.เชียงดาว จ.เชียงใหม่ 50310,เขตพื้นที่การศึกษาเชียงใหม่ เขต 3
ออน,ต.ปิงโค้ง อ.เชียงดาว จ.เชียงใหม่ 50170,เขตพื้นที่การศึกษาเชียงใหม่ เขต 3
อังคาย,ต.ยั้งเมิน อ.สะเมิง จ.เชียงใหม่ 50250,เขตพื้นที่การศึกษาเชียงใหม่ เขต 2
อูตูม,ต.นาเกียน อ.อมก๋อย จ.เชียงใหม่ 50310,เขตพื้นที่การศึกษาเชียงใหม่ เขต 5
อ่าย,ต.ศรีดงเย็น อ.ไชยปราการ จ.เชียงใหม่ 50320,เขตพื้นที่การศึกษาเชียงใหม่ เขต 3
ออนหลวย,ต.ออนเหนือ อ.แม่ออน จ.เชียงใหม่ 50130,เขตพื้นที่การศึกษาเชียงใหม่ เขต 1
ออนหลวย สาขาบ้านหัวฝาย,ต.ออนเหนือ อ.แม่ออน จ.เชียงใหม่ 50130,เขตพื้นที่การศึกษาเชียงใหม่ เขต 1
ออนกลาง,ต.ออนกลาง อ.แม่ออน จ.เชียงใหม่ 50130,เขตพื้นที่การศึกษาเชียงใหม่ เขต 1
อุโมงค์,ต.อุโมงค์ อ.เมืองลำพูน จ.ลำพูน 51150,เขตพื้นที่การศึกษาลำพูน เขต 1
อ้อน,ต.บ้านโป่ง อ.งาว จ.ลำปาง 52110,เขตพื้นที่การศึกษาลำปาง เขต 1
อุมลอง,ต.ล้อมแรด อ.เถิน จ.ลำปาง 52160,เขตพื้นที่การศึกษาลำปาง เขต 2
อ้อวิทยา,ต.สันดอนแก้ว อ.แม่ทะ จ.ลำปาง 52150,เขตพื้นที่การศึกษาลำปาง เขต 2
อุมลอง,ต.สมัย อ.สบปราบ จ.ลำปาง 52170,เขตพื้นที่การศึกษาลำปาง เขต 2
อ้อ,ต.แม่กัวะ อ.สบปราบ จ.ลำปาง 52170,เขตพื้นที่การศึกษาลำปาง เขต 2
อ้อยวิทยาคาร,ต.บ้านเวียง อ.ร้องกวาง จ.แพร่ 54140,เขตพื้นที่การศึกษาแพร่ เขต 1
อ้ายลิ่ม(ลิ่มราษฎร์สามัคคี),ต.ทุ่งแล้ง อ.ลอง จ.แพร่ 54150,เขตพื้นที่การศึกษาแพร่ เขต 2
อ่ายนาผา,ต.อ่ายนาไลย อ.เวียงสา จ.น่าน 55110,เขตพื้นที่การศึกษาน่าน เขต 1
อิงโค้ง,ต.ห้วยแก้ว อ.ภูกามยาว จ.พะเยา 56000,เขตพื้นที่การศึกษาพะเยา เขต 1
อมพาย,ต.ป่าแป๋ อ.แม่สะเรียง จ.แม่ฮ่องสอน 58110,เขตพื้นที่การศึกษาแม่ฮ่องสอน เขต 2
อุมดาเหนือ,ต.แม่คะตวน อ.สบเมย จ.แม่ฮ่องสอน 58110,เขตพื้นที่การศึกษาแม่ฮ่องสอน เขต 2
อุมดาเหนือ สาขาบ้านอุมดาใต้,ต.แม่คะตวน อ.สบเมย จ.แม่ฮ่องสอน 58110,เขตพื้นที่การศึกษาแม่ฮ่องสอน เขต 2
อุมโละเหนือ,ต.แม่สวด อ.สบเมย จ.แม่ฮ่องสอน 58110,เขตพื้นที่การศึกษาแม่ฮ่องสอน เขต 2
อุดมธัญญา,ต.อุดมธัญญา อ.ตากฟ้า จ.นครสวรรค์ 60190,เขตพื้นที่การศึกษานครสวรรค์ เขต 3
อีมาดอีทราย,ต.แก่นมะกรูด อ.บ้านไร่ จ.อุทัยธานี 61140,เขตพื้นที่การศึกษาอุทัยธานี เขต 2
อุดมสามัคคี,ต.ป่าพุทรา อ.ขาณุวรลักษบุรี จ.กำแพงเพชร 62130,เขตพื้นที่การศึกษากำแพงเพชร เขต 2
อาชานุสรณ์,ต.ลานกระบือ อ.ลานกระบือ จ.กำแพงเพชร 62170,เขตพื้นที่การศึกษากำแพงเพชร เขต 1
อินทรานุสรณ์,ต.โนนพลวง อ.ลานกระบือ จ.กำแพงเพชร 62170,เขตพื้นที่การศึกษากำแพงเพชร เขต 1
อุดมทรัพย์,ต.หินดาต อ.ปางศิลาทอง จ.กำแพงเพชร 62120,เขตพื้นที่การศึกษากำแพงเพชร เขต 2
อูมวาบ,ต.บ้านนา อ.สามเงา จ.ตาก 63130,เขตพื้นที่การศึกษาตาก เขต 1
อู่หู่,ต.แม่ต้าน อ.ท่าสองยาง จ.ตาก 63150,เขตพื้นที่การศึกษาตาก เขต 2
อมกง,ต.ท่าพล อ.เมืองเพชรบูรณ์ จ.เพชรบูรณ์ 67250,เขตพื้นที่การศึกษาเพชรบูรณ์ เขต 1
อมชี,ต.ท่าพล อ.เมืองเพชรบูรณ์ จ.เพชรบูรณ์ 67250,เขตพื้นที่การศึกษาเพชรบูรณ์ เขต 1
อีเลิศ,ต.นาซำ อ.หล่มเก่า จ.เพชรบูรณ์ 67120,เขตพื้นที่การศึกษาเพชรบูรณ์ เขต 2
อุ่มกะทาด,ต.ศิลา อ.หล่มเก่า จ.เพชรบูรณ์ 67120,เขตพื้นที่การศึกษาเพชรบูรณ์ เขต 2
อ่างหิน,ต.อ่างหิน อ.ปากท่อ จ.ราชบุรี 70140,เขตพื้นที่การศึกษาราชบุรี เขต 1
องสิต,ต.นาสวน อ.ศรีสวัสดิ์ จ.กาญจนบุรี 72150,เขตพื้นที่การศึกษากาญจนบุรี เขต 3
องหลุ,ต.นาสวน อ.ศรีสวัสดิ์ จ.กาญจนบุรี 71250,เขตพื้นที่การศึกษากาญจนบุรี เขต 3
อุโลกสี่หมื่น,ต.อุโลกสี่หมื่น อ.ท่ามะกา จ.กาญจนบุรี 71130,เขตพื้นที่การศึกษากาญจนบุรี เขต 2
อูล่อง,ต.ท่าขนุน อ.ทองผาภูมิ จ.กาญจนบุรี 71180,เขตพื้นที่การศึกษากาญจนบุรี เขต 3
อ่างหิน,ต.วังไผ่ อ.ห้วยกระเจา จ.กาญจนบุรี 71170,เขตพื้นที่การศึกษากาญจนบุรี เขต 2
อ้อกระทุง,ต.ทุ่งลูกนก อ.กำแพงแสน จ.นครปฐม 73140,เขตพื้นที่การศึกษานครปฐม เขต 1
อ้อกระทิง,ต.ห้วยขวาง อ.กำแพงแสน จ.นครปฐม 73140,เขตพื้นที่การศึกษานครปฐม เขต 1
อ้อมโรงหีบ,ต.บ้านเกาะ อ.เมืองสมุทรสาคร จ.สมุทรสาคร 74000,เขตพื้นที่การศึกษาสมุทรสาคร เขต 1
อ่างศิลา,ต.หนองหญ้าปล้อง อ.หนองหญ้าปล้อง จ.เพชรบุรี 76160,เขตพื้นที่การศึกษาเพชรบุรี เขต 1
อ่างหิน,ต.สามพระยา อ.ชะอำ จ.เพชรบุรี 76120,เขตพื้นที่การศึกษาเพชรบุรี เขต 2
อ่าวน้อย,ต.อ่าวน้อย อ.เมืองประจวบคีรีขันธ์ จ.ประจวบคีรีขันธ์ 77210,เขตพื้นที่การศึกษาประจวบคีรีขันธ์ เขต 1
อ่างทอง,ต.อ่างทอง อ.ทับสะแก จ.ประจวบคีรีขันธ์ 77130,เขตพื้นที่การศึกษาประจวบคีรีขันธ์ เขต 1
อ่าวยาง,ต.ชัยเกษม อ.บางสะพาน จ.ประจวบคีรีขันธ์ 77140,เขตพื้นที่การศึกษาประจวบคีรีขันธ์ เขต 1
อินทนิน,ต.สระแก้ว อ.ท่าศาลา จ.นครศรีธรรมราช 80160,เขตพื้นที่การศึกษานครศรีธรรมราช เขต 4
อายเลา,ต.ทุ่งโพธิ์ อ.จุฬาภรณ์ จ.นครศรีธรรมราช 80130,เขตพื้นที่การศึกษานครศรีธรรมราช เขต 3
อ่าวตะเคียน,ต.เชียรเขา อ.เฉลิมพระเกียรติ จ.นครศรีธรรมราช 80190,เขตพื้นที่การศึกษานครศรีธรรมราช เขต 1
อ่าวน้ำเมา,ต.ไสไทย อ.เมืองกระบี่ จ.กระบี่ 81000,เขตพื้นที่การศึกษากระบี่ เขต 1
อ่าวนาง,ต.อ่าวนาง อ.เมืองกระบี่ จ.กระบี่ 81000,เขตพื้นที่การศึกษากระบี่ เขต 1
อ่าวน้ำ,ต.แหลมสัก อ.อ่าวลึก จ.กระบี่ 81110,เขตพื้นที่การศึกษากระบี่ เขต 1
อ่าวลึกน้อย,ต.อ่าวลึกน้อย อ.อ่าวลึก จ.กระบี่ 81110,เขตพื้นที่การศึกษากระบี่ เขต 1
อ่าวจิก,ต.โคกกลอย อ.ตะกั่วทุ่ง จ.พังงา 82140,เขตพื้นที่การศึกษาพังงา เขต 1
อ่าวมะขาม,ต.คลองเคียน อ.ตะกั่วทุ่ง จ.พังงา 82130,เขตพื้นที่การศึกษาพังงา เขต 1
อ่าวน้ำบ่อ,ต.วิชิต อ.เมืองภูเก็ต จ.ภูเก็ต 83000,เขตพื้นที่การศึกษาภูเก็ต เขต 1
อ่าวปอ,ต.ป่าคลอก อ.ถลาง จ.ภูเก็ต 83110,เขตพื้นที่การศึกษาภูเก็ต เขต 1
อ่างทอง,ต.อ่างทอง อ.เกาะสมุย จ.สุราษฎร์ธานี 84140,เขตพื้นที่การศึกษาสุราษฎร์ธานี เขต 1
อู่ตะเภา,ต.ประสงค์ อ.ท่าชนะ จ.สุราษฎร์ธานี 84170,เขตพื้นที่การศึกษาสุราษฎร์ธานี เขต 2
อรุโณทัย,ต.คลองชะอุ่น อ.พนม จ.สุราษฎร์ธานี 84250,เขตพื้นที่การศึกษาสุราษฎร์ธานี เขต 2
อ่างทอง,ต.หนองไทร อ.พุนพิน จ.สุราษฎร์ธานี 84130,เขตพื้นที่การศึกษาสุราษฎร์ธานี เขต 2
อ่าวมะม่วง,ต.ปากตะโก อ.ทุ่งตะโก จ.ชุมพร 86220,เขตพื้นที่การศึกษาชุมพร เขต 2
อุได,อ.ควนกาหลง จ.สตูล 91130,เขตพื้นที่การศึกษาสตูล เขต 1
อุไร,อ.ละงู จ.สตูล 91110,เขตพื้นที่การศึกษาสตูล เขต 1
อ่างทอง,อ.ศรีนครินทร์ จ.พัทลุง 93000,เขตพื้นที่การศึกษาพัทลุง เขต 1
อาโห,อ.ยะรัง จ.ปัตตานี 94160,เขตพื้นที่การศึกษาปัตตานี เขต 2
อีบุ๊,อ.ยะรัง จ.ปัตตานี 94160,เขตพื้นที่การศึกษาปัตตานี เขต 2
อินทนิล,อ.ยะรัง จ.ปัตตานี 94160,เขตพื้นที่การศึกษาปัตตานี เขต 2
อุแตบือราแง,อ.กะพ้อ จ.ปัตตานี 94230,เขตพื้นที่การศึกษาปัตตานี เขต 3
อัยเยอร์เวง,อ.เบตง จ.ยะลา 95110,เขตพื้นที่การศึกษายะลา เขต 3
อาเหอูโต๊ะ,อ.รามัน จ.ยะลา 95140,เขตพื้นที่การศึกษายะลา เขต 1
อูเป๊าะ,อ.รามัน จ.ยะลา 95140,เขตพื้นที่การศึกษายะลา เขต 1
อาตะบือเระ,อ.บาเจาะ จ.นราธิวาส 96170,เขตพื้นที่การศึกษานราธิวาส เขต 1
อีโยะ,อ.บาเจาะ จ.นราธิวาส 96170,เขตพื้นที่การศึกษานราธิวาส เขต 1
อีนอ,อ.รือเสาะ จ.นราธิวาส 96150,เขตพื้นที่การศึกษานราธิวาส เขต 1