คอนเซ็ปชัญ,แขวงวชิรพยาบาล เขตดุสิต กรุงเทพมหานคร 10300,เขตพื้นที่การศึกษากรุงเทพมหานคร เขต 1
คริสต์ธรรมวิทยา,แขวงมหาพฤฒาราม เขตบางรัก กรุงเทพมหานคร 10500,เขตพื้นที่การศึกษากรุงเทพมหานคร เขต 1
คุณะเกษมศึกษา,แขวงศิริราช เขตบางกอกน้อย กรุงเทพมหานคร 10700,เขตพื้นที่การศึกษากรุงเทพมหานคร เขต 3
คลองกุ่ม (เสรีไทย อนุสรณ์),แขวงคลองกุ่ม เขตบึงกุ่ม กรุงเทพมหานคร 10240,เขตพื้นที่การศึกษากรุงเทพมหานคร เขต 1
คลองเตยวิทยา,แขวงคลองเตย เขตคลองเตย กรุงเทพมหานคร 10110,เขตพื้นที่การศึกษากรุงเทพมหานคร เขต 1
คริสต์ธรรมศึกษา,เขตวัฒนา กรุงเทพมหานคร 10110,เขตพื้นที่การศึกษากรุงเทพมหานคร เขต 1
คลองกระทุ่มราษฎร์อุทิศ,ต.สำโรงเหนือ อ.เมืองสมุทรปราการ จ.สมุทรปราการ 10270,เขตพื้นที่การศึกษาสมุทรปราการ เขต 1
คลองบางปิ้ง,ต.บางเมือง อ.เมืองสมุทรปราการ จ.สมุทรปราการ 10280,เขตพื้นที่การศึกษาสมุทรปราการ เขต 1
คลองมหาวงก์,ต.บางเมือง อ.เมืองสมุทรปราการ จ.สมุทรปราการ 10270,เขตพื้นที่การศึกษาสมุทรปราการ เขต 1
คลองแสนสุข,ต.ท้ายบ้าน อ.เมืองสมุทรปราการ จ.สมุทรปราการ 10280,เขตพื้นที่การศึกษาสมุทรปราการ เขต 1
คลองบางปู,ต.บางปู อ.เมืองสมุทรปราการ จ.สมุทรปราการ 10280,เขตพื้นที่การศึกษาสมุทรปราการ เขต 1
คลองสำโรง,ต.เทพารักษ์ อ.เมืองสมุทรปราการ จ.สมุทรปราการ 10270,เขตพื้นที่การศึกษาสมุทรปราการ เขต 1
คลองใหม่,ต.แพรกษาใหม่ อ.เมืองสมุทรปราการ จ.สมุทรปราการ 10280,เขตพื้นที่การศึกษาสมุทรปราการ เขต 1
คลองกันยา,ต.บางบ่อ อ.บางบ่อ จ.สมุทรปราการ 10560,เขตพื้นที่การศึกษาสมุทรปราการ เขต 2
คลองสะบัดจาก,ต.บางบ่อ อ.บางบ่อ จ.สมุทรปราการ 10560,เขตพื้นที่การศึกษาสมุทรปราการ เขต 2
คลองหลุมลึก,ต.บางบ่อ อ.บางบ่อ จ.สมุทรปราการ 10560,เขตพื้นที่การศึกษาสมุทรปราการ เขต 2
คลองบ้านระกาศ,ต.บ้านระกาศ อ.บางบ่อ จ.สมุทรปราการ 10560,เขตพื้นที่การศึกษาสมุทรปราการ เขต 2
คลองกระแซงเตย,ต.คลองสวน อ.บางบ่อ จ.สมุทรปราการ 10560,เขตพื้นที่การศึกษาสมุทรปราการ เขต 2
คลองพระยานาคราช,ต.คลองนิยมยาตรา อ.บางบ่อ จ.สมุทรปราการ 10560,เขตพื้นที่การศึกษาสมุทรปราการ เขต 2
คลองบางกระบือ,ต.บางพลีใหญ่ อ.บางพลี จ.สมุทรปราการ 10540,เขตพื้นที่การศึกษาสมุทรปราการ เขต 2
คลองบางแก้ว,ต.บางพลีใหญ่ อ.บางพลี จ.สมุทรปราการ 10540,เขตพื้นที่การศึกษาสมุทรปราการ เขต 2
คลองปลัดเปรียง,ต.บางแก้ว อ.บางพลี จ.สมุทรปราการ 10540,เขตพื้นที่การศึกษาสมุทรปราการ เขต 2
คลองบางกะสี,ต.บางปลา อ.บางพลี จ.สมุทรปราการ 10540,เขตพื้นที่การศึกษาสมุทรปราการ เขต 2
คลองบางกะอี่,ต.บางปลา อ.บางพลี จ.สมุทรปราการ 10540,เขตพื้นที่การศึกษาสมุทรปราการ เขต 2
คลองบางน้ำจืด,ต.บางโฉลง อ.บางพลี จ.สมุทรปราการ 10540,เขตพื้นที่การศึกษาสมุทรปราการ เขต 2
คลองลาดกระบัง,ต.ราชาเทวะ อ.บางพลี จ.สมุทรปราการ 10540,เขตพื้นที่การศึกษาสมุทรปราการ เขต 2
คลองสองพี่น้อง(ใจดีอุปถัมภ์),ต.ปากคลองบางปลากด อ.พระสมุทรเจดีย์ จ.สมุทรปราการ 10290,เขตพื้นที่การศึกษาสมุทรปราการ เขต 1
คลองนาเกลือน้อย,ต.ในคลองบางปลากด อ.พระสมุทรเจดีย์ จ.สมุทรปราการ 10290,เขตพื้นที่การศึกษาสมุทรปราการ เขต 1
คลองเจริญราษฎร์,ต.บางเสาธง อ.บางเสาธง จ.สมุทรปราการ 10540,เขตพื้นที่การศึกษาสมุทรปราการ เขต 2
คลองโยงเวทีอุปถัมภ์,ต.บ้านใหม่ อ.บางใหญ่ จ.นนทบุรี 11140,เขตพื้นที่การศึกษานนทบุรี เขต 2
คล้ายสอนศึกษา,ต.บางคูรัด อ.บางบัวทอง จ.นนทบุรี 11110,เขตพื้นที่การศึกษานนทบุรี เขต 2
คลองเกลือ,ต.คลองเกลือ อ.ปากเกร็ด จ.นนทบุรี 11120,เขตพื้นที่การศึกษานนทบุรี เขต 2
คณะราษฏร์บำรุงปทุมธานี,ต.บ้านกลาง อ.เมืองปทุมธานี จ.ปทุมธานี 12000,เขตพื้นที่การศึกษาปทุมธานี เขต 1
คลองหนึ่งแก้วนิมิตร,ต.คลองหนึ่ง อ.คลองหลวง จ.ปทุมธานี 12120,เขตพื้นที่การศึกษาปทุมธานี เขต 1
คลองสอง,ต.คลองสอง อ.คลองหลวง จ.ปทุมธานี 12120,เขตพื้นที่การศึกษาปทุมธานี เขต 1
คลองห้า (พฤกษชัฏ ฯ),ต.คลองห้า อ.คลองหลวง จ.ปทุมธานี 12120,เขตพื้นที่การศึกษาปทุมธานี เขต 1
คลองสิบสาม,ต.หนองสามวัง อ.หนองเสือ จ.ปทุมธานี 12170,เขตพื้นที่การศึกษาปทุมธานี เขต 2
คลอง11ศาลาครุ,ต.นพรัตน์ อ.หนองเสือ จ.ปทุมธานี 12170,เขตพื้นที่การศึกษาปทุมธานี เขต 2
คลองบางโพธิ์,ต.คูบางหลวง อ.ลาดหลุมแก้ว จ.ปทุมธานี 12140,เขตพื้นที่การศึกษาปทุมธานี เขต 1
คลองพระอุดม,ต.คลองพระอุดม อ.ลาดหลุมแก้ว จ.ปทุมธานี 12140,เขตพื้นที่การศึกษาปทุมธานี เขต 1
คลองลากค้อน,ต.หน้าไม้ อ.ลาดหลุมแก้ว จ.ปทุมธานี 12140,เขตพื้นที่การศึกษาปทุมธานี เขต 1
คลองลาดช้าง,ต.หน้าไม้ อ.ลาดหลุมแก้ว จ.ปทุมธานี 12140,เขตพื้นที่การศึกษาปทุมธานี เขต 1
คลองสระ,ต.คลองควาย อ.สามโคก จ.ปทุมธานี 12160,เขตพื้นที่การศึกษาปทุมธานี เขต 1
คลองบ้านพร้าว,ต.บ้านปทุม อ.สามโคก จ.ปทุมธานี,เขตพื้นที่การศึกษาปทุมธานี เขต 1
คลองจิก (สุขสินนุเคราะห์),ต.คลองจิก อ.บางปะอิน จ.พระนครศรีอยุธยา 13160,เขตพื้นที่การศึกษาพระนครศรีอยุธยา เขต 2
คู้สลอด 2 (ชมแช่มวิทย์อุปถัมภ์),ต.คู้สลอด อ.ลาดบัวหลวง จ.พระนครศรีอยุธยา 13230,เขตพื้นที่การศึกษาพระนครศรีอยุธยา เขต 2
คอตันคลอง 27,ต.สนับทึบ อ.วังน้อย จ.พระนครศรีอยุธยา 13170,เขตพื้นที่การศึกษาพระนครศรีอยุธยา เขต 1
คอตัน,ต.บางซ้าย อ.บางซ้าย จ.พระนครศรีอยุธยา 13270,เขตพื้นที่การศึกษาพระนครศรีอยุธยา เขต 2
คชเวกวิทยา,ต.วังพัฒนา อ.บางซ้าย จ.พระนครศรีอยุธยา 13270,เขตพื้นที่การศึกษาพระนครศรีอยุธยา เขต 2
ค่ายพิบูลสงคราม,ต.ท่าแค อ.เมืองลพบุรี จ.ลพบุรี 15000,เขตพื้นที่การศึกษาลพบุรี เขต 1
ค่ายบางระจัน,ต.บางระจัน อ.ค่ายบางระจัน จ.สิงห์บุรี 16150,เขตพื้นที่การศึกษาสิงห์บุรี เขต 1
ค่ายบางระจันวิทยาคม,ต.บางระจัน อ.ค่ายบางระจัน จ.สิงห์บุรี 16150,เขตพื้นที่การศึกษาสิงห์บุรี เขต 5
คงรักษ์ประชานุเคราะห์,ต.อู่ตะเภา อ.มโนรมย์ จ.ชัยนาท 17170,เขตพื้นที่การศึกษาชัยนาท เขต 1
คุรุประชาสรรค์,ต.โพงาม อ.สรรคบุรี จ.ชัยนาท 17140,เขตพื้นที่การศึกษาชัยนาท เขต 1
คชสิทธิ์กิตติคุณวิทยาคม,ต.คชสิทธิ์ อ.หนองแค จ.สระบุรี 18250,เขตพื้นที่การศึกษาสระบุรี เขต 2
คลองกิ่วยิ่งวิทยา,ต.คลองกิ่ว อ.บ้านบึง จ.ชลบุรี 20220,เขตพื้นที่การศึกษาชลบุรี เขต 1
คิชฌกูฏวิทยา,ต.พลวง อ.เขาคิชฌกูฏ จ.จันทบุรี 22210,เขตพื้นที่การศึกษาจันทบุรี เขต 2
คลองพลูวิทยา,ต.คลองพลู อ.เขาคิชฌกูฏ จ.จันทบุรี 22210,เขตพื้นที่การศึกษาจันทบุรี เขต 2
คลองขวาง,ต.ท่ากุ่ม อ.เมืองตราด จ.ตราด 23000,เขตพื้นที่การศึกษาตราด เขต 1
คีรีเวสรัตนูปถัมภ์,ต.ชำราก อ.เมืองตราด จ.ตราด 23000,เขตพื้นที่การศึกษาตราด เขต 1
คลองใหญ่วิทยาคม,ต.คลองใหญ่ อ.คลองใหญ่ จ.ตราด 23110,เขตพื้นที่การศึกษาตราด เขต 1
คีรีศรีสาครวิทยา,ต.หนองบอน อ.บ่อไร่ จ.ตราด 23140,เขตพื้นที่การศึกษาตราด เขต 1
คลองตันคลอง 18,ต.บางขนาก อ.บางน้ำเปรี้ยว จ.ฉะเชิงเทรา 24150,เขตพื้นที่การศึกษาฉะเชิงเทรา เขต 1
คลองขวาง,ต.หนองจอก อ.บางปะกง จ.ฉะเชิงเทรา 24130,เขตพื้นที่การศึกษาฉะเชิงเทรา เขต 1
คลองพานทอง,ต.ท่าข้าม อ.บางปะกง จ.ฉะเชิงเทรา 24130,เขตพื้นที่การศึกษาฉะเชิงเทรา เขต 1
คลองตาเอี่ยม,ต.หอมศีล อ.บางปะกง จ.ฉะเชิงเทรา 24180,เขตพื้นที่การศึกษาฉะเชิงเทรา เขต 1
คริสตสงเคราะห์,ต.องครักษ์ อ.องครักษ์ จ.นครนายก 26120,เขตพื้นที่การศึกษานครนายก เขต 1
คลองหาดพิทยาคม,ต.คลองหาด อ.คลองหาด จ.สระแก้ว 27260,เขตพื้นที่การศึกษาสระแก้ว เขต 1
คลองยางนุสรณ์,ต.ห้วยโจด อ.วัฒนานคร จ.สระแก้ว 27160,เขตพื้นที่การศึกษาสระแก้ว เขต 2
คลองน้ำใสวิทยาคาร,ต.ผ่านศึก อ.อรัญประเทศ จ.สระแก้ว 27120,เขตพื้นที่การศึกษาสระแก้ว เขต 2
ครบุรี,ต.บ้านใหม่ อ.ครบุรี จ.นครราชสีมา 30250,เขตพื้นที่การศึกษานครราชสีมา เขต 3
ครบุรีวิทยา,ต.บ้านใหม่ อ.ครบุรี จ.นครราชสีมา 30330,เขตพื้นที่การศึกษานครราชสีมา เขต 3
คลองเมืองพิทยาคม,ต.คลองเมือง อ.จักราช จ.นครราชสีมา 30230,เขตพื้นที่การศึกษานครราชสีมา เขต 2
คมเพชรวิทยาคาร,ต.หันห้วยทราย อ.ประทาย จ.นครราชสีมา 30180,เขตพื้นที่การศึกษานครราชสีมา เขต 7
คุณวรวิทย์,ต.ขามทะเลสอ อ.ขามทะเลสอ จ.นครราชสีมา 30280,เขตพื้นที่การศึกษานครราชสีมา เขต 5
คลองแจ้งวิทยา,ต.หนองน้ำใส อ.สีคิ้ว จ.นครราชสีมา 30140,เขตพื้นที่การศึกษานครราชสีมา เขต 4
คลองไทรวิทยาสิทธิ์,ต.หนองน้ำใส อ.สีคิ้ว จ.นครราชสีมา 30140,เขตพื้นที่การศึกษานครราชสีมา เขต 4
คีรีวัฒนา,ต.มิตรภาพ อ.สีคิ้ว จ.นครราชสีมา 30140,เขตพื้นที่การศึกษานครราชสีมา เขต 4
คลองไผ่วิทยา,ต.คลองไผ่ อ.สีคิ้ว จ.นครราชสีมา 30340,เขตพื้นที่การศึกษานครราชสีมา เขต 4
คูเตยราษฎร์สามัคคี,ต.สำพะเนียง อ.โนนแดง จ.นครราชสีมา 30360,เขตพื้นที่การศึกษานครราชสีมา เขต 7
คงชัยสิทธิ์วิทยา,ต.อิสาณ อ.เมืองบุรีรัมย์ จ.บุรีรัมย์ 31000,เขตพื้นที่การศึกษาบุรีรัมย์ เขต 1
คูเมืองวิทยาคม,ต.คูเมือง อ.คูเมือง จ.บุรีรัมย์ 31190,เขตพื้นที่การศึกษาบุรีรัมย์ เขต 4
คูซอดประชาสรรค์,ต.คูซอด อ.เมืองศรีสะเกษ จ.ศรีสะเกษ 33000,เขตพื้นที่การศึกษาศรีสะเกษ เขต 1
คลีกลิ้งพัฒนาทร,ต.คลีกลิ้ง อ.ศิลาลาด จ.ศรีสะเกษ 33160,เขตพื้นที่การศึกษาศรีสะเกษ เขต 2
คำเขื่อนแก้วชนูปถัมภ์,ต.ลุมพุก อ.คำเขื่อนแก้ว จ.ยโสธร 35110,เขตพื้นที่การศึกษายโสธร เขต 1
คำเขื่อนแก้ว,ต.ลุมพุก อ.คำเขื่อนแก้ว จ.ยโสธร 35110,เขตพื้นที่การศึกษายโสธร เขต 1
ค้อวังวิทยาคม,ต.ค้อวัง อ.ค้อวัง จ.ยโสธร 35160,เขตพื้นที่การศึกษายโสธร เขต 1
คำเตยวิทยา,ต.คำเตย อ.ไทยเจริญ จ.ยโสธร 35120,เขตพื้นที่การศึกษายโสธร เขต 2
คอนสวรรค์,ต.คอนสวรรค์ อ.คอนสวรรค์ จ.ชัยภูมิ 36140,เขตพื้นที่การศึกษาชัยภูมิ เขต 30
คูเมืองวิทยา,ต.กุดชุมแสง อ.หนองบัวแดง จ.ชัยภูมิ 36210,เขตพื้นที่การศึกษาชัยภูมิ เขต 1
คุรุประชานุกูล,ต.คูเมือง อ.หนองบัวแดง จ.ชัยภูมิ 36210,เขตพื้นที่การศึกษาชัยภูมิ เขต 1
คุรุราษฎร์วิทยา,ต.กวางโจน อ.ภูเขียว จ.ชัยภูมิ 36110,เขตพื้นที่การศึกษาชัยภูมิ เขต 2
คอนสารวิทยาคม,ต.ทุ่งนาเลา อ.คอนสาร จ.ชัยภูมิ 36180,เขตพื้นที่การศึกษาชัยภูมิ เขต 2
คำมะโค้งหนองแฝก,ต.สร้างนกทา อ.เมืองอำนาจเจริญ จ.อำนาจเจริญ 37000,เขตพื้นที่การศึกษาอำนาจเจริญ เขต 1
คึมใหญ่วิทยา,ต.คึมใหญ่ อ.เมืองอำนาจเจริญ จ.อำนาจเจริญ 37000,เขตพื้นที่การศึกษาอำนาจเจริญ เขต 1
คำมะเบื่อแสงเพชร,ต.หนองมะแซว อ.เมืองอำนาจเจริญ จ.อำนาจเจริญ 37000,เขตพื้นที่การศึกษาอำนาจเจริญ เขต 1
คำเขื่อนแก้ววิทยาคม,ต.คำเขื่อนแก้ว อ.ชานุมาน จ.อำนาจเจริญ 37210,เขตพื้นที่การศึกษาอำนาจเจริญ เขต 29
คุรุประชาสรรค์,ต.โพนเมืองน้อย อ.หัวตะพาน จ.อำนาจเจริญ 37240,เขตพื้นที่การศึกษาอำนาจเจริญ เขต 1
คำแสนวิทยาสรรค์,ต.นากลาง อ.นากลาง จ.หนองบัวลำภู 39170,เขตพื้นที่การศึกษาหนองบัวลำภู เขต 2
คำบอนวิทยา,ต.บัวเงิน อ.น้ำพอง จ.ขอนแก่น,เขตพื้นที่การศึกษาขอนแก่น เขต 4
คงฤทธิ์ศึกษาการ,ต.เขื่อนอุบลรัตน์ อ.อุบลรัตน์ จ.ขอนแก่น 40250,เขตพื้นที่การศึกษาขอนแก่น เขต 4
คำแคนวิทยาคม,ต.คำแคน อ.มัญจาคีรี จ.ขอนแก่น 40160,เขตพื้นที่การศึกษาขอนแก่น เขต 2
คูคำพิทยาสรรพ์,ต.คูคำ อ.ซำสูง จ.ขอนแก่น 40170,เขตพื้นที่การศึกษาขอนแก่น เขต 4
คุณากรณ์,ต.หมากแข้ง อ.เมืองอุดรธานี จ.อุดรธานี 41000,เขตพื้นที่การศึกษาอุดรธานี เขต 1
ค่ายประจักษ์ศิลปาคม,ต.หนองขอนกว้าง อ.เมืองอุดรธานี จ.อุดรธานี 41000,เขตพื้นที่การศึกษาอุดรธานี เขต 1
คำกุงประชานุกูล,ต.หัวนาคำ อ.ศรีธาตุ จ.อุดรธานี 41230,เขตพื้นที่การศึกษาอุดรธานี เขต 2
คำค้อพิทยศึกษา,ต.หัวนาคำ อ.ศรีธาตุ จ.อุดรธานี 41230,เขตพื้นที่การศึกษาอุดรธานี เขต 2
คำเมยวิทยาคม,ต.หัวนาคำ อ.ศรีธาตุ จ.อุดรธานี 41230,เขตพื้นที่การศึกษาอุดรธานี เขต 2
คำยางพิทยา,ต.ผาสุก อ.วังสามหมอ จ.อุดรธานี 41280,เขตพื้นที่การศึกษาอุดรธานี เขต 2
คำไฮพิทยาคม,ต.ผาสุก อ.วังสามหมอ จ.อุดรธานี 41280,เขตพื้นที่การศึกษาอุดรธานี เขต 2
คำบงเจริญสุข,ต.คำบง อ.บ้านผือ จ.อุดรธานี 41160,เขตพื้นที่การศึกษาอุดรธานี เขต 4
คำบอนประชาสรรค์(บ้านคำบอน),ต.หนองแสง อ.หนองแสง จ.อุดรธานี 41340,เขตพื้นที่การศึกษาอุดรธานี เขต 2
คอนสาวิทยา,ต.เชียงกลม อ.ปากชม จ.เลย 42150,เขตพื้นที่การศึกษาเลย เขต 1
ครุราษฎร์รังสรรค์,ต.เวียงคุก อ.เมืองหนองคาย จ.หนองคาย,เขตพื้นที่การศึกษาหนองคาย เขต 1
ค่ายบกหวานวิทยา,ต.ค่ายบกหวาน อ.เมืองหนองคาย จ.หนองคาย 43100,เขตพื้นที่การศึกษาหนองคาย เขต 1
ค่ายบกหวานโพนตาลวิทยา,ต.ค่ายบกหวาน อ.เมืองหนองคาย จ.หนองคาย 43100,เขตพื้นที่การศึกษาหนองคาย เขต 1
คุรุศิษย์วิทยา,ต.บ้านว่าน อ.ท่าบ่อ จ.หนองคาย 43110,เขตพื้นที่การศึกษาหนองคาย เขต 1
คุรุราษฏร์สามัคคี,ต.โนนสว่าง อ.เกษตรวิสัย จ.ร้อยเอ็ด 45150,เขตพื้นที่การศึกษาร้อยเอ็ด เขต 2
คำไฮสำโรงวิทยาคาร,ต.คำไฮ อ.พนมไพร จ.ร้อยเอ็ด 45140,เขตพื้นที่การศึกษาร้อยเอ็ด เขต 2
ค้อใหญ่ชัยยุทธวิทยา,ต.ค้อใหญ่ อ.พนมไพร จ.ร้อยเอ็ด 45140,เขตพื้นที่การศึกษาร้อยเอ็ด เขต 2
คำพระโคกก่งวิทยา,ต.สว่าง อ.โพนทอง จ.ร้อยเอ็ด 45110,เขตพื้นที่การศึกษาร้อยเอ็ด เขต 3
คำนาดีพิทยาคม,ต.คำนาดี อ.โพนทอง จ.ร้อยเอ็ด 45110,เขตพื้นที่การศึกษาร้อยเอ็ด เขต 3
คำนางตุ้มโนนสวรรค์,ต.บุ่งเลิศ อ.เมยวดี จ.ร้อยเอ็ด 45250,เขตพื้นที่การศึกษาร้อยเอ็ด เขต 3
คางฮุงบากไข่นุ่นโนนศึกษา,ต.ผักแว่น อ.จังหาร จ.ร้อยเอ็ด 45270,เขตพื้นที่การศึกษาร้อยเอ็ด เขต 1
คอนเรียบอนุกูล,ต.หลุบ อ.เมืองกาฬสินธุ์ จ.กาฬสินธุ์ 46000,เขตพื้นที่การศึกษากาฬสินธุ์ เขต 1
ค่ายลูกเสือนิคมลำปาว,ต.ภูดิน อ.เมืองกาฬสินธุ์ จ.กาฬสินธุ์ 46000,เขตพื้นที่การศึกษากาฬสินธุ์ เขต 1
คำไผ่สงเคราะห์,ต.หนองกุง อ.เมืองกาฬสินธุ์ จ.กาฬสินธุ์ 46000,เขตพื้นที่การศึกษากาฬสินธุ์ เขต 1
คำปลาฝาโนนชัย,ต.ขมิ้น อ.เมืองกาฬสินธุ์ จ.กาฬสินธุ์ 46000,เขตพื้นที่การศึกษากาฬสินธุ์ เขต 1
คำโพนคำม่วงวิทยา,ต.นาจารย์ อ.เมืองกาฬสินธุ์ จ.กาฬสินธุ์ 46000,เขตพื้นที่การศึกษากาฬสินธุ์ เขต 1
คำยิ่งหมีมณีเวทย์,ต.นามน อ.นามน จ.กาฬสินธุ์ 46230,เขตพื้นที่การศึกษากาฬสินธุ์ เขต 3
คำโพนทองราษฎร์นิยม,ต.โคกสมบูรณ์ อ.กมลาไสย จ.กาฬสินธุ์ 46130,เขตพื้นที่การศึกษากาฬสินธุ์ เขต 1
คำโพนทองบริบูรณ์ราษฎร์บำรุง,ต.สามขา อ.กุฉินารายณ์ จ.กาฬสินธุ์ 46110,เขตพื้นที่การศึกษากาฬสินธุ์ เขต 3
คำแมดพิทยาสรรพ์,ต.บัวบาน อ.ยางตลาด จ.กาฬสินธุ์,เขตพื้นที่การศึกษากาฬสินธุ์ เขต 2
คลองขามวิทยาคาร,ต.คลองขาม อ.ยางตลาด จ.กาฬสินธุ์,เขตพื้นที่การศึกษากาฬสินธุ์ เขต 2
คำไฮวิทยา,ต.หนองตอกแป้น อ.ยางตลาด จ.กาฬสินธุ์ 46120,เขตพื้นที่การศึกษากาฬสินธุ์ เขต 2
คำเจริญวิทยาคม,ต.คำใหญ่ อ.ห้วยเม็ก จ.กาฬสินธุ์ 46170,เขตพื้นที่การศึกษากาฬสินธุ์ เขต 2
คำมันปลาผดุงวิทย์,ต.คำเหมือดแก้ว อ.ห้วยเม็ก จ.กาฬสินธุ์ 46170,เขตพื้นที่การศึกษากาฬสินธุ์ เขต 2
คำเหมือดแก้วบำเพ็ญวิทยา,ต.คำเหมือดแก้ว อ.ห้วยเม็ก จ.กาฬสินธุ์,เขตพื้นที่การศึกษากาฬสินธุ์ เขต 2
คุรุชนประสิทธิ์ศิลป์,ต.คำเหมือดแก้ว อ.ห้วยเม็ก จ.กาฬสินธุ์ 46170,เขตพื้นที่การศึกษากาฬสินธุ์ เขต 2
คำชมภูท่าเรือสมบูรณ์วิทย์,ต.ภูสิงห์ อ.สหัสขันธ์ จ.กาฬสินธุ์ 46140,เขตพื้นที่การศึกษากาฬสินธุ์ เขต 1
คำลือชาศรีสวัสดิ์วิทยา,ต.สหัสขันธ์ อ.สหัสขันธ์ จ.กาฬสินธุ์ 46140,เขตพื้นที่การศึกษากาฬสินธุ์ เขต 1
คำคาราษฎร์บำรุง,ต.โนนศิลา อ.สหัสขันธ์ จ.กาฬสินธุ์ 46140,เขตพื้นที่การศึกษากาฬสินธุ์ เขต 1
คำแคนวิทยา,ต.นิคม อ.สหัสขันธ์ จ.กาฬสินธุ์ 46140,เขตพื้นที่การศึกษากาฬสินธุ์ เขต 1
คำประถมนิคมสงเคราะห์,ต.นิคม อ.สหัสขันธ์ จ.กาฬสินธุ์ 46140,เขตพื้นที่การศึกษากาฬสินธุ์ เขต 1
คำม่วง,ต.ทุ่งคลอง อ.คำม่วง จ.กาฬสินธุ์ 46180,เขตพื้นที่การศึกษากาฬสินธุ์ เขต 3
คำม่วงจรัสวิทย์,ต.ทุ่งคลอง อ.คำม่วง จ.กาฬสินธุ์ 46180,เขตพื้นที่การศึกษากาฬสินธุ์ เขต 3
คำเมยราษฎร์พัฒนา,ต.นาบอน อ.คำม่วง จ.กาฬสินธุ์ 46180,เขตพื้นที่การศึกษากาฬสินธุ์ เขต 3
คำบอนวิทยาสรรพ์,ต.ยางอู้ม อ.ท่าคันโท จ.กาฬสินธุ์ 46190,เขตพื้นที่การศึกษากาฬสินธุ์ เขต 2
คำไฮวิทยา,ต.หนองกุงศรี อ.หนองกุงศรี จ.กาฬสินธุ์,เขตพื้นที่การศึกษากาฬสินธุ์ เขต 2
คำโองวิทยา,ต.หนองสรวง อ.หนองกุงศรี จ.กาฬสินธุ์ 46220,เขตพื้นที่การศึกษากาฬสินธุ์ เขต 2
คำถาวรเจริญวิทย์,ต.เสาเล้า อ.หนองกุงศรี จ.กาฬสินธุ์ 46220,เขตพื้นที่การศึกษากาฬสินธุ์ เขต 2
คำขามวิทยา,ต.ดงมูล อ.หนองกุงศรี จ.กาฬสินธุ์,เขตพื้นที่การศึกษากาฬสินธุ์ เขต 2
คุรุมิตรประสิทธิ์ศิลป์,ต.สมเด็จ อ.สมเด็จ จ.กาฬสินธุ์ 46150,เขตพื้นที่การศึกษากาฬสินธุ์ เขต 3
คำเม็กวิทยา,ต.แซงบาดาล อ.สมเด็จ จ.กาฬสินธุ์ 46150,เขตพื้นที่การศึกษากาฬสินธุ์ เขต 3
คำบงพิทยาคม,ต.คำบง อ.ห้วยผึ้ง จ.กาฬสินธุ์ 46240,เขตพื้นที่การศึกษากาฬสินธุ์ เขต 3
คำหมุนผดุงเวทย์,ต.คำบง อ.ห้วยผึ้ง จ.กาฬสินธุ์ 46240,เขตพื้นที่การศึกษากาฬสินธุ์ เขต 3
ค่ายลูกเสือจังหวัดกาฬสินธุ์,ต.ไค้นุ่น อ.ห้วยผึ้ง จ.กาฬสินธุ์ 46240,เขตพื้นที่การศึกษากาฬสินธุ์ เขต 3
คำหุ่งราษฎร์บำรุง,ต.สำราญใต้ อ.สามชัย จ.กาฬสินธุ์ 46180,เขตพื้นที่การศึกษากาฬสินธุ์ เขต 1
คำแคนราษฎร์วิทยา,ต.คำสร้างเที่ยง อ.สามชัย จ.กาฬสินธุ์ 46180,เขตพื้นที่การศึกษากาฬสินธุ์ เขต 1
ค้อจารย์วิทยา,ต.หนองช้าง อ.สามชัย จ.กาฬสินธุ์ 46180,เขตพื้นที่การศึกษากาฬสินธุ์ เขต 1
คำตากล้าราชประชาสงเคราะห์,ต.คำตากล้า อ.คำตากล้า จ.สกลนคร 47250,เขตพื้นที่การศึกษาสกลนคร เขต 3
คำยางพิทยาคม,ต.ดงเหนือ อ.บ้านม่วง จ.สกลนคร 47140,เขตพื้นที่การศึกษาสกลนคร เขต 3
คำเพิ่มพิทยา,ต.โคกภู อ.ภูพาน จ.สกลนคร 47180,เขตพื้นที่การศึกษาสกลนคร เขต 23
คำเตยอุปถัมภ์,ต.คำเตย อ.เมืองนครพนม จ.นครพนม 48000,เขตพื้นที่การศึกษานครพนม เขต 1
ค้อวิทยาคม,ต.บ้านค้อ อ.โพนสวรรค์ จ.นครพนม 48190,เขตพื้นที่การศึกษานครพนม เขต 2
คำสายทองวิทยา,ต.มุกดาหาร อ.เมืองมุกดาหาร จ.มุกดาหาร 49000,เขตพื้นที่การศึกษามุกดาหาร เขต 1
คำป่าหลายสรรพวิทย์,ต.คำป่าหลาย อ.เมืองมุกดาหาร จ.มุกดาหาร 49000,เขตพื้นที่การศึกษามุกดาหาร เขต 1
คำสร้อยพิทยาสรรค์,ต.นากอก อ.นิคมคำสร้อย จ.มุกดาหาร 49130,เขตพื้นที่การศึกษามุกดาหาร เขต 1
คำแฮดประชาสรรค์,ต.กกแดง อ.นิคมคำสร้อย จ.มุกดาหาร 49130,เขตพื้นที่การศึกษามุกดาหาร เขต 1
คณะเทศบาลนครกรุงเทพ 3,ต.นาอุดม อ.นิคมคำสร้อย จ.มุกดาหาร 49130,เขตพื้นที่การศึกษามุกดาหาร เขต 1
คำชะอีพิทยาคม,ต.คำชะอี อ.คำชะอี จ.มุกดาหาร 49110,เขตพื้นที่การศึกษามุกดาหาร เขต 1
คำบกวิทยาคาร,ต.คำบก อ.คำชะอี จ.มุกดาหาร 49110,เขตพื้นที่การศึกษามุกดาหาร เขต 1
คำชะอีวิทยาคาร,ต.น้ำเที่ยง อ.คำชะอี จ.มุกดาหาร 49110,เขตพื้นที่การศึกษามุกดาหาร เขต 1
คำเที่ยงอนุสสรณ์,ต.ช้างม่อย อ.เมืองเชียงใหม่ จ.เชียงใหม่ 50300,เขตพื้นที่การศึกษาเชียงใหม่ เขต 1
คุรุประชาสรรค์ศึกษา,ต.จริม อ.ท่าปลา จ.อุตรดิตถ์ 53150,เขตพื้นที่การศึกษาอุตรดิตถ์ เขต 2
คริสเตียนไพศาลศาสตร์,ต.ริมกก อ.เมืองเชียงราย จ.เชียงราย 57000,เขตพื้นที่การศึกษาเชียงราย เขต 1
คลองแปดประชาสรรค์,ต.พรหมนิมิต อ.ตาคลี จ.นครสวรรค์ 60210,เขตพื้นที่การศึกษานครสวรรค์ เขต 3
คณฑีพิทยาคม,ต.เทพนคร อ.เมืองกำแพงเพชร จ.กำแพงเพชร 62000,เขตพื้นที่การศึกษากำแพงเพชร เขต 41
คลองใหญ่วิทยา,ต.วังทอง อ.เมืองกำแพงเพชร จ.กำแพงเพชร 62000,เขตพื้นที่การศึกษากำแพงเพชร เขต 1
คลองลานวิทยา,ต.คลองน้ำไหล อ.คลองลาน จ.กำแพงเพชร 62180,เขตพื้นที่การศึกษากำแพงเพชร เขต 41
คลองลานพัฒนาจินดาศักดิ์,ต.คลองลานพัฒนา อ.คลองลาน จ.กำแพงเพชร 62180,เขตพื้นที่การศึกษากำแพงเพชร เขต 41
คีรีวงศ์วัฒนา,ต.ปางมะค่า อ.ขาณุวรลักษบุรี จ.กำแพงเพชร 62140,เขตพื้นที่การศึกษากำแพงเพชร เขต 2
คลองขลุงราษฏร์รังสรรค์,ต.คลองขลุง อ.คลองขลุง จ.กำแพงเพชร 62120,เขตพื้นที่การศึกษากำแพงเพชร เขต 2
คีรีมาศพิทยาคม,ต.โตนด อ.คีรีมาศ จ.สุโขทัย 64140,เขตพื้นที่การศึกษาสุโขทัย เขต 1
คลองวัดไร่,ต.บางระกำ อ.บางระกำ จ.พิษณุโลก 65140,เขตพื้นที่การศึกษาพิษณุโลก เขต 1
คันโช้งพิทยาคม,ต.คันโช้ง อ.วัดโบสถ์ จ.พิษณุโลก 65160,เขตพื้นที่การศึกษาพิษณุโลก เขต 39
คุรุประชาชนูทิศ(วันครู 2504),ต.วังทอง อ.วังทอง จ.พิษณุโลก 65130,เขตพื้นที่การศึกษาพิษณุโลก เขต 2
ค่ายลูกเสือวิเชียรบุรี,ต.สระประดู่ อ.วิเชียรบุรี จ.เพชรบูรณ์ 67130,เขตพื้นที่การศึกษาเพชรบูรณ์ เขต 3
คุรุราษฎร์รังสฤษฏ์ สพม.8,ต.จอมบึง อ.จอมบึง จ.ราชบุรี 70150,เขตพื้นที่การศึกษาราชบุรี เขต 8
ค่ายลูกเสือบ้านโป่ง,ต.สวนกล้วย อ.บ้านโป่ง จ.ราชบุรี 70110,เขตพื้นที่การศึกษาราชบุรี เขต 2
คุรุสภา,ต.ห้วยเขย่ง อ.ทองผาภูมิ จ.กาญจนบุรี 71180,เขตพื้นที่การศึกษากาญจนบุรี เขต 3
คี่ตี้,ต.บ้านแหลม อ.บางปลาม้า จ.สุพรรณบุรี 72150,เขตพื้นที่การศึกษาสุพรรณบุรี เขต 1
คลองทางหลวง,ต.ท่ากระชับ อ.นครชัยศรี จ.นครปฐม 73120,เขตพื้นที่การศึกษานครปฐม เขต 2
คงทองวิทยา,ต.สามง่าม อ.ดอนตูม จ.นครปฐม 73150,เขตพื้นที่การศึกษานครปฐม เขต 1
คลองบางกระทึก,ต.บางกระทึก อ.สามพราน จ.นครปฐม 73210,เขตพื้นที่การศึกษานครปฐม เขต 2
คลองตาจ่า(คงจีบอุทิศ),ต.บางยี่รงค์ อ.บางคนที จ.สมุทรสงคราม 75120,เขตพื้นที่การศึกษาสมุทรสงคราม เขต 1
คงคาราม,ต.บ้านหม้อ อ.เมืองเพชรบุรี จ.เพชรบุรี 76000,เขตพื้นที่การศึกษาเพชรบุรี เขต 1
ค่ายธนะรัชต์,ต.เขาน้อย อ.ปราณบุรี จ.ประจวบคีรีขันธ์ 77160,เขตพื้นที่การศึกษาประจวบคีรีขันธ์ เขต 2
คล่องหมื่นเพชรอนุสรณ์วชิราลงกรณ์อุปถัมภ์,ต.ปริก อ.ทุ่งใหญ่ จ.นครศรีธรรมราช 80240,เขตพื้นที่การศึกษานครศรีธรรมราช เขต 2
คีรีราษฏร์พัฒนา,ต.หินตก อ.ร่อนพิบูลย์ จ.นครศรีธรรมราช 80350,เขตพื้นที่การศึกษานครศรีธรรมราช เขต 3
ควนเกยสุทธิวิทยา,ต.ควนเกย อ.ร่อนพิบูลย์ จ.นครศรีธรรมราช 80130,เขตพื้นที่การศึกษานครศรีธรรมราช เขต 12
คุณาธารวิทยา,ต.สิชล อ.สิชล จ.นครศรีธรรมราช 80120,เขตพื้นที่การศึกษานครศรีธรรมราช เขต 4
คงคาประชารักษ์,ต.กะหรอ อ.นบพิตำ จ.นครศรีธรรมราช 80160,เขตพื้นที่การศึกษานครศรีธรรมราช เขต 4
คลองยางประชานุสรณ์,ต.คลองยาง อ.เกาะลันตา จ.กระบี่ 81120,เขตพื้นที่การศึกษากระบี่ เขต 13
คลองท่อมราษฏร์รังสรรค์,ต.คลองท่อมใต้ อ.คลองท่อม จ.กระบี่ 81120,เขตพื้นที่การศึกษากระบี่ เขต 1
คลองท่อมมิตรภาพที่ 160,ต.คลองท่อมใต้ อ.คลองท่อม จ.กระบี่ 81120,เขตพื้นที่การศึกษากระบี่ เขต 1
คลองพนสฤษดิ์พิทยา,ต.คลองพน อ.คลองท่อม จ.กระบี่ 81120,เขตพื้นที่การศึกษากระบี่ เขต 1
คลองพน,ต.คลองพน อ.คลองท่อม จ.กระบี่ 81170,เขตพื้นที่การศึกษากระบี่ เขต 1
คลองหินพิทยาคม,ต.คลองหิน อ.อ่าวลึก จ.กระบี่ 81110,เขตพื้นที่การศึกษากระบี่ เขต 13
คลองเคียนรัฐราษฏร์รังสรรค์,ต.คลองเคียน อ.ตะกั่วทุ่ง จ.พังงา 82130,เขตพื้นที่การศึกษาพังงา เขต 1
คุระบุรีพิทยาคม,ต.คุระ อ.คุระบุรี จ.พังงา 82150,เขตพื้นที่การศึกษาพังงา เขต 1
คุระบุรี,ต.คุระ อ.คุระบุรี จ.พังงา 82150,เขตพื้นที่การศึกษาพังงา เขต 1
คีรีรัฐนิคม,ต.ท่าขนอน อ.คีรีรัฐนิคม จ.สุราษฎร์ธานี 84180,เขตพื้นที่การศึกษาสุราษฎร์ธานี เขต 2
คีรีรัฐวิทยาคม,ต.บ้านยาง อ.คีรีรัฐนิคม จ.สุราษฎร์ธานี 84180,เขตพื้นที่การศึกษาสุราษฎร์ธานี เขต 2
ควนสุบรรณ,ต.ควนสุบรรณ อ.บ้านนาสาร จ.สุราษฎร์ธานี 84120,เขตพื้นที่การศึกษาสุราษฎร์ธานี เขต 3
ควนสุบรรณวิทยา,ต.ควนสุบรรณ อ.บ้านนาสาร จ.สุราษฎร์ธานี 84120,เขตพื้นที่การศึกษาสุราษฎร์ธานี เขต 11
คลองฉนวนวิทยา,ต.คลองฉนวน อ.เวียงสระ จ.สุราษฎร์ธานี 84190,เขตพื้นที่การศึกษาสุราษฎร์ธานี เขต 11
ครนพิทยาคม,ต.ครน อ.สวี จ.ชุมพร 86130,เขตพื้นที่การศึกษาชุมพร เขต 2
ค่ายลูกเสืออำเภอสวี,ต.วิสัยใต้ อ.สวี จ.ชุมพร 86130,เขตพื้นที่การศึกษาชุมพร เขต 2
คลองแดนวิทยา,ต.คลองแดน อ.ระโนด จ.สงขลา 90140,เขตพื้นที่การศึกษาสงขลา เขต 1
คูเต่าวิทยา,ต.คูเต่า อ.หาดใหญ่ จ.สงขลา 90110,เขตพื้นที่การศึกษาสงขลา เขต 2
ควนเนียงวิทยา,ต.รัตภูมิ อ.ควนเนียง จ.สงขลา 90220,เขตพื้นที่การศึกษาสงขลา เขต 2
ควนโดนวิทยา,อ.ควนโดน จ.สตูล 91160,เขตพื้นที่การศึกษาสตูล เขต 1
ควนกาหลงวิทยาคม(นิคมวัฒนา),อ.ควนกาหลง จ.สตูล 91130,เขตพื้นที่การศึกษาสตูล เขต 1
คันธพิทยาคาร,ต.ปะเหลียน อ.ปะเหลียน จ.ตรัง 92180,เขตพื้นที่การศึกษาตรัง เขต 1
ควนขนุน,อ.ควนขนุน จ.พัทลุง 93110,เขตพื้นที่การศึกษาพัทลุง เขต 1
ควนพระสาครินทร์,ต.ฝาละมี อ.ปากพะยูน จ.พัทลุง 93120,เขตพื้นที่การศึกษาพัทลุง เขต 12
คิริราษฏร์สามัคคี,อ.มายอ จ.ปัตตานี 94140,เขตพื้นที่การศึกษาปัตตานี เขต 2
คณะราษฎรบำรุง 2,อ.เมืองยะลา จ.ยะลา 95000,เขตพื้นที่การศึกษายะลา เขต 1
คณะราษฎรบำรุง 3,อ.เมืองยะลา จ.ยะลา 95160,เขตพื้นที่การศึกษายะลา เขต 1
คณะราษฎรบำรุง จังหวัดยะลา,อ.เมืองยะลา จ.ยะลา 95000,เขตพื้นที่การศึกษายะลา เขต 1
คุรุชนพัฒนา,อ.เมืองยะลา จ.ยะลา 95000,เขตพื้นที่การศึกษายะลา เขต 1
คีรีบูรวัฒนา (ตีบุ),อ.รามัน จ.ยะลา 95140,เขตพื้นที่การศึกษายะลา เขต 1
คุรุประชาสรรค์,อ.รามัน จ.ยะลา 95140,เขตพื้นที่การศึกษายะลา เขต 1