บดินทรเดชา (สิงห์ สิงหเสนี) ๔,แขวงลำต้อยติ่ง เขตหนองจอก กรุงเทพมหานคร 10530,เขตพื้นที่การศึกษากรุงเทพมหานคร เขต 2
บางกะปิ,แขวงคลองจั่น เขตบางกะปิ กรุงเทพมหานคร 10240,เขตพื้นที่การศึกษากรุงเทพมหานคร เขต 2
บางกอกศึกษา,แขวงวังทองหลาง เขตบางกะปิ กรุงเทพมหานคร 10310,เขตพื้นที่การศึกษากรุงเทพมหานคร เขต 2
บัณฑืตวิทยา,แขวงคลองมหานาค เขตป้อมปราบศัตรูพ่าย กรุงเทพมหานคร 10100,เขตพื้นที่การศึกษากรุงเทพมหานคร เขต 1
บำรุงอิสลามวิทยา,แขวงคลองมหานาค เขตป้อมปราบศัตรูพ่าย กรุงเทพมหานคร 10100,เขตพื้นที่การศึกษากรุงเทพมหานคร เขต 1
บพิธวิทยา,แขวงบางจาก เขตพระโขนง กรุงเทพมหานคร 10250,เขตพื้นที่การศึกษากรุงเทพมหานคร เขต 1
บำรุงวิชา,แขวงสมเด็จเจ้าพระยา เขตคลองสาน กรุงเทพมหานคร 10600,เขตพื้นที่การศึกษากรุงเทพมหานคร เขต 0
บำรุงวิทยาธนบุรี,แขวงบางขุนศรี เขตบางกอกน้อย กรุงเทพมหานคร 10700,เขตพื้นที่การศึกษากรุงเทพมหานคร เขต 3
บุญยาจารย์,เขตบางกอกน้อย กรุงเทพมหานคร 10700,เขตพื้นที่การศึกษากรุงเทพมหานคร เขต 3
บางปะกอกวิทยาคม,แขวงบางปะกอก เขตราษฎร์บูรณะ กรุงเทพมหานคร 10140,เขตพื้นที่การศึกษากรุงเทพมหานคร เขต 3
บูรณะศึกษา,แขวงทุ่งครุ เขตราษฎร์บูรณะ กรุงเทพมหานคร 10140,เขตพื้นที่การศึกษากรุงเทพมหานคร เขต 3
บูรณ์วิทย์,แขวงบางพลัด เขตบางพลัด กรุงเทพมหานคร 10700,เขตพื้นที่การศึกษากรุงเทพมหานคร เขต 3
บางอ้อศึกษา,แขวงบางอ้อ เขตบางพลัด กรุงเทพมหานคร 10700,เขตพื้นที่การศึกษากรุงเทพมหานคร เขต 3
บดินทรเดชา (สิงห์ สิงหเสนี) ๒,แขวงคลองกุ่ม เขตบึงกุ่ม กรุงเทพมหานคร 10240,เขตพื้นที่การศึกษากรุงเทพมหานคร เขต 2
บางกะปิสุขุมนวพันธ์อุปถัมภ์,แขวงคลองกุ่ม เขตบึงกุ่ม กรุงเทพมหานคร 10240,เขตพื้นที่การศึกษากรุงเทพมหานคร เขต 2
บำรุงศึกษา,แขวงทุ่งวัดดอน เขตสาทร กรุงเทพมหานคร 10120,เขตพื้นที่การศึกษากรุงเทพมหานคร เขต 1
บำรุงอนุชนวิทยา,แขวงยานนาวา เขตสาทร กรุงเทพมหานคร 10120,เขตพื้นที่การศึกษากรุงเทพมหานคร เขต 1
บางโพศึกษา,แขวงบางซื่อ เขตบางซื่อ กรุงเทพมหานคร 10800,เขตพื้นที่การศึกษากรุงเทพมหานคร เขต 1
บางบัว (เพ่งตั้งตรงจิตรวิทยาคาร),แขวงลาดยาว เขตจตุจักร กรุงเทพมหานคร 10900,เขตพื้นที่การศึกษากรุงเทพมหานคร เขต 2
บุญเสริมวิทยาธนบุรี,แขวงบางขุนเทียน เขตจอมทอง กรุงเทพมหานคร 10150,เขตพื้นที่การศึกษากรุงเทพมหานคร เขต 3
บริบรูณ์ศิลป์ศึกษา,แขวงสีกัน เขตดอนเมือง กรุงเทพมหานคร 10210,เขตพื้นที่การศึกษากรุงเทพมหานคร เขต 2
บุญฤดี,แขวงลาดพร้าว เขตลาดพร้าว กรุงเทพมหานคร 10230,เขตพื้นที่การศึกษากรุงเทพมหานคร เขต 2
บางแคเหนือ (ชั้น-จำนงค์ ฉ่องสวนอ้อยอนุสรณ์),แขวงบางแค เขตบางแค กรุงเทพมหานคร 10160,เขตพื้นที่การศึกษากรุงเทพมหานคร เขต 0
บดินทรเดชา (สิงห์ สิงหเสนี),แขวงวังทองหลาง เขตวังทองหลาง กรุงเทพมหานคร 10310,เขตพื้นที่การศึกษากรุงเทพมหานคร เขต 2
บางเมืองเขียนผ่องอนุสรณ์,ต.บางเมืองใหม่ อ.เมืองสมุทรปราการ จ.สมุทรปราการ 10270,เขตพื้นที่การศึกษาสมุทรปราการ เขต 1
บุรารักษ์,ต.บางเมืองใหม่ อ.เมืองสมุทรปราการ จ.สมุทรปราการ 10270,เขตพื้นที่การศึกษาสมุทรปราการ เขต 1
บางบ่อวิทยาคม,ต.บางบ่อ อ.บางบ่อ จ.สมุทรปราการ 10560,เขตพื้นที่การศึกษาสมุทรปราการ เขต 2
บางพลีราษฏร์บำรุง,ต.บางพลีใหญ่ อ.บางพลี จ.สมุทรปราการ 10540,เขตพื้นที่การศึกษาสมุทรปราการ เขต 2
บางแก้วประชาสรรค์,ต.บางแก้ว อ.บางพลี จ.สมุทรปราการ 10540,เขตพื้นที่การศึกษาสมุทรปราการ เขต 2
บางพลีพัฒนาศึกษาลัย,ต.บางโฉลง อ.บางพลี จ.สมุทรปราการ 10540,เขตพื้นที่การศึกษาสมุทรปราการ เขต 2
บางครุ,ต.บางครุ อ.พระประแดง จ.สมุทรปราการ 10130,เขตพื้นที่การศึกษาสมุทรปราการ เขต 1
บางพลีพัฒนาศึกษาลัย,ต.ในคลองบางปลากด อ.พระสมุทรเจดีย์ จ.สมุทรปราการ 10290,เขตพื้นที่การศึกษาสมุทรปราการ เขต 1
บดินทรเดชา (สิงห์ สิหเสนี) นนทบุรี,ต.วัดชลอ อ.บางกรวย จ.นนทบุรี 11130,เขตพื้นที่การศึกษานนทบุรี เขต 1
บางบัวทองราษฎร์บำรุง,ต.โสนลอย อ.บางบัวทอง จ.นนทบุรี 11110,เขตพื้นที่การศึกษานนทบุรี เขต 2
บางคูลัด,ต.บางคูรัด อ.บางบัวทอง จ.นนทบุรี 11110,เขตพื้นที่การศึกษานนทบุรี เขต 2
บางบัวทอง,ต.พิมลราช อ.บางบัวทอง จ.นนทบุรี 11110,เขตพื้นที่การศึกษานนทบุรี เขต 2
บุญค้มราษฎร์บํารุง,ต.คลองหนึ่ง อ.คลองหลวง จ.ปทุมธานี 12120,เขตพื้นที่การศึกษาปทุมธานี เขต 1
บึงเขาย้อน(คงพันธุ์อุปถัมภ์),ต.คลองสี่ อ.คลองหลวง จ.ปทุมธานี 12120,เขตพื้นที่การศึกษาปทุมธานี เขต 1
บางชวดอนุสรณ์,ต.คลองห้า อ.คลองหลวง จ.ปทุมธานี 12120,เขตพื้นที่การศึกษาปทุมธานี เขต 1
บรรจบรักษ์,ต.ประชาธิปัตย์ อ.ธัญบุรี จ.ปทุมธานี 12130,เขตพื้นที่การศึกษาปทุมธานี เขต 2
บัวแก้วเกษร,ต.ระแหง อ.ลาดหลุมแก้ว จ.ปทุมธานี 12140,เขตพื้นที่การศึกษาปทุมธานี เขต 1
บางโพธิ์ใหม่,ต.คูบางหลวง อ.ลาดหลุมแก้ว จ.ปทุมธานี 12140,เขตพื้นที่การศึกษาปทุมธานี เขต 1
บุญญาทรศึกษา,ต.คูคต อ.ลำลูกกา จ.ปทุมธานี 12130,เขตพื้นที่การศึกษาปทุมธานี เขต 2
บางโพธิ์เหนือ,ต.บางโพธิ์เหนือ อ.สามโคก จ.ปทุมธานี 12160,เขตพื้นที่การศึกษาปทุมธานี เขต 1
บ่อแร่,ต.หนองขนาก อ.ท่าเรือ จ.พระนครศรีอยุธยา 13130,เขตพื้นที่การศึกษาพระนครศรีอยุธยา เขต 1
บางไทรวิทยา,ต.บางไทร อ.บางไทร จ.พระนครศรีอยุธยา 13190,เขตพื้นที่การศึกษาพระนครศรีอยุธยา เขต 2
บางไทร,ต.สนามชัย อ.บางไทร จ.พระนครศรีอยุธยา 13190,เขตพื้นที่การศึกษาพระนครศรีอยุธยา เขต 2
บางบาล,ต.บางบาล อ.บางบาล จ.พระนครศรีอยุธยา 13250,เขตพื้นที่การศึกษาพระนครศรีอยุธยา เขต 2
บางปะอิน,ต.บ้านเลน อ.บางปะอิน จ.พระนครศรีอยุธยา 13160,เขตพื้นที่การศึกษาพระนครศรีอยุธยา เขต 2
บางปะอิน(ราชานุเคราะห์ ๑),ต.บ้านเลน อ.บางปะอิน จ.พระนครศรีอยุธยา 13160,เขตพื้นที่การศึกษาพระนครศรีอยุธยา เขต 2
บางปะหัน,ต.บ้านลี่ อ.บางปะหัน จ.พระนครศรีอยุธยา 13220,เขตพื้นที่การศึกษาพระนครศรีอยุธยา เขต 3
บางซ้ายวิทยา,ต.แก้วฟ้า อ.บางซ้าย จ.พระนครศรีอยุธยา 13270,เขตพื้นที่การศึกษาพระนครศรีอยุธยา เขต 2
บางเสด็จวิทยาคม,ต.บางเสด็จ อ.ป่าโมก จ.อ่างทอง 14130,เขตพื้นที่การศึกษาอ่างทอง เขต 1
บรรจงรัตน์,ต.ทะเลชุบศร อ.เมืองลพบุรี จ.ลพบุรี 15000,เขตพื้นที่การศึกษาลพบุรี เขต 1
บัณฑิตศึกษา,ต.ท่าหิน อ.เมืองลพบุรี จ.ลพบุรี 15000,เขตพื้นที่การศึกษาลพบุรี เขต 1
บำรุงศึกษา,ต.ถนนใหญ่ อ.เมืองลพบุรี จ.ลพบุรี 15000,เขตพื้นที่การศึกษาลพบุรี เขต 1
บ่อทองลพบุรี,ต.บ่อทอง อ.หนองม่วง จ.ลพบุรี 15170,เขตพื้นที่การศึกษาลพบุรี เขต 2
บางระจันวิทยา,ต.สิงห์ อ.บางระจัน จ.สิงห์บุรี 16130,เขตพื้นที่การศึกษาสิงห์บุรี เขต 1
บางไก่เถื่อน(ตันติวิสิษฐประชานุกูล),ต.ตลุก อ.สรรพยา จ.ชัยนาท 17150,เขตพื้นที่การศึกษาชัยนาท เขต 1
บุญนาคพิทยาคม,ต.บางหลวง อ.สรรพยา จ.ชัยนาท 17150,เขตพื้นที่การศึกษาชัยนาท เขต 1
บำรุงวิทยา,ต.ปากเพรียว อ.เมืองสระบุรี จ.สระบุรี 18000,เขตพื้นที่การศึกษาสระบุรี เขต 1
บำรุงปัญญา,ต.หนองสรวง อ.วิหารแดง จ.สระบุรี 18150,เขตพื้นที่การศึกษาสระบุรี เขต 2
บุญประทีปวิทยาคาร,ต.บ้านบึง อ.บ้านบึง จ.ชลบุรี 20170,เขตพื้นที่การศึกษาชลบุรี เขต 1
บูรพาพัฒนศาสตร์,ต.หนองปรือ อ.บางละมุง จ.ชลบุรี 20260,เขตพื้นที่การศึกษาชลบุรี เขต 3
บางละมุง,ต.นาเกลือ อ.บางละมุง จ.ชลบุรี 20150,เขตพื้นที่การศึกษาชลบุรี เขต 3
บุญญวิทยาคาร,ต.พนัสนิคม อ.พนัสนิคม จ.ชลบุรี 20140,เขตพื้นที่การศึกษาชลบุรี เขต 2
บริษัทไทยกสิกรสงเคราะห์,ต.บึง อ.ศรีราชา จ.ชลบุรี 20230,เขตพื้นที่การศึกษาชลบุรี เขต 3
บึงศรีราชาพิทยาคม,ต.บึง อ.ศรีราชา จ.ชลบุรี 20230,เขตพื้นที่การศึกษาชลบุรี เขต 18
บรรณพันธ์ศึกษา,ต.บางพระ อ.ศรีราชา จ.ชลบุรี 20110,เขตพื้นที่การศึกษาชลบุรี เขต 3
บุญจิตวิทยา,อ.ศรีราชา จ.ชลบุรี 20230,เขตพื้นที่การศึกษาชลบุรี เขต 3
บำรุงศิษย์ศึกษา,ต.สัตหีบ อ.สัตหีบ จ.ชลบุรี 20180,เขตพื้นที่การศึกษาชลบุรี เขต 3
บ่อทองวงษ์จันทร์วิทยา,ต.วัดสุวรรณ อ.บ่อทอง จ.ชลบุรี 20270,เขตพื้นที่การศึกษาชลบุรี เขต 2
บวรรัตนศาสตร์,ต.เพ อ.เมืองระยอง จ.ระยอง 21000,เขตพื้นที่การศึกษาระยอง เขต 1
บุญสมวิทยา,ต.ตลาด อ.เมืองจันทบุรี จ.จันทบุรี 22000,เขตพื้นที่การศึกษาจันทบุรี เขต 1
บุญสมออนุบาล,ต.ตลาด อ.เมืองจันทบุรี จ.จันทบุรี 22000,เขตพื้นที่การศึกษาจันทบุรี เขต 1
บางกะจะ,ต.บางกะจะ อ.เมืองจันทบุรี จ.จันทบุรี 22000,เขตพื้นที่การศึกษาจันทบุรี เขต 1
บ่อวิทยาคาร,ต.บ่อ อ.ขลุง จ.จันทบุรี 22110,เขตพื้นที่การศึกษาจันทบุรี เขต 17
บ่อไร่วิทยาคม,ต.บ่อพลอย อ.บ่อไร่ จ.ตราด 23140,เขตพื้นที่การศึกษาตราด เขต 1
บางคล้าพิทยาคม,ต.บางคล้า อ.บางคล้า จ.ฉะเชิงเทรา 24110,เขตพื้นที่การศึกษาฉะเชิงเทรา เขต 2
บึงเทพยา,ต.บางน้ำเปรี้ยว อ.บางน้ำเปรี้ยว จ.ฉะเชิงเทรา 24150,เขตพื้นที่การศึกษาฉะเชิงเทรา เขต 1
บึงสิงโต,ต.หมอนทอง อ.บางน้ำเปรี้ยว จ.ฉะเชิงเทรา 24150,เขตพื้นที่การศึกษาฉะเชิงเทรา เขต 1
บางน้ำเปรี้ยววิทยา,ต.โพรงอากาศ อ.บางน้ำเปรี้ยว จ.ฉะเชิงเทรา 24150,เขตพื้นที่การศึกษาฉะเชิงเทรา เขต 1
บางน้ำเปรี้ยวกงลิ,ต.โพรงอากาศ อ.บางน้ำเปรี้ยว จ.ฉะเชิงเทรา 24150,เขตพื้นที่การศึกษาฉะเชิงเทรา เขต 1
บางปะกง(บวรวิทยายน),ต.บางปะกง อ.บางปะกง จ.ฉะเชิงเทรา 24130,เขตพื้นที่การศึกษาฉะเชิงเทรา เขต 1
บางพะเนียง,ต.คู้ยายหมี อ.สนามชัยเขต จ.ฉะเชิงเทรา 24160,เขตพื้นที่การศึกษาฉะเชิงเทรา เขต 2
บ่อแร่-ธารเลา,ต.เนินหอม อ.เมืองปราจีนบุรี จ.ปราจีนบุรี 25230,เขตพื้นที่การศึกษาปราจีนบุรี เขต 1
บรรหารวิทยา,ต.เมืองเก่า อ.กบินทร์บุรี จ.ปราจีนบุรี 25240,เขตพื้นที่การศึกษาปราจีนบุรี เขต 1
บ่อทองวิทยา,ต.บ่อทอง อ.กบินทร์บุรี จ.ปราจีนบุรี 25110,เขตพื้นที่การศึกษาปราจีนบุรี เขต 1
บีกริม,ต.คลองทับจันทร์ อ.อรัญประเทศ จ.สระแก้ว 27120,เขตพื้นที่การศึกษาสระแก้ว เขต 2
บุญเหลือวิทยานุสรณ์,ต.โคกสูง อ.เมืองนครราชสีมา จ.นครราชสีมา 30310,เขตพื้นที่การศึกษานครราชสีมา เขต 1
บุญวัฒนา,ต.หัวทะเล อ.เมืองนครราชสีมา จ.นครราชสีมา 30000,เขตพื้นที่การศึกษานครราชสีมา เขต 1
บุญวัฒนา 2,ต.หัวทะเล อ.เมืองนครราชสีมา จ.นครราชสีมา 30000,เขตพื้นที่การศึกษานครราชสีมา เขต 1
บึงพญาปราบ,ต.บ้านเกาะ อ.เมืองนครราชสีมา จ.นครราชสีมา 30000,เขตพื้นที่การศึกษานครราชสีมา เขต 1
บึงสาลี,ต.พุดซา อ.เมืองนครราชสีมา จ.นครราชสีมา 30000,เขตพื้นที่การศึกษานครราชสีมา เขต 1
บัวปุ่นสันเทียะอนุสรณ์,ต.กำปัง อ.โนนไทย จ.นครราชสีมา 30220,เขตพื้นที่การศึกษานครราชสีมา เขต 5
บุ่งสะอาดวัฒนา,ต.บ้านวัง อ.โนนไทย จ.นครราชสีมา 30220,เขตพื้นที่การศึกษานครราชสีมา เขต 5
บึงคำคู,ต.บัลลังก์ อ.โนนไทย จ.นครราชสีมา 30220,เขตพื้นที่การศึกษานครราชสีมา เขต 5
บึงพัฒนาประชาร่วมจิตฯ,ต.ชีวึก อ.ขามสะแกแสง จ.นครราชสีมา 30290,เขตพื้นที่การศึกษานครราชสีมา เขต 5
บัวใหญ่,ต.บัวใหญ่ อ.บัวใหญ่ จ.นครราชสีมา 30120,เขตพื้นที่การศึกษานครราชสีมา เขต 6
บัวใหญ่วิทยา,ต.บัวใหญ่ อ.บัวใหญ่ จ.นครราชสีมา 30120,เขตพื้นที่การศึกษานครราชสีมา เขต 6
บุญบันดาลวิทยานุสรณ์,ต.กลางดง อ.ปากช่อง จ.นครราชสีมา 30320,เขตพื้นที่การศึกษานครราชสีมา เขต 4
บุญเจริญวิทยา,ต.ขนงพระ อ.ปากช่อง จ.นครราชสีมา 30130,เขตพื้นที่การศึกษานครราชสีมา เขต 4
บึงพะไล,ต.บึงพะไล อ.แก้งสนามนาง จ.นครราชสีมา 30440,เขตพื้นที่การศึกษานครราชสีมา เขต 6
บุญเหลือวิทยานุสรณ์ 2,ต.หนองหอย อ.พระทองคำ จ.นครราชสีมา 30220,เขตพื้นที่การศึกษานครราชสีมา เขต 5
บัวลาย,ต.บัวลาย อ.บัวลาย จ.นครราชสีมา 30120,เขตพื้นที่การศึกษานครราชสีมา เขต 6
บุรีรัมย์พิทยาคม,ต.ในเมือง อ.เมืองบุรีรัมย์ จ.บุรีรัมย์ 31000,เขตพื้นที่การศึกษาบุรีรัมย์ เขต 1
บัวหลวงวิทยาคม,ต.บ้านบัว อ.เมืองบุรีรัมย์ จ.บุรีรัมย์ 31000,เขตพื้นที่การศึกษาบุรีรัมย์ เขต 1
บำรุงวิทยา,ต.ลำปลายมาศ อ.ลำปลายมาศ จ.บุรีรัมย์ 31130,เขตพื้นที่การศึกษาบุรีรัมย์ เขต 1
บุแกรงวิทยาคม,ต.บุแกรง อ.จอมพระ จ.สุรินทร์ 32180,เขตพื้นที่การศึกษาสุรินทร์ เขต 1
บึงวิทยาคาร,ต.ตรมไพร อ.ศีขรภูมิ จ.สุรินทร์ 32110,เขตพื้นที่การศึกษาสุรินทร์ เขต 1
บัวเชดวิทยา,ต.บัวเชด อ.บัวเชด จ.สุรินทร์ 32230,เขตพื้นที่การศึกษาสุรินทร์ เขต 3
บึงนครประชาสรรค์,ต.บึง อ.เขวาสินรินทร์ จ.สุรินทร์ 32000,เขตพื้นที่การศึกษาสุรินทร์ เขต 1
บัวน้อยวิทยา,ต.บัวน้อย อ.กันทรารมย์ จ.ศรีสะเกษ 33130,เขตพื้นที่การศึกษาศรีสะเกษ เขต 28
บึงมะลูวิทยา,ต.บึงมะลู อ.กันทรลักษ์ จ.ศรีสะเกษ 33110,เขตพื้นที่การศึกษาศรีสะเกษ เขต 4
บึงบูรพ์,ต.บึงบูรพ์ อ.บึงบูรพ์ จ.ศรีสะเกษ 33220,เขตพื้นที่การศึกษาศรีสะเกษ เขต 2
บกวิทยาคม,ต.บก อ.โนนคูณ จ.ศรีสะเกษ 33250,เขตพื้นที่การศึกษาศรีสะเกษ เขต 1
บัวเจริญวิทยา,ต.ตองปิด อ.น้ำเกลี้ยง จ.ศรีสะเกษ 33130,เขตพื้นที่การศึกษาศรีสะเกษ เขต 1
บัวงามวิทยา,ต.บัวงาม อ.เดชอุดม จ.อุบลราชธานี 34160,เขตพื้นที่การศึกษาอุบลราชธานี เขต 5
บุณฑริกวิทยาคาร,ต.โพนงาม อ.บุณฑริก จ.อุบลราชธานี 34230,เขตพื้นที่การศึกษาอุบลราชธานี เขต 5
บุณฑริก,ต.โพนงาม อ.บุณฑริก จ.อุบลราชธานี 34230,เขตพื้นที่การศึกษาอุบลราชธานี เขต 5
บุญจิราธร,ต.สำโรง อ.โพธิ์ไทร จ.อุบลราชธานี 34340,เขตพื้นที่การศึกษาอุบลราชธานี เขต 2
บุ่งค้าวิทยาคม,ต.บุ่งค้า อ.เลิงนกทา จ.ยโสธร 35120,เขตพื้นที่การศึกษายโสธร เขต 2
บึงมะนาววิทยา,ต.บ้านเดื่อ อ.เกษตรสมบูรณ์ จ.ชัยภูมิ 36120,เขตพื้นที่การศึกษาชัยภูมิ เขต 2
บุปผาราม,ต.โนนกอก อ.เกษตรสมบูรณ์ จ.ชัยภูมิ 36120,เขตพื้นที่การศึกษาชัยภูมิ เขต 2
บางอำพันธ์วิทยาคม,ต.บ้านตาล อ.บำเหน็จณรงค์ จ.ชัยภูมิ 36160,เขตพื้นที่การศึกษาชัยภูมิ เขต 3
บุ่งหวายโกรกตาแป้นสามัคคี,ต.รังงาม อ.เนินสง่า จ.ชัยภูมิ 36130,เขตพื้นที่การศึกษาชัยภูมิ เขต 3
บ่อบุโปโล,ต.ไก่คำ อ.เมืองอำนาจเจริญ จ.อำนาจเจริญ 37000,เขตพื้นที่การศึกษาอำนาจเจริญ เขต 1
บุตรเพชรวิทยา,ต.โนนสัง อ.โนนสัง จ.หนองบัวลำภู 39140,เขตพื้นที่การศึกษาหนองบัวลำภู เขต 1
บัวใหญ่พิทยาคม,ต.บัวใหญ่ อ.น้ำพอง จ.ขอนแก่น 40140,เขตพื้นที่การศึกษาขอนแก่น เขต 25
บึงไทรพิทยาคม,ต.บ้านดง อ.อุบลรัตน์ จ.ขอนแก่น 40250,เขตพื้นที่การศึกษาขอนแก่น เขต 25
บัวแก้วพิทยาคม,ต.ศรีสุขสำราญ อ.อุบลรัตน์ จ.ขอนแก่น 40250,เขตพื้นที่การศึกษาขอนแก่น เขต 4
บัวเหลือง,ต.นาข่า อ.มัญจาคีรี จ.ขอนแก่น 40160,เขตพื้นที่การศึกษาขอนแก่น เขต 2
บัวเหลืองสาขาบ้านหนองบัว,ต.นางาม อ.มัญจาคีรี จ.ขอนแก่น 40160,เขตพื้นที่การศึกษาขอนแก่น เขต 2
บุญมีศรีสว่าง,ต.ทุ่งใหญ่ อ.ทุ่งฝน จ.อุดรธานี 41310,เขตพื้นที่การศึกษาอุดรธานี เขต 3
บะยาวพัฒนาศึกษา,ต.บะยาว อ.วังสามหมอ จ.อุดรธานี 41280,เขตพื้นที่การศึกษาอุดรธานี เขต 2
บริบาลภูมิเขตต์,ต.บ้านผือ อ.บ้านผือ จ.อุดรธานี 41160,เขตพื้นที่การศึกษาอุดรธานี เขต 4
บุญลักษณ์อุปถัมภ์,ต.โป่ง อ.ด่านซ้าย จ.เลย 42120,เขตพื้นที่การศึกษาเลย เขต 1
บาลีสาธิต,ต.ในเมือง อ.เมืองหนองคาย จ.หนองคาย 43000,เขตพื้นที่การศึกษาหนองคาย เขต 1
บึงกาฬ,ต.บึงกาฬ อ.บึงกาฬ จ.หนองคาย 43140,เขตพื้นที่การศึกษาหนองคาย เขต 3
บึงโขงหลงวิทยาคม,ต.บึงโขงหลง อ.บึงโขงหลง จ.หนองคาย 43220,เขตพื้นที่การศึกษาหนองคาย เขต 3
บึงของหลงวิทยา,ต.บึงโขงหลง อ.บึงโขงหลง จ.หนองคาย 43220,เขตพื้นที่การศึกษาหนองคาย เขต 3
บรบือ,ต.บรบือ อ.บรบือ จ.มหาสารคาม 44130,เขตพื้นที่การศึกษามหาสารคาม เขต 2
บรบือวิทยาคาร,ต.หนองสิม อ.บรบือ จ.มหาสารคาม 44130,เขตพื้นที่การศึกษามหาสารคาม เขต 1
บัณฑิตวิทยา,ต.รอบเมือง อ.หนองพอก จ.ร้อยเอ็ด 45210,เขตพื้นที่การศึกษาร้อยเอ็ด เขต 3
บ่อพันขันวิทยา,ต.จำปาขัน อ.สุวรรณภูมิ จ.ร้อยเอ็ด 45130,เขตพื้นที่การศึกษาร้อยเอ็ด เขต 2
บัวสูงบัวเงินวิทยา,ต.กกกุง อ.เมืองสรวง จ.ร้อยเอ็ด 45220,เขตพื้นที่การศึกษาร้อยเอ็ด เขต 2
บึงงามพัฒนา,ต.บึงงาม อ.ทุ่งเขาหลวง จ.ร้อยเอ็ด 45170,เขตพื้นที่การศึกษาร้อยเอ็ด เขต 1
บึงวิชัยสงเคราะห์,ต.บึงวิชัย อ.เมืองกาฬสินธุ์ จ.กาฬสินธุ์ 46000,เขตพื้นที่การศึกษากาฬสินธุ์ เขต 1
บานเย็นศึกษา,ต.กมลาไสย อ.กมลาไสย จ.กาฬสินธุ์ 46130,เขตพื้นที่การศึกษากาฬสินธุ์ เขต 1
บึงสว่างวิทยาคม,ต.หลักเมือง อ.กมลาไสย จ.กาฬสินธุ์ 46130,เขตพื้นที่การศึกษากาฬสินธุ์ เขต 1
บึงไฮโนนสวางวิทยา,ต.หลักเมือง อ.กมลาไสย จ.กาฬสินธุ์ 46130,เขตพื้นที่การศึกษากาฬสินธุ์ เขต 1
บัวขาว,ต.บัวขาว อ.กุฉินารายณ์ จ.กาฬสินธุ์ 46110,เขตพื้นที่การศึกษากาฬสินธุ์ เขต 3
บุ่งคล้าวิทยาคมมิตรภาพที่ 194,ต.บัวขาว อ.กุฉินารายณ์ จ.กาฬสินธุ์ 46110,เขตพื้นที่การศึกษากาฬสินธุ์ เขต 3
บอนเขียวราษฎร์บำรุง,ต.นาขาม อ.กุฉินารายณ์ จ.กาฬสินธุ์ 46110,เขตพื้นที่การศึกษากาฬสินธุ์ เขต 3
บัวสามัคคีพิทยาสรรพ์,ต.แซงบาดาล อ.สมเด็จ จ.กาฬสินธุ์ 46150,เขตพื้นที่การศึกษากาฬสินธุ์ เขต 3
บ่อแก้วญาณเวทีพัฒนา,ต.บ่อแก้ว อ.นาคู จ.กาฬสินธุ์ 46160,เขตพื้นที่การศึกษากาฬสินธุ์ เขต 24
บัวสะอาดส่งเสริม,ต.โคกสะอาด อ.ฆ้องชัย จ.กาฬสินธุ์,เขตพื้นที่การศึกษากาฬสินธุ์ เขต 2
บะฮีวิทยาคม,ต.บะฮี อ.พรรณานิคม จ.สกลนคร 47130,เขตพื้นที่การศึกษาสกลนคร เขต 2
บ่อแก้วดงมะไฟมิตรภาพที่ 81,ต.บ่อแก้ว อ.บ้านม่วง จ.สกลนคร 47140,เขตพื้นที่การศึกษาสกลนคร เขต 3
บงเหนือวิทยาคม,ต.บงเหนือ อ.สว่างแดนดิน จ.สกลนคร 47110,เขตพื้นที่การศึกษาสกลนคร เขต 2
บำรุงพงศ์อุปถัมภ์,ต.โชคชัย อ.นิคมคำสร้อย จ.มุกดาหาร 49130,เขตพื้นที่การศึกษามุกดาหาร เขต 1
บุญวาทย์วิทยาลัย,ต.หัวเวียง อ.เมืองลำปาง จ.ลำปาง 52000,เขตพื้นที่การศึกษาลำปาง เขต 1
บ่อสี่เหลี่ยมวิทยา,ต.ปงเตา อ.งาว จ.ลำปาง 52110,เขตพื้นที่การศึกษาลำปาง เขต 1
บัณฑิตวิทยา,ต.ท่าอิฐ อ.เมืองอุตรดิตถ์ จ.อุตรดิตถ์ 53000,เขตพื้นที่การศึกษาอุตรดิตถ์ เขต 1
บ่อสวกวิทยาคาร,ต.สวก อ.เมืองน่าน จ.น่าน 55000,เขตพื้นที่การศึกษาน่าน เขต 1
บ่อเกลือ,ต.บ่อเกลือใต้ อ.บ่อเกลือ จ.น่าน 55220,เขตพื้นที่การศึกษาน่าน เขต 2
บรรณโศภิษฐ์,ต.ชนแดน อ.สองแคว จ.น่าน 55160,เขตพื้นที่การศึกษาน่าน เขต 2
บุญสิษฐ์วิทยา,ต.เวียง อ.เมืองพะเยา จ.พะเยา 56000,เขตพื้นที่การศึกษาพะเยา เขต 1
บุญเรืองวิทยาคม,ต.บุญเรือง อ.เชียงของ จ.เชียงราย,เขตพื้นที่การศึกษาเชียงราย เขต 4
บรรพตวิทยา,ต.ปอ อ.เวียงแก่น จ.เชียงราย 57310,เขตพื้นที่การศึกษาเชียงราย เขต 4
บ.แม่จ๊างส.บ้านดงหลวง-ดงน้อย,ต.แม่เหาะ อ.แม่สะเรียง จ.แม่ฮ่องสอน 58110,เขตพื้นที่การศึกษาแม่ฮ่องสอน เขต 2
บึงบอระเพ็ดวิทยา,ต.พระนอน อ.เมืองนครสวรรค์ จ.นครสวรรค์ 60000,เขตพื้นที่การศึกษานครสวรรค์ เขต 42
บรรพตพิสัยพิทยาคม,ต.ท่างิ้ว อ.บรรพตพิสัย จ.นครสวรรค์ 60180,เขตพื้นที่การศึกษานครสวรรค์ เขต 42
บูรพาศึกษา,ต.ลาดยาว อ.ลาดยาว จ.นครสวรรค์ 60150,เขตพื้นที่การศึกษานครสวรรค์ เขต 2
บ่อยางวิทยา,ต.บ่อยาง อ.สว่างอารมณ์ จ.อุทัยธานี 61150,เขตพื้นที่การศึกษาอุทัยธานี เขต 42
บ่อแก้ววิทยา,ต.พานทอง อ.ไทรงาม จ.กำแพงเพชร 62150,เขตพื้นที่การศึกษากำแพงเพชร เขต 1
บางยางพัฒนา,ต.หนองกะท้าว อ.นครไทย จ.พิษณุโลก 65120,เขตพื้นที่การศึกษาพิษณุโลก เขต 3
บางกลางท่าวพิทยาคม,ต.บ้านแยง อ.นครไทย จ.พิษณุโลก 65120,เขตพื้นที่การศึกษาพิษณุโลก เขต 3
บ่อโพธิ์วิทยา,ต.บ่อโพธิ์ อ.นครไทย จ.พิษณุโลก 65120,เขตพื้นที่การศึกษาพิษณุโลก เขต 3
บ่อวิทยบางระกำ,ต.บางระกำ อ.บางระกำ จ.พิษณุโลก 65140,เขตพื้นที่การศึกษาพิษณุโลก เขต 1
บางระกำวิทยศึกษา,ต.บางระกำ อ.บางระกำ จ.พิษณุโลก 65140,เขตพื้นที่การศึกษาพิษณุโลก เขต 39
บางกระทุ่มพิทยาคม,ต.บางกระทุ่ม อ.บางกระทุ่ม จ.พิษณุโลก 65110,เขตพื้นที่การศึกษาพิษณุโลก เขต 2
บึงราชนก,ต.วังทอง อ.วังทอง จ.พิษณุโลก 65130,เขตพื้นที่การศึกษาพิษณุโลก เขต 2
บึงสีไฟ,ต.ท่าหลวง อ.เมืองพิจิตร จ.พิจิตร 66000,เขตพื้นที่การศึกษาพิจิตร เขต 1
บัณฑิตศึกษาลัย,ต.ห้วยเกตุ อ.ตะพานหิน จ.พิจิตร 66110,เขตพื้นที่การศึกษาพิจิตร เขต 2
บางมูลนากภูมิวิทยาคม,ต.บางมูลนาก อ.บางมูลนาก จ.พิจิตร 66130,เขตพื้นที่การศึกษาพิจิตร เขต 2
บางมูลนาก(ราษฎร์อุทิศ),ต.บางมูลนาก อ.บางมูลนาก จ.พิจิตร 66120,เขตพื้นที่การศึกษาพิจิตร เขต 2
บางไผ่ราษฎร์สงเคราะห์,ต.บางไผ่ อ.บางมูลนาก จ.พิจิตร 66120,เขตพื้นที่การศึกษาพิจิตร เขต 2
บำรุงราษฎร์วิทยาคม,ต.หอไกร อ.บางมูลนาก จ.พิจิตร 66120,เขตพื้นที่การศึกษาพิจิตร เขต 2
บำรุงราษฎร์วิทยาคม สาขาบ้านคลองแค,ต.หอไกร อ.บางมูลนาก จ.พิจิตร 66120,เขตพื้นที่การศึกษาพิจิตร เขต 2
บุรพรัตน์วิทยาคาร,ต.ทับคล้อ อ.ทับคล้อ จ.พิจิตร 66150,เขตพื้นที่การศึกษาพิจิตร เขต 2
บางลายพิทยาคม,ต.บางลาย อ.บึงนาราง จ.พิจิตร 66130,เขตพื้นที่การศึกษาพิจิตร เขต 0
บูรณวิทยา,ต.หล่มเก่า อ.หล่มเก่า จ.เพชรบูรณ์ 67120,เขตพื้นที่การศึกษาเพชรบูรณ์ เขต 2
บุญญรักษ์วรานุสรณ์,ต.พุเตย อ.วิเชียรบุรี จ.เพชรบูรณ์ 67180,เขตพื้นที่การศึกษาเพชรบูรณ์ เขต 3
บึงสามพันวิทยาคม,ต.ซับสมอทอด อ.บึงสามพัน จ.เพชรบูรณ์ 67160,เขตพื้นที่การศึกษาเพชรบูรณ์ เขต 3
บุญชิตวิทยา,ต.เบิกไพร อ.บ้านโป่ง จ.ราชบุรี 70110,เขตพื้นที่การศึกษาราชบุรี เขต 2
บางแพปฐมพิทยา,ต.บางแพ อ.บางแพ จ.ราชบุรี 70160,เขตพื้นที่การศึกษาราชบุรี เขต 2
บรมราชินีนาถราชวิทยาลัย,ต.อ่างหิน อ.ปากท่อ จ.ราชบุรี 70140,เขตพื้นที่การศึกษาราชบุรี เขต 1
บวรวิทยาอนุบาล,ต.บ้านเหนือ อ.เมืองกาญจนบุรี จ.กาญจนบุรี 71000,เขตพื้นที่การศึกษากาญจนบุรี เขต 1
บ่อพลอยรัชดาภิเษก,ต.บ่อพลอย อ.บ่อพลอย จ.กาญจนบุรี,เขตพื้นที่การศึกษากาญจนบุรี เขต 2
บรรหารแจ่มใสวิทยา 4,ต.สนามชัย อ.เมืองสุพรรณบุรี จ.สุพรรณบุรี 72000,เขตพื้นที่การศึกษาสุพรรณบุรี เขต 1
บรรหารแจ่มใสวิทยา 7,ต.นางบวช อ.เดิมบางนางบวช จ.สุพรรณบุรี 72120,เขตพื้นที่การศึกษาสุพรรณบุรี เขต 3
บ่อกรุวิทยา,ต.บ่อกรุ อ.เดิมบางนางบวช จ.สุพรรณบุรี 72120,เขตพื้นที่การศึกษาสุพรรณบุรี เขต 9
บรรหารแจ่มใสวิทยา3,ต.ด่านช้าง อ.ด่านช้าง จ.สุพรรณบุรี 72180,เขตพื้นที่การศึกษาสุพรรณบุรี เขต 3
บางปลาม้า(สูงสุมารผดุงวิทย์),ต.โคกคราม อ.บางปลาม้า จ.สุพรรณบุรี 72150,เขตพื้นที่การศึกษาสุพรรณบุรี เขต 1
บรรหารแจ่มใสวิทยา 2,ต.โคกคราม อ.บางปลาม้า จ.สุพรรณบุรี 72150,เขตพื้นที่การศึกษาสุพรรณบุรี เขต 1
บางปลาม้า,ต.ตะค่า อ.บางปลาม้า จ.สุพรรณบุรี 72150,เขตพื้นที่การศึกษาสุพรรณบุรี เขต 1
บางแม่หม้ายรัฐราษฎร์รังสฤษดิ์,ต.บางใหญ่ อ.บางปลาม้า จ.สุพรรณบุรี 72150,เขตพื้นที่การศึกษาสุพรรณบุรี เขต 1
บางแม่หม้าย,ต.บางใหญ่ อ.บางปลาม้า จ.สุพรรณบุรี 72150,เขตพื้นที่การศึกษาสุพรรณบุรี เขต 1
บรรหารแจ่มใสวิทยา1,ต.ดอนเจดีย์ อ.ดอนเจดีย์ จ.สุพรรณบุรี 72170,เขตพื้นที่การศึกษาสุพรรณบุรี เขต 2
บุญศรีสุวรรณราษฎร์สามัคคี,ต.สระกระโจม อ.ดอนเจดีย์ จ.สุพรรณบุรี 72250,เขตพื้นที่การศึกษาสุพรรณบุรี เขต 2
บางลี่วิทยา,ต.สองพี่น้อง อ.สองพี่น้อง จ.สุพรรณบุรี 72110,เขตพื้นที่การศึกษาสุพรรณบุรี เขต 2
บรรหารแจ่มใสวิทยา 5,ต.บางตาเถร อ.สองพี่น้อง จ.สุพรรณบุรี 72110,เขตพื้นที่การศึกษาสุพรรณบุรี เขต 2
บ่อสุพรรณวิทยา,ต.บ่อสุพรรณ อ.สองพี่น้อง จ.สุพรรณบุรี 72190,เขตพื้นที่การศึกษาสุพรรณบุรี เขต 2
บรรหารแจ่มใสวิทยา6,ต.หนองสะเดา อ.สามชุก จ.สุพรรณบุรี 72130,เขตพื้นที่การศึกษาสุพรรณบุรี เขต 3
บำรุงวิทยา,ต.พระปฐมเจดีย์ อ.เมืองนครปฐม จ.นครปฐม 73000,เขตพื้นที่การศึกษานครปฐม เขต 1
บอสโกพิทักษ์,ต.โพรงมะเดื่อ อ.เมืองนครปฐม จ.นครปฐม 73000,เขตพื้นที่การศึกษานครปฐม เขต 1
บางเลนวิทยา,ต.บางเลน อ.บางเลน จ.นครปฐม 73130,เขตพื้นที่การศึกษานครปฐม เขต 2
บางหลวงวิทยา,ต.บางหลวง อ.บางเลน จ.นครปฐม 73190,เขตพื้นที่การศึกษานครปฐม เขต 2
บัวปากท่าวิทยา,ต.บัวปากท่า อ.บางเลน จ.นครปฐม 73130,เขตพื้นที่การศึกษานครปฐม เขต 2
บวรธนวิทย์,ต.สามพราน อ.สามพราน จ.นครปฐม 73110,เขตพื้นที่การศึกษานครปฐม เขต 2
บุณยศรีสวัสดิ์,ต.คลองโยง อ.พุทธมณฑล จ.นครปฐม 73170,เขตพื้นที่การศึกษานครปฐม เขต 2
บางจานวิทยา,ต.บางจาน อ.เมืองเพชรบุรี จ.เพชรบุรี 76000,เขตพื้นที่การศึกษาเพชรบุรี เขต 1
บางตะบูนวิทยา,ต.บางตะบูน อ.บ้านแหลม จ.เพชรบุรี 76110,เขตพื้นที่การศึกษาเพชรบุรี เขต 1
บางสะพานวิทยา,ต.กำเนิดนพคุณ อ.บางสะพาน จ.ประจวบคีรีขันธ์ 77140,เขตพื้นที่การศึกษาประจวบคีรีขันธ์ เขต 10
บางสะพาน,ต.แม่รำพึง อ.บางสะพาน จ.ประจวบคีรีขันธ์ 77140,เขตพื้นที่การศึกษาประจวบคีรีขันธ์ เขต 1
บางสะพานน้อยวิทยาคม,ต.ปากแพรก อ.บางสะพานน้อย จ.ประจวบคีรีขันธ์ 77170,เขตพื้นที่การศึกษาประจวบคีรีขันธ์ เขต 10
บำรุงวิทยา,ต.เกาะเพชร อ.หัวไทร จ.นครศรีธรรมราช 80170,เขตพื้นที่การศึกษานครศรีธรรมราช เขต 3
บางขันวิทยา,ต.บ้านลำนาว อ.บางขัน จ.นครศรีธรรมราช 80360,เขตพื้นที่การศึกษานครศรีธรรมราช เขต 2
บุญสูงอุปถัมภ์,ต.เกาะคอเขา อ.ตะกั่วป่า จ.พังงา 82110,เขตพื้นที่การศึกษาพังงา เขต 1
บุญแสวงวิทยา,ต.ทุ่งมะพร้าว อ.ท้ายเหมือง จ.พังงา 82120,เขตพื้นที่การศึกษาพังงา เขต 1
บางสวรรค์วิทยาคม,ต.บางสวรรค์ อ.พระแสง จ.สุราษฎร์ธานี 84210,เขตพื้นที่การศึกษาสุราษฎร์ธานี เขต 11
บางเดือนสถิตย์พิทยาคม,ต.บางเดือน อ.พุนพิน จ.สุราษฎร์ธานี 84130,เขตพื้นที่การศึกษาสุราษฎร์ธานี เขต 2
บุญสมบูรณ์สศึกษา,ต.บางหมาก อ.เมืองชุมพร จ.ชุมพร 86000,เขตพื้นที่การศึกษาชุมพร เขต 1
บุญยสมบัติวิทยา,ต.นาโพธิ์ อ.สวี จ.ชุมพร 86130,เขตพื้นที่การศึกษาชุมพร เขต 2
บ่อเกดวิจิตรวิทยา,ต.ทุ่งหมอ อ.สะเดา จ.สงขลา 90240,เขตพื้นที่การศึกษาสงขลา เขต 3
บุญเลิศอนุสรณ์,ต.คอหงส์ อ.หาดใหญ่ จ.สงขลา 90110,เขตพื้นที่การศึกษาสงขลา เขต 2
บางกล่ำวิทยา รัชมังคลาภิเษก,ต.บางกล่ำ อ.บางกล่ำ จ.สงขลา 90110,เขตพื้นที่การศึกษาสงขลา เขต 2
บัวหลวง,ต.สทิงหม้อ อ.สิงหนคร จ.สงขลา 90280,เขตพื้นที่การศึกษาสงขลา เขต 1
บุญเหลือเกื้อคง,ต.ทับเที่ยง อ.เมืองตรัง จ.ตรัง 92000,เขตพื้นที่การศึกษาตรัง เขต 1
บูรณะหลือเกื้อคง,อ.เมืองตรัง จ.ตรัง 92000,เขตพื้นที่การศึกษาตรัง เขต 1
บางดีวิทยาคม,ต.บางดี อ.ห้วยยอด จ.ตรัง 92210,เขตพื้นที่การศึกษาตรัง เขต 13
บำรุงอิสลามมูลนิธิ พัทลุง,ต.คลองทรายขาว อ.กงหรา จ.พัทลุง 93180,เขตพื้นที่การศึกษาพัทลุง เขต 1
บางแก้วพิทยาคม,อ.บางแก้ว จ.พัทลุง 93140,เขตพื้นที่การศึกษาพัทลุง เขต 1
บุญมีวิทยา,อ.โคกโพธิ์ จ.ปัตตานี 94120,เขตพื้นที่การศึกษาปัตตานี เขต 2
บากงพิทยา,ต.บางเขา อ.หนองจิก จ.ปัตตานี 94170,เขตพื้นที่การศึกษาปัตตานี เขต 1
บันนังสตาวิทยา,ต.บันนังสตา อ.บันนังสตา จ.ยะลา 95130,เขตพื้นที่การศึกษายะลา เขต 15
บันนังสตาอินทรฉัตรมิตรภาพที่ 200 ที่ระลึก ส.ร.อ,อ.บันนังสตา จ.ยะลา 95130,เขตพื้นที่การศึกษายะลา เขต 2
บางนราวิทยา,อ.เมืองนราธิวาส จ.นราธิวาส 96000,เขตพื้นที่การศึกษานราธิวาส เขต 1
บาเจาะ,อ.บาเจาะ จ.นราธิวาส 96170,เขตพื้นที่การศึกษานราธิวาส เขต 1
บุญยลาภนฤมิต,อ.สุไหงโก-ลก จ.นราธิวาส 96120,เขตพื้นที่การศึกษานราธิวาส เขต 2
บูกิตประชาอุปถัมภ์,อ.เจาะไอร้อง จ.นราธิวาส 96130,เขตพื้นที่การศึกษานราธิวาส เขต 2
บุ่งคล้านคร,ต.บุ่งคล้า อ.บุ่งคล้า จ.บึงกาฬ 38000,เขตพื้นที่การศึกษาบึงกาฬ เขต 21