โยนออฟอาร์ค,แขวงวชิรพยาบาล เขตดุสิต กรุงเทพมหานคร 10300,เขตพื้นที่การศึกษากรุงเทพมหานคร เขต 1
โยนออฟอาร์คอนุบาล,แขวงวชิรพยาบาล เขตดุสิต กรุงเทพมหานคร 10300,เขตพื้นที่การศึกษากรุงเทพมหานคร เขต 1
โยธินบูรณะ,แขวงถนนนครไชยศรี เขตดุสิต กรุงเทพมหานคร 10300,เขตพื้นที่การศึกษากรุงเทพมหานคร เขต 1
โพธิสารพิทยากร,แขวงบางระมาด เขตตลิ่งชัน กรุงเทพมหานคร 10170,เขตพื้นที่การศึกษากรุงเทพมหานคร เขต 3
โฆสิตสโมสร,แขวงศิริราช เขตบางกอกน้อย กรุงเทพมหานคร 10700,เขตพื้นที่การศึกษากรุงเทพมหานคร เขต 3
โรจนนิมิต แผนกมัธยม,แขวงบางปะกอก เขตราษฎร์บูรณะ กรุงเทพมหานคร 10140,เขตพื้นที่การศึกษากรุงเทพมหานคร เขต 3
โสมาภา,แขวงคลองกุ่ม เขตบึงกุ่ม กรุงเทพมหานคร 10240,เขตพื้นที่การศึกษากรุงเทพมหานคร เขต 2
โกศลวิทยา,แขวงยานนาวา เขตสาทร กรุงเทพมหานคร 10120,เขตพื้นที่การศึกษากรุงเทพมหานคร เขต 1
โยธินบูรณะ2(สุวรรณสุทธาราม),แขวงบางซื่อ เขตบางซื่อ กรุงเทพมหานคร 10800,เขตพื้นที่การศึกษากรุงเทพมหานคร เขต 0
โรงเรียนโยธินบูรณะ2(สุวรรณสุทธาราม),แขวงบางซื่อ เขตบางซื่อ กรุงเทพมหานคร 10800,เขตพื้นที่การศึกษากรุงเทพมหานคร เขต 1
โรจน์เสรีอนุสรณ์,แขวงคลองตัน เขตคลองเตย กรุงเทพมหานคร 10110,เขตพื้นที่การศึกษากรุงเทพมหานคร เขต 1
โกวิทธำรง,แขวงมักกะสัน เขตราชเทวี กรุงเทพมหานคร 10400,เขตพื้นที่การศึกษากรุงเทพมหานคร เขต 1
โสมาภานุสสรณ์,แขวงสะพานสูง เขตสะพานสูง กรุงเทพมหานคร 10240,เขตพื้นที่การศึกษากรุงเทพมหานคร เขต 2
โชติกาญจน์,แขวงทวีวัฒนา เขตทวีวัฒนา กรุงเทพมหานคร 10170,เขตพื้นที่การศึกษากรุงเทพมหานคร เขต 3
โรงเรียนคลองเสาธง,ต.บางปูใหม่ อ.เมืองสมุทรปราการ จ.สมุทรปราการ 10280,เขตพื้นที่การศึกษาสมุทรปราการ เขต 1
โพธินิมิตวิทยาคม,ต.บางพูด อ.ปากเกร็ด จ.นนทบุรี 11120,เขตพื้นที่การศึกษานนทบุรี เขต 3
โรงเรียนนครรังสิต เปรมปรีดิ์,ต.ประชาธิปัตย์ อ.ธัญบุรี จ.ปทุมธานี 12130,เขตพื้นที่การศึกษาปทุมธานี เขต 1
โรงเรียนวัดบัวขวัญ,ต.ลาดหลุมแก้ว อ.ลาดหลุมแก้ว จ.ปทุมธานี 12140,เขตพื้นที่การศึกษาปทุมธานี เขต 1
โรงเรียนวัดพนัญเชิง(ไตรรัตนนายก),ต.คลองสวนพลู อ.พระนครศรีอยุธยา จ.พระนครศรีอยุธยา 13000,เขตพื้นที่การศึกษาพระนครศรีอยุธยา เขต 1
โรงเรียนอนุบาลศูนย์ศิลปาชีพบางไทรฯ,ต.ช้างใหญ่ อ.บางไทร จ.พระนครศรีอยุธยา 13290,เขตพื้นที่การศึกษาพระนครศรีอยุธยา เขต 2
โคกตาพรหม,ต.เต่าเล่า อ.บางซ้าย จ.พระนครศรีอยุธยา 13270,เขตพื้นที่การศึกษาพระนครศรีอยุธยา เขต 2
โพธิ์ราษฎร์บำรุง,ต.สองห้อง อ.บ้านแพรก จ.พระนครศรีอยุธยา 13240,เขตพื้นที่การศึกษาพระนครศรีอยุธยา เขต 1
โรงเรียนอนุบาลวัดอ่างทอง,ต.บางแก้ว อ.เมืองอ่างทอง จ.อ่างทอง 14000,เขตพื้นที่การศึกษาอ่างทอง เขต 1
โยธินบูรณะ อ่างทอง,ต.จำปาหล่อ อ.เมืองอ่างทอง จ.อ่างทอง 14000,เขตพื้นที่การศึกษาอ่างทอง เขต 5
โพธิ์ทอง(จินดามณี),ต.อ่างแก้ว อ.โพธิ์ทอง จ.อ่างทอง 14120,เขตพื้นที่การศึกษาอ่างทอง เขต 1
โพธิ์ทองพิทยาคม,ต.โคกพุทรา อ.โพธิ์ทอง จ.อ่างทอง 14120,เขตพื้นที่การศึกษาอ่างทอง เขต 1
โกษานุสรณ์,ต.ทะเลชุบศร อ.เมืองลพบุรี จ.ลพบุรี 15000,เขตพื้นที่การศึกษาลพบุรี เขต 1
โคกกะเทียมวิทยาลัย,ต.เขาพระงาม อ.เมืองลพบุรี จ.ลพบุรี 15160,เขตพื้นที่การศึกษาลพบุรี เขต 5
โรงพยาบาลอานันทมหิดล,ต.เขาสามยอด อ.เมืองลพบุรี จ.ลพบุรี 15000,เขตพื้นที่การศึกษาลพบุรี เขต 1
โคกลำพานวิทยา,ต.โคกลำพาน อ.เมืองลพบุรี จ.ลพบุรี 15000,เขตพื้นที่การศึกษาลพบุรี เขต 1
โคกตูมวิทยา,ต.โคกตูม อ.เมืองลพบุรี จ.ลพบุรี 15210,เขตพื้นที่การศึกษาลพบุรี เขต 1
โคกสลุงวิทยา,ต.โคกสลุง อ.พัฒนานิคม จ.ลพบุรี 15140,เขตพื้นที่การศึกษาลพบุรี เขต 2
โคกสำโรง,ต.โคกสำโรง อ.โคกสำโรง จ.ลพบุรี 15120,เขตพื้นที่การศึกษาลพบุรี เขต 1
โคกสำโรงวิทยา,ต.คลองเกตุ อ.โคกสำโรง จ.ลพบุรี 15120,เขตพื้นที่การศึกษาลพบุรี เขต 1
โพธิ์นิมิตร,ต.ศิลาทิพย์ อ.ชัยบาดาล จ.ลพบุรี 15130,เขตพื้นที่การศึกษาลพบุรี เขต 2
โสตศึกษาปานเลิศจังหวัดลพบุรี,ต.บางกะพี้ อ.บ้านหมี่ จ.ลพบุรี 15110,เขตพื้นที่การศึกษาลพบุรี เขต 1
โคกเจริญวิทยา,ต.โคกเจริญ อ.โคกเจริญ จ.ลพบุรี 15250,เขตพื้นที่การศึกษาลพบุรี เขต 2
โพธิรัตน์วรานุสรณ์,อ.เมืองสิงห์บุรี จ.สิงห์บุรี 16000,เขตพื้นที่การศึกษาสิงห์บุรี เขต 1
โคกมะขามจั่นเสือสามัคคี,ต.ตลาดน้อย อ.บ้านหมอ จ.สระบุรี 18130,เขตพื้นที่การศึกษาสระบุรี เขต 1
โคกกระท้อนกิตติวุฒิวิทยา,ต.งิ้วงาม อ.เสาไห้ จ.สระบุรี 18160,เขตพื้นที่การศึกษาสระบุรี เขต 4
โรงเรียนบ้านโรงหีบ,ต.ตะเคียนเตี้ย อ.บางละมุง จ.ชลบุรี 20150,เขตพื้นที่การศึกษาชลบุรี เขต 3
โพธิสัมพันธ์พิทยาคาร,ต.นาเกลือ อ.บางละมุง จ.ชลบุรี 20150,เขตพื้นที่การศึกษาชลบุรี เขต 3
โป่งน้ำร้อนวิทยาคม,ต.ทับไทร อ.โป่งน้ำร้อน จ.จันทบุรี 22140,เขตพื้นที่การศึกษาจันทบุรี เขต 2
โฆวินทะ,ต.ปะตง อ.สอยดาว จ.จันทบุรี 22180,เขตพื้นที่การศึกษาจันทบุรี เขต 2
โรงเรียนวัดไชยธารา,ต.คลองอุดมชลจร อ.เมืองฉะเชิงเทรา จ.ฉะเชิงเทรา 24000,เขตพื้นที่การศึกษาฉะเชิงเทรา เขต 1
โสภณประชาเทวารุทธารักษ์,ต.คลองเขื่อน อ.คลองเขื่อน จ.ฉะเชิงเทรา 24000,เขตพื้นที่การศึกษาฉะเชิงเทรา เขต 2
โชติพิทยาการ,ต.ดงพระราม อ.เมืองปราจีนบุรี จ.ปราจีนบุรี 25000,เขตพื้นที่การศึกษาปราจีนบุรี เขต 1
โรงเรียนบ้านท่าตูม,ต.ท่าตูม อ.ศรีมหาโพธิ จ.ปราจีนบุรี 25140,เขตพื้นที่การศึกษาปราจีนบุรี เขต 1
โพธิวัฒน์พิทยา,ต.ศรีนาวา อ.เมืองนครนายก จ.นครนายก ๒๖๐๐๐,เขตพื้นที่การศึกษานครนายก เขต 1
โรงเรียนบ้านกุดเวียน,ต.ตาพระยา อ.ตาพระยา จ.สระแก้ว 27180,เขตพื้นที่การศึกษาสระแก้ว เขต 2
โคราชพิทยาคม,ต.ในเมือง อ.เมืองนครราชสีมา จ.นครราชสีมา 30000,เขตพื้นที่การศึกษานครราชสีมา เขต 1
โคราขวิทยา,ต.ในเมือง อ.เมืองนครราชสีมา จ.นครราชสีมา 30000,เขตพื้นที่การศึกษานครราชสีมา เขต 1
โพธิ์พรรณวิทยา,ต.ในเมือง อ.เมืองนครราชสีมา จ.นครราชสีมา 30000,เขตพื้นที่การศึกษานครราชสีมา เขต 1
โคกเพชรสระมโนรา,ต.โคกกรวด อ.เมืองนครราชสีมา จ.นครราชสีมา 30280,เขตพื้นที่การศึกษานครราชสีมา เขต 1
โนนสมบูรณ์วิทยา,ต.โนนสมบูรณ์ อ.เสิงสาง จ.นครราชสีมา 30330,เขตพื้นที่การศึกษานครราชสีมา เขต 31
โชคชัยสามัคคี,ต.โชคชัย อ.โชคชัย จ.นครราชสีมา 30190,เขตพื้นที่การศึกษานครราชสีมา เขต 2
โชคชัยพรหมบุตรบริหาร,ต.โชคชัย อ.โชคชัย จ.นครราชสีมา 30190,เขตพื้นที่การศึกษานครราชสีมา เขต 2
โรงเรียนบ้านหลุง(ใหม่บุรพาคม),ต.สระจรเข้ อ.ด่านขุนทด จ.นครราชสีมา 30210,เขตพื้นที่การศึกษานครราชสีมา เขต 5
โนนไทยคุรุอุปถัมภ์,ต.โนนไทย อ.โนนไทย จ.นครราชสีมา 30000,เขตพื้นที่การศึกษานครราชสีมา เขต 5
โนนไทย,ต.โนนไทย อ.โนนไทย จ.นครราชสีมา 30220,เขตพื้นที่การศึกษานครราชสีมา เขต 5
โนนไทยคุรุอุปถัมป์ 2,ต.สำโรง อ.โนนไทย จ.นครราชสีมา 30220,เขตพื้นที่การศึกษานครราชสีมา เขต 5
โนนสูงศรีธานี,ต.โนนสูง อ.โนนสูง จ.นครราชสีมา 30160,เขตพื้นที่การศึกษานครราชสีมา เขต 1
โพธารามพิทยาคม,ต.ใหม่ อ.โนนสูง จ.นครราชสีมา 30160,เขตพื้นที่การศึกษานครราชสีมา เขต 1
โตนดพิทยาคม,ต.โตนด อ.โนนสูง จ.นครราชสีมา 30160,เขตพื้นที่การศึกษานครราชสีมา เขต 1
โนนเพ็ดวิทยา,ต.โนนเพ็ด อ.ประทาย จ.นครราชสีมา 30180,เขตพื้นที่การศึกษานครราชสีมา เขต 7
โรงเรียนบ้านหนองห่าง,ต.โนนเพ็ด อ.ประทาย จ.นครราชสีมา 30180,เขตพื้นที่การศึกษานครราชสีมา เขต 7
โพธิ์ทองวิทยา,ต.เมืองปัก อ.ปักธงชัย จ.นครราชสีมา 30000,เขตพื้นที่การศึกษานครราชสีมา เขต 3
โรงเรียนบ้านกระเบื้องใหญ่,ต.กระเบื้องใหญ่ อ.พิมาย จ.นครราชสีมา 30110,เขตพื้นที่การศึกษานครราชสีมา เขต 7
โนนขุยสามัคคี,ต.หนองหลัก อ.ชุมพวง จ.นครราชสีมา 30270,เขตพื้นที่การศึกษานครราชสีมา เขต 7
โนนตูม(รัฐราษฎร์รังสรรค์),ต.โนนตูม อ.ชุมพวง จ.นครราชสีมา 30270,เขตพื้นที่การศึกษานครราชสีมา เขต 7
โนนค่าวิทยา,ต.โนนค่า อ.สูงเนิน จ.นครราชสีมา 30170,เขตพื้นที่การศึกษานครราชสีมา เขต 4
โนนกราดสามัคคี,ต.หนองหญ้าขาว อ.สีคิ้ว จ.นครราชสีมา 30140,เขตพื้นที่การศึกษานครราชสีมา เขต 4
โรงเรียนบ้านเจริญผล,ต.มาบกราด อ.พระทองคำ จ.นครราชสีมา 30220,เขตพื้นที่การศึกษานครราชสีมา เขต 5
โนนตาวิทย์,ต.ท่าช้าง อ.เฉลิมพระเกียรติ จ.นครราชสีมา 30230,เขตพื้นที่การศึกษานครราชสีมา เขต 2
โคกวังวนวิทยา,ต.หนองยาง อ.เฉลิมพระเกียรติ จ.นครราชสีมา 30230,เขตพื้นที่การศึกษานครราชสีมา เขต 2
โสภณวรวัฒน์วิทยา,ต.เสม็ด อ.เมืองบุรีรัมย์ จ.บุรีรัมย์ 31000,เขตพื้นที่การศึกษาบุรีรัมย์ เขต 1
โนนเจริญพิทยาคม,ต.โนนเจริญ อ.บ้านกรวด จ.บุรีรัมย์ 31180,เขตพื้นที่การศึกษาบุรีรัมย์ เขต 2
โรงเรียนบ้านทุ่งจังหัน,ต.ทุ่งจังหัน อ.โนนสุวรรณ จ.บุรีรัมย์ 31110,เขตพื้นที่การศึกษาบุรีรัมย์ เขต 3
โนนสุวรรณพิทยาคม,ต.โกรกแก้ว อ.โนนสุวรรณ จ.บุรีรัมย์ 31110,เขตพื้นที่การศึกษาบุรีรัมย์ เขต 3
โนนสวรรค์วิทยา,ต.บ้านด่าน อ.บ้านด่าน จ.บุรีรัมย์ 31000,เขตพื้นที่การศึกษาบุรีรัมย์ เขต 1
โชคเพชรพิทยา,ต.คอโค อ.เมืองสุรินทร์ จ.สุรินทร์ 32000,เขตพื้นที่การศึกษาสุรินทร์ เขต 1
โพนทองพิทยาคม,ต.ชุมพลบุรี อ.ชุมพลบุรี จ.สุรินทร์ 32140,เขตพื้นที่การศึกษาสุรินทร์ เขต 2
โนนแท่นพิทยาคม,ต.โพนครก อ.ท่าตูม จ.สุรินทร์ 32120,เขตพื้นที่การศึกษาสุรินทร์ เขต 2
โรงเรียนบ้านสำโรง,ต.โพนครก อ.ท่าตูม จ.สุรินทร์ 32120,เขตพื้นที่การศึกษาสุรินทร์ เขต 2
โคกยางวิทยา,ต.โคกยาง อ.ปราสาท จ.สุรินทร์ 32140,เขตพื้นที่การศึกษาสุรินทร์ เขต 3
โคกตะเคียนวิทยา,ต.โคกตะเคียน อ.กาบเชิง จ.สุรินทร์ 32210,เขตพื้นที่การศึกษาสุรินทร์ เขต 3
โรงเรียนบ้านขะเนก,ต.หนองขวาว อ.ศีขรภูมิ จ.สุรินทร์ 32110,เขตพื้นที่การศึกษาสุรินทร์ เขต 1
โอ้วกวง,ต.หนองไผ่ล้อม อ.สำโรงทาบ จ.สุรินทร์ 32170,เขตพื้นที่การศึกษาสุรินทร์ เขต 1
โนนนารายณ์วิทยา,ต.หนองหลวง อ.โนนนารายณ์ จ.สุรินทร์ 32130,เขตพื้นที่การศึกษาสุรินทร์ เขต 2
โนนเทพ,ต.หนองเทพ อ.โนนนารายณ์ จ.สุรินทร์ 32130,เขตพื้นที่การศึกษาสุรินทร์ เขต 2
โนนปูนวิทยาคม,ต.โนนปูน อ.ไพรบึง จ.ศรีสะเกษ 33180,เขตพื้นที่การศึกษาศรีสะเกษ เขต 3
โนนกระสังวิทยาคม,ต.สมอ อ.ปรางค์กู่ จ.ศรีสะเกษ 33170,เขตพื้นที่การศึกษาศรีสะเกษ เขต 3
โพธิ์วงษ์วิทยา,ต.โพธิ์วงศ์ อ.ขุนหาญ จ.ศรีสะเกษ 33150,เขตพื้นที่การศึกษาศรีสะเกษ เขต 4
โคกหล่ามวิทยา,ต.โคกหล่าม อ.อุทุมพรพิสัย จ.ศรีสะเกษ 33120,เขตพื้นที่การศึกษาศรีสะเกษ เขต 28
โนนค้อวิทยาคม,ต.โนนค้อ อ.โนนคูณ จ.ศรีสะเกษ 33250,เขตพื้นที่การศึกษาศรีสะเกษ เขต 1
โคกสะอาดวิทยาคม,ต.หนองกุง อ.โนนคูณ จ.ศรีสะเกษ 33250,เขตพื้นที่การศึกษาศรีสะเกษ เขต 1
โชติพันธุ์วิทยาสามัคคี,ต.ศรีโนนงาม อ.ศรีรัตนะ จ.ศรีสะเกษ 33240,เขตพื้นที่การศึกษาศรีสะเกษ เขต 4
โพธิ์ธาตุประชาสรรค์,ต.ธาตุ อ.วังหิน จ.ศรีสะเกษ 33270,เขตพื้นที่การศึกษาศรีสะเกษ เขต 1
โนนเพ็กวิทยาคม,ต.หนองค้า อ.พยุห์ จ.ศรีสะเกษ 33230,เขตพื้นที่การศึกษาศรีสะเกษ เขต 28
โพธิ์ศรีสุวรรณวิทยาคม,ต.ผือใหญ่ อ.โพธิ์ศรีสุวรรณ จ.ศรีสะเกษ 33120,เขตพื้นที่การศึกษาศรีสะเกษ เขต 2
โรงเรียนบ้านหัวคำ,ต.ขามใหญ่ อ.เมืองอุบลราชธานี จ.อุบลราชธานี 34000,เขตพื้นที่การศึกษาอุบลราชธานี เขต 1
โขงเจียมวิทยาคม,ต.โขงเจียม อ.โขงเจียม จ.อุบลราชธานี 34220,เขตพื้นที่การศึกษาอุบลราชธานี เขต 3
โดมประดิษฐ์วิทยา,ต.โดมประดิษฐ์ อ.น้ำยืน จ.อุบลราชธานี 34260,เขตพื้นที่การศึกษาอุบลราชธานี เขต 5
โนนสูงโนนโฮมวิทยา,ต.เก่าขาม อ.น้ำยืน จ.อุบลราชธานี 34260,เขตพื้นที่การศึกษาอุบลราชธานี เขต 5
โนนกุงวิทยาคม,ต.โนนกุง อ.ตระการพืชผล จ.อุบลราชธานี 34130,เขตพื้นที่การศึกษาอุบลราชธานี เขต 2
โนนสวางประชาสรรค์,ต.โนนสวาง อ.กุดข้าวปุ้น จ.อุบลราชธานี 34270,เขตพื้นที่การศึกษาอุบลราชธานี เขต 2
โนนกลางวิทยาคม,ต.โนนกลาง อ.พิบูลมังสาหาร จ.อุบลราชธานี 34110,เขตพื้นที่การศึกษาอุบลราชธานี เขต 0
โพธิ์ไทรพิทยาคาร,ต.โพธิ์ไทร อ.โพธิ์ไทร จ.อุบลราชธานี 34340,เขตพื้นที่การศึกษาอุบลราชธานี เขต 2
โคกสว่างคุ้มวิทยานุสรณ์,ต.โคกสว่าง อ.สำโรง จ.อุบลราชธานี 34360,เขตพื้นที่การศึกษาอุบลราชธานี เขต 4
โรงเรียนวัดศรีอุดม,ต.นิคมลำโดมน้อย อ.สิรินธร จ.อุบลราชธานี 34350,เขตพื้นที่การศึกษาอุบลราชธานี เขต 3
โรงเรียนบ้านหินลาด,ต.นาเรือง อ.นาเยีย จ.อุบลราชธานี 34160,เขตพื้นที่การศึกษาอุบลราชธานี เขต 4
โพนงามพิทยาคาร,ต.โพนงาม อ.กุดชุม จ.ยโสธร 35140,เขตพื้นที่การศึกษายโสธร เขต 2
โพนทันเจริญวิทย์,ต.โพนทัน อ.คำเขื่อนแก้ว จ.ยโสธร 35110,เขตพื้นที่การศึกษายโสธร เขต 1
โซงเหล่าโป่วิทยา,ต.ทุ่งมน อ.คำเขื่อนแก้ว จ.ยโสธร 35110,เขตพื้นที่การศึกษายโสธร เขต 1
โพนทองพิทยา,ต.โพนทอง อ.เมืองชัยภูมิ จ.ชัยภูมิ,เขตพื้นที่การศึกษาชัยภูมิ เขต 1
โค้งน้ำตับวิทยาคาร,ต.บ้านค่าย อ.เมืองชัยภูมิ จ.ชัยภูมิ 36240,เขตพื้นที่การศึกษาชัยภูมิ เขต 1
โนนโพธิ์บะก่ามวิทยา,ต.กุดตุ้ม อ.เมืองชัยภูมิ จ.ชัยภูมิ 36000,เขตพื้นที่การศึกษาชัยภูมิ เขต 1
โนนหว้านไพล,ต.ชีลอง อ.เมืองชัยภูมิ จ.ชัยภูมิ 36000,เขตพื้นที่การศึกษาชัยภูมิ เขต 1
โป่งเกตรัฐราษฎร์นุเคราะห์,ต.ชีลอง อ.เมืองชัยภูมิ จ.ชัยภูมิ 36000,เขตพื้นที่การศึกษาชัยภูมิ เขต 1
โนนหญ้าคาหนองสระพิทยาคม,ต.หนองไผ่ อ.เมืองชัยภูมิ จ.ชัยภูมิ 36240,เขตพื้นที่การศึกษาชัยภูมิ เขต 1
โนนสำราญวิทยา,ต.โนนสำราญ อ.เมืองชัยภูมิ จ.ชัยภูมิ 36240,เขตพื้นที่การศึกษาชัยภูมิ เขต 1
โคกสูงราษฎร์สามัคคี,ต.โคกสูง อ.เมืองชัยภูมิ จ.ชัยภูมิ 36000,เขตพื้นที่การศึกษาชัยภูมิ เขต 1
โสกตลับราษฎร์อุทิศ,ต.โคกสูง อ.เมืองชัยภูมิ จ.ชัยภูมิ 36000,เขตพื้นที่การศึกษาชัยภูมิ เขต 1
โคกน้อยวิทยา,ต.ตลาดแร้ง อ.บ้านเขว้า จ.ชัยภูมิ 36170,เขตพื้นที่การศึกษาชัยภูมิ เขต 1
โนนน้อยแผ่นดินทอง,ต.ลุ่มลำชี อ.บ้านเขว้า จ.ชัยภูมิ 36170,เขตพื้นที่การศึกษาชัยภูมิ เขต 1
โนนเขวาประสิทธิ์ศิลป์,ต.ยางหวาย อ.คอนสวรรค์ จ.ชัยภูมิ 36140,เขตพื้นที่การศึกษาชัยภูมิ เขต 1
โนนสะอาดวิทยา,ต.โนนสะอาด อ.คอนสวรรค์ จ.ชัยภูมิ 36140,เขตพื้นที่การศึกษาชัยภูมิ เขต 1
โนนกอกวิทยา,ต.โนนกอก อ.เกษตรสมบูรณ์ จ.ชัยภูมิ 36120,เขตพื้นที่การศึกษาชัยภูมิ เขต 2
โรงเรียนบ้านสารจอด,ต.หนองโพนงาม อ.เกษตรสมบูรณ์ จ.ชัยภูมิ 36120,เขตพื้นที่การศึกษาชัยภูมิ เขต 2
โนนคร้อวิทยา,ต.บ้านขาม อ.จัตุรัส จ.ชัยภูมิ 36130,เขตพื้นที่การศึกษาชัยภูมิ เขต 3
โคกเริงรมย์ศิลปาคาร,ต.โคกเริงรมย์ อ.บำเหน็จณรงค์ จ.ชัยภูมิ 36160,เขตพื้นที่การศึกษาชัยภูมิ เขต 3
โคกหินตั้งศึกษาศิลป์,ต.โคกเริงรมย์ อ.บำเหน็จณรงค์ จ.ชัยภูมิ 36130,เขตพื้นที่การศึกษาชัยภูมิ เขต 3
โคกเพชรวิทยาคาร,ต.โคกเพชรพัฒนา อ.บำเหน็จณรงค์ จ.ชัยภูมิ 36160,เขตพื้นที่การศึกษาชัยภูมิ เขต 3
โคกสำราญราษฎร์อำนวย,ต.โคกเพชรพัฒนา อ.บำเหน็จณรงค์ จ.ชัยภูมิ 36160,เขตพื้นที่การศึกษาชัยภูมิ เขต 3
โป่งขุนเพชร,ต.โคกสะอาด อ.หนองบัวระเหว จ.ชัยภูมิ 36250,เขตพื้นที่การศึกษาชัยภูมิ เขต 3
โป่งนกประชาสามัคคี,ต.โป่งนก อ.เทพสถิต จ.ชัยภูมิ 36230,เขตพื้นที่การศึกษาชัยภูมิ เขต 3
โคกสะอาดวิทยา,ต.โคกสะอาด อ.ภูเขียว จ.ชัยภูมิ 36110,เขตพื้นที่การศึกษาชัยภูมิ เขต 2
โนนเสลาประสาทวิทย์,ต.หนองตูม อ.ภูเขียว จ.ชัยภูมิ 36110,เขตพื้นที่การศึกษาชัยภูมิ เขต 2
โนนเสลาประสาทวิทย์ สาขาประชาสามัคคี,ต.หนองตูม อ.ภูเขียว จ.ชัยภูมิ 36110,เขตพื้นที่การศึกษาชัยภูมิ เขต 2
โคกสะอาดศึกษา,ต.สามสวน อ.บ้านแท่น จ.ชัยภูมิ 36190,เขตพื้นที่การศึกษาชัยภูมิ เขต 2
โคกม่วงศึกษา,ต.หนองสังข์ อ.แก้งคร้อ จ.ชัยภูมิ 36150,เขตพื้นที่การศึกษาชัยภูมิ เขต 2
โนนศิลาเหล่าเกษตร,ต.หลุบคา อ.แก้งคร้อ จ.ชัยภูมิ 36150,เขตพื้นที่การศึกษาชัยภูมิ เขต 2
โนนคูณวิทยาคาร รัชมังคลาภิเษก,ต.โนนคูณ อ.คอนสาร จ.ชัยภูมิ 36180,เขตพื้นที่การศึกษาชัยภูมิ เขต 30
โคกศรีหนองคลอง,ต.ไก่คำ อ.เมืองอำนาจเจริญ จ.อำนาจเจริญ 37000,เขตพื้นที่การศึกษาอำนาจเจริญ เขต 1
โพธิ์ศิลานาหว้า,ต.โนนโพธิ์ อ.เมืองอำนาจเจริญ จ.อำนาจเจริญ,เขตพื้นที่การศึกษาอำนาจเจริญ เขต 1
โสกโดนคำไหลคำเตย,ต.โนนหนามแท่ง อ.เมืองอำนาจเจริญ จ.อำนาจเจริญ 37000,เขตพื้นที่การศึกษาอำนาจเจริญ เขต 1
โนนสูงโคกกลาง,ต.ไม้กลอน อ.พนา จ.อำนาจเจริญ 37180,เขตพื้นที่การศึกษาอำนาจเจริญ เขต 1
โคกชาดกลางท่าโพธิ์,ต.คำพระ อ.หัวตะพาน จ.อำนาจเจริญ 37240,เขตพื้นที่การศึกษาอำนาจเจริญ เขต 1
โพธิ์ศรีสะอาดวิทยา,ต.กุดจิก อ.เมืองหนองบัวลำภู จ.หนองบัวลำภู 39000,เขตพื้นที่การศึกษาหนองบัวลำภู เขต 1
โนนสังวิทยาสรรค์,ต.โนนสัง อ.โนนสัง จ.หนองบัวลำภู 39140,เขตพื้นที่การศึกษาหนองบัวลำภู เขต 1
โนนสังวิทยาคาร,ต.โนนสัง อ.โนนสัง จ.หนองบัวลำภู 39140,เขตพื้นที่การศึกษาหนองบัวลำภู เขต 19
โนนเมืองวิทยาคาร,ต.โนนเมือง อ.โนนสัง จ.หนองบัวลำภู 39140,เขตพื้นที่การศึกษาหนองบัวลำภู เขต 1
โคกม่วงประชาสรรค์,ต.โคกม่วง อ.โนนสัง จ.หนองบัวลำภู 39140,เขตพื้นที่การศึกษาหนองบัวลำภู เขต 1
โคกม่วงทองวิทยา,ต.นากอก อ.ศรีบุญเรือง จ.หนองบัวลำภู 39180,เขตพื้นที่การศึกษาหนองบัวลำภู เขต 1
โนนคูณวิทยา,ต.โนนสะอาด อ.ศรีบุญเรือง จ.หนองบัวลำภู 39180,เขตพื้นที่การศึกษาหนองบัวลำภู เขต 1
โนนสะอาด,ต.โนนสะอาด อ.ศรีบุญเรือง จ.หนองบัวลำภู 39180,เขตพื้นที่การศึกษาหนองบัวลำภู เขต 1
โนนสงวนสิบเก้าโปร่งวิทยา,ต.โนนม่วง อ.ศรีบุญเรือง จ.หนองบัวลำภู 39180,เขตพื้นที่การศึกษาหนองบัวลำภู เขต 1
โนนข่าประชาสรรค์,ต.หันนางาม อ.ศรีบุญเรือง จ.หนองบัวลำภู 39180,เขตพื้นที่การศึกษาหนองบัวลำภู เขต 1
โนนปอแดงวิทยา,ต.บ้านโคก อ.สุวรรณคูหา จ.หนองบัวลำภู 39270,เขตพื้นที่การศึกษาหนองบัวลำภู เขต 2
โนนมะค่าพรมนุสรณ์ราษฎร์บำรุง,ต.บ้านโคก อ.สุวรรณคูหา จ.หนองบัวลำภู 39270,เขตพื้นที่การศึกษาหนองบัวลำภู เขต 2
โนนอุดมศึกษา,ต.บ้านโคก อ.สุวรรณคูหา จ.หนองบัวลำภู 39270,เขตพื้นที่การศึกษาหนองบัวลำภู เขต 2
โนนสง่าราษฎร์บำรุง,ต.ดงมะไฟ อ.สุวรรณคูหา จ.หนองบัวลำภู 39270,เขตพื้นที่การศึกษาหนองบัวลำภู เขต 2
โรงเรียนเทศบาลบ้านสามเหลี่ยม,ต.ในเมือง อ.เมืองขอนแก่น จ.ขอนแก่น 40000,เขตพื้นที่การศึกษาขอนแก่น เขต 1
โคกสีพิทยาสรรพ์,ต.โคกสี อ.เมืองขอนแก่น จ.ขอนแก่น 40000,เขตพื้นที่การศึกษาขอนแก่น เขต 1
โนนฆ้องวิทยาคาร,ต.โนนฆ้อง อ.บ้านฝาง จ.ขอนแก่น 40270,เขตพื้นที่การศึกษาขอนแก่น เขต 1
โคกใหญ่ประชารัฐวิทยา,ต.บ้านฝาง อ.บ้านฝาง จ.ขอนแก่น 40270,เขตพื้นที่การศึกษาขอนแก่น เขต 1
โคกงามวิทยาคาร,ต.โคกงาม อ.บ้านฝาง จ.ขอนแก่น 40270,เขตพื้นที่การศึกษาขอนแก่น เขต 1
โนนสะอาดพิทยา,ต.โนนสะอาด อ.หนองเรือ จ.ขอนแก่น 40210,เขตพื้นที่การศึกษาขอนแก่น เขต 5
โนนฟันเรือบะยาววิทยา,ต.กุดกว้าง อ.หนองเรือ จ.ขอนแก่น 40210,เขตพื้นที่การศึกษาขอนแก่น เขต 5
โพธิ์ตากวิทยา,ต.บ้านผือ อ.หนองเรือ จ.ขอนแก่น 40240,เขตพื้นที่การศึกษาขอนแก่น เขต 5
โคกสูงสว่าง(ราษฎร์บูรณะ),ต.ชุมแพ อ.ชุมแพ จ.ขอนแก่น 40130,เขตพื้นที่การศึกษาขอนแก่น เขต 5
โคกม่วงศึกษา,ต.ขัวเรียง อ.ชุมแพ จ.ขอนแก่น 40130,เขตพื้นที่การศึกษาขอนแก่น เขต 5
โนนหันวิทยายน,ต.โนนสะอาด อ.ชุมแพ จ.ขอนแก่น 40290,เขตพื้นที่การศึกษาขอนแก่น เขต 5
โคกสูงสำราญ,ต.หนองไผ่ อ.ชุมแพ จ.ขอนแก่น 40130,เขตพื้นที่การศึกษาขอนแก่น เขต 5
โนนงามศึกษา,ต.นาเพียง อ.ชุมแพ จ.ขอนแก่น 40130,เขตพื้นที่การศึกษาขอนแก่น เขต 5
โนนสำราญหนองหญ้าขาว,ต.นาจาน อ.สีชมพู จ.ขอนแก่น 40220,เขตพื้นที่การศึกษาขอนแก่น เขต 5
โสกเต็นวิทยาคม,ต.หนองแดง อ.สีชมพู จ.ขอนแก่น 40220,เขตพื้นที่การศึกษาขอนแก่น เขต 5
โคกสูงประชาสรรพ์,ต.น้ำพอง อ.น้ำพอง จ.ขอนแก่น 40140,เขตพื้นที่การศึกษาขอนแก่น เขต 4
โคกสูงกุดน้ำใส,ต.น้ำพอง อ.น้ำพอง จ.ขอนแก่น,เขตพื้นที่การศึกษาขอนแก่น เขต 4
โคกสูงใหญ่วิทยา,ต.โคกสูง อ.อุบลรัตน์ จ.ขอนแก่น,เขตพื้นที่การศึกษาขอนแก่น เขต 4
โรงเรียนกู่ทองพิทยาลัย,ต.ขามป้อม อ.เปือยน้อย จ.ขอนแก่น 40340,เขตพื้นที่การศึกษาขอนแก่น เขต 25
โนนข่าวิทยา,ต.โนนข่า อ.พล จ.ขอนแก่น 40120,เขตพื้นที่การศึกษาขอนแก่น เขต 3
โสกนกเต็นประชาอุปถัมภ์,ต.โสกนกเต็น อ.พล จ.ขอนแก่น 40120,เขตพื้นที่การศึกษาขอนแก่น เขต 25
โนนทองวิทยา,ต.โนนทอง อ.แวงใหญ่ จ.ขอนแก่น 40330,เขตพื้นที่การศึกษาขอนแก่น เขต 3
โนนสะอาดวิทยาคาร,ต.โนนสะอาด อ.แวงใหญ่ จ.ขอนแก่น 40000,เขตพื้นที่การศึกษาขอนแก่น เขต 3
โนนชาดหนองช้างน้ำ,ต.ดงเค็ง อ.หนองสองห้อง จ.ขอนแก่น 40190,เขตพื้นที่การศึกษาขอนแก่น เขต 3
โพธิ์ทองหนองเตาปูนวิทยา,ต.ในเมือง อ.ภูเวียง จ.ขอนแก่น 40150,เขตพื้นที่การศึกษาขอนแก่น เขต 5
โนนสมบูรณ์ประชาสรรค์,ต.นาหว้า อ.ภูเวียง จ.ขอนแก่น 40150,เขตพื้นที่การศึกษาขอนแก่น เขต 5
โนนอุดมสะอาดวิทยา,ต.นาหว้า อ.ภูเวียง จ.ขอนแก่น 40150,เขตพื้นที่การศึกษาขอนแก่น เขต 5
โสกห้างศึกษา,ต.นาหว้า อ.ภูเวียง จ.ขอนแก่น 40150,เขตพื้นที่การศึกษาขอนแก่น เขต 5
โนนเขวาประชารักษ์,ต.สวนหม่อน อ.มัญจาคีรี จ.ขอนแก่น 40160,เขตพื้นที่การศึกษาขอนแก่น เขต 2
โนนสวางวิทยาสรรค์,ต.โพนเพ็ก อ.มัญจาคีรี จ.ขอนแก่น 40160,เขตพื้นที่การศึกษาขอนแก่น เขต 2
โพนเพ็กพัฒนวิทยา,ต.โพนเพ็ก อ.มัญจาคีรี จ.ขอนแก่น 40160,เขตพื้นที่การศึกษาขอนแก่น เขต 2
โคกนางามพิทยาสรรพ์,ต.นางาม อ.มัญจาคีรี จ.ขอนแก่น 40160,เขตพื้นที่การศึกษาขอนแก่น เขต 2
โนนพะยอมพิทยไพศาล,ต.โนนพะยอม อ.ชนบท จ.ขอนแก่น 40180,เขตพื้นที่การศึกษาขอนแก่น เขต 2
โนนโพธิ์วิทยาคม,ต.บ้านโนน อ.ซำสูง จ.ขอนแก่น 40170,เขตพื้นที่การศึกษาขอนแก่น เขต 4
โนนคูณอัมพวัน,ต.บ้านโคก อ.โคกโพธิ์ไชย จ.ขอนแก่น 40160,เขตพื้นที่การศึกษาขอนแก่น เขต 2
โคกโพธิ์ไชยศึกษา,ต.บ้านโคก อ.โคกโพธิ์ไชย จ.ขอนแก่น 40160,เขตพื้นที่การศึกษาขอนแก่น เขต 25
โนนศิลาวิทยาคม,ต.โนนศิลา อ.โนนศิลา จ.ขอนแก่น 40110,เขตพื้นที่การศึกษาขอนแก่น เขต 25
โพธิ์ทองหนองน้ำขุ่นเหนือ,ต.บ้านหัน อ.โนนศิลา จ.ขอนแก่น 40110,เขตพื้นที่การศึกษาขอนแก่น เขต 3
โนนสูงพิทยาคาร,ต.โนนสูง อ.เมืองอุดรธานี จ.อุดรธานี 41330,เขตพื้นที่การศึกษาอุดรธานี เขต 1
โรงเรียนบ้านถ่อนใหญ่ถ่อนน้อย,ต.นาข่า อ.เมืองอุดรธานี จ.อุดรธานี 41000,เขตพื้นที่การศึกษาอุดรธานี เขต 1
โนนสูงวิทยา,ต.ปะโค อ.กุดจับ จ.อุดรธานี 41250,เขตพื้นที่การศึกษาอุดรธานี เขต 4
โนนธาตุนาอ้ายใหญ่วิทยา,ต.สร้างก่อ อ.กุดจับ จ.อุดรธานี 41250,เขตพื้นที่การศึกษาอุดรธานี เขต 4
โนนสะอาดพิทยาสรรค์,ต.โนนสะอาด อ.โนนสะอาด จ.อุดรธานี 41240,เขตพื้นที่การศึกษาอุดรธานี เขต 2
โพนสูงพัฒนศึกษา,ต.โพนสูง อ.ไชยวาน จ.อุดรธานี 41290,เขตพื้นที่การศึกษาอุดรธานี เขต 3
โนนสะอาดชุมแสงวิทยา,ต.บ้านชัย อ.บ้านดุง จ.อุดรธานี 41190,เขตพื้นที่การศึกษาอุดรธานี เขต 3
โคกโพธิ์วิทยา,ต.บ้านโคก อ.สร้างคอม จ.อุดรธานี 41260,เขตพื้นที่การศึกษาอุดรธานี เขต 1
โนนสว่างโสกนกไก่นา,ต.โนนป่าซาง อ.ผาขาว จ.เลย 42240,เขตพื้นที่การศึกษาเลย เขต 2
โพนสว่างป่าตองวิทยา,ต.สองห้อง อ.เมืองหนองคาย จ.หนองคาย 43100,เขตพื้นที่การศึกษาหนองคาย เขต 1
โคกคำทุ่งสว่างวิทยา,ต.พระธาตุบังพวน อ.เมืองหนองคาย จ.หนองคาย 43100,เขตพื้นที่การศึกษาหนองคาย เขต 1
โพธิเสนวิทยา,ต.ท่าบ่อ อ.ท่าบ่อ จ.หนองคาย 43110,เขตพื้นที่การศึกษาหนองคาย เขต 1
โคกคอนวิทยาคม,ต.โคกคอน อ.ท่าบ่อ จ.หนองคาย 43110,เขตพื้นที่การศึกษาหนองคาย เขต 21
โพนศิลางามวิทยา,ต.บ้านถ่อน อ.ท่าบ่อ จ.หนองคาย 43110,เขตพื้นที่การศึกษาหนองคาย เขต 1
โพธิ์ทองวิทยานุสรณ์,ต.โนนสมบูรณ์ อ.บึงกาฬ จ.หนองคาย 43140,เขตพื้นที่การศึกษาหนองคาย เขต 3
โซ่พิสัยพิทยาคม,ต.โซ่ อ.โซ่พิสัย จ.หนองคาย 43170,เขตพื้นที่การศึกษาหนองคาย เขต 2
โนนสาสวรรค์,ต.ท่าดอกคำ อ.บึงโขงหลง จ.หนองคาย 43220,เขตพื้นที่การศึกษาหนองคาย เขต 3
โนนดู่โพนหวายประชาสรรค์,ต.บ้านฝาง อ.สระใคร จ.หนองคาย 43100,เขตพื้นที่การศึกษาหนองคาย เขต 1
โพธิ์ตากพิทยาคม,ต.โพธิ์ตาก อ.โพธิ์ตาก จ.หนองคาย 43130,เขตพื้นที่การศึกษาหนองคาย เขต 1
โคกก่อพิทยาคม,ต.โคกก่อ อ.เมืองมหาสารคาม จ.มหาสารคาม 44000,เขตพื้นที่การศึกษามหาสารคาม เขต 1
โกสุมวิทยาสรรค์,ต.หัวขวาง อ.โกสุมพิสัย จ.มหาสารคาม 44140,เขตพื้นที่การศึกษามหาสารคาม เขต 1
โพนงามพิทยานุกูล,ต.โพนงาม อ.โกสุมพิสัย จ.มหาสารคาม 44140,เขตพื้นที่การศึกษามหาสารคาม เขต 26
โรงเรียนบ้านเหล่า,ต.โคกพระ อ.กันทรวิชัย จ.มหาสารคาม 44150,เขตพื้นที่การศึกษามหาสารคาม เขต 1
โนนราษีวิทยา,ต.โนนราษี อ.บรบือ จ.มหาสารคาม 44130,เขตพื้นที่การศึกษามหาสารคาม เขต 2
โนนแดงวิทยาคม,ต.โนนแดง อ.บรบือ จ.มหาสารคาม 44130,เขตพื้นที่การศึกษามหาสารคาม เขต 2
โรงเรียนบ้านเก่าใหญโนนสะอาด,ต.หนองแดง อ.นาเชือก จ.มหาสารคาม 44170,เขตพื้นที่การศึกษามหาสารคาม เขต 2
โสภโณประชาสรรค์,ต.สะอาดสมบูรณ์ อ.เมืองร้อยเอ็ด จ.ร้อยเอ็ด 45000,เขตพื้นที่การศึกษาร้อยเอ็ด เขต 1
โพนสูงประชาสรรค์,ต.โพนสูง อ.ปทุมรัตต์ จ.ร้อยเอ็ด 45190,เขตพื้นที่การศึกษาร้อยเอ็ด เขต 2
โคกล่ามพิทยาคม,ต.โคกล่าม อ.จตุรพักตรพิมาน จ.ร้อยเอ็ด 45180,เขตพื้นที่การศึกษาร้อยเอ็ด เขต 1
โนนไทยวิทยาคาร,ต.โคกสว่าง อ.พนมไพร จ.ร้อยเอ็ด 45140,เขตพื้นที่การศึกษาร้อยเอ็ด เขต 2
โพธิ์ทองพิทยาคม,ต.โพธิ์ชัย อ.พนมไพร จ.ร้อยเอ็ด 45140,เขตพื้นที่การศึกษาร้อยเอ็ด เขต 2
โพนทองวิทยายน,ต.แวง อ.โพนทอง จ.ร้อยเอ็ด 45110,เขตพื้นที่การศึกษาร้อยเอ็ด เขต 27
โคกล่ามวิทยาคาร,ต.หนองใหญ่ อ.โพนทอง จ.ร้อยเอ็ด 45110,เขตพื้นที่การศึกษาร้อยเอ็ด เขต 3
โพธิ์ศรีสว่างวิทยา,ต.โพธิ์ศรีสว่าง อ.โพนทอง จ.ร้อยเอ็ด 45110,เขตพื้นที่การศึกษาร้อยเอ็ด เขต 3
โพนทองพัฒนาวิทยา,ต.สระนกแก้ว อ.โพนทอง จ.ร้อยเอ็ด 45110,เขตพื้นที่การศึกษาร้อยเอ็ด เขต 3
โนนเพชรพัฒนา,ต.สระนกแก้ว อ.โพนทอง จ.ร้อยเอ็ด 45110,เขตพื้นที่การศึกษาร้อยเอ็ด เขต 3
โพธิ์ชัยชนูปถัมภ์,ต.ขามเบี้ย อ.โพธิ์ชัย จ.ร้อยเอ็ด 45230,เขตพื้นที่การศึกษาร้อยเอ็ด เขต 27
โพธิ์แก้วประชาสรรค์,ต.กกโพธิ์ อ.หนองพอก จ.ร้อยเอ็ด 45210,เขตพื้นที่การศึกษาร้อยเอ็ด เขต 27
โคกสว่างหาญไพรวัลย์,ต.โคกสว่าง อ.หนองพอก จ.ร้อยเอ็ด 45120,เขตพื้นที่การศึกษาร้อยเอ็ด เขต 3
โพธิ์ทองวิทยาคาร,ต.โพธิ์ทอง อ.เสลภูมิ จ.ร้อยเอ็ด 45120,เขตพื้นที่การศึกษาร้อยเอ็ด เขต 3
โสภาพพิทยาภรณ์,ต.สระคู อ.สุวรรณภูมิ จ.ร้อยเอ็ด 45130,เขตพื้นที่การศึกษาร้อยเอ็ด เขต 2
โพนเมืองประชารัฐฯ,ต.โพนเมือง อ.อาจสามารถ จ.ร้อยเอ็ด 45160,เขตพื้นที่การศึกษาร้อยเอ็ด เขต 2
โนนสีดาวิทยา,ต.หนองใหญ่ อ.ศรีสมเด็จ จ.ร้อยเอ็ด 45260,เขตพื้นที่การศึกษาร้อยเอ็ด เขต 1
โพธิ์สัยสว่างวิทย์,ต.โพธิ์สัย อ.ศรีสมเด็จ จ.ร้อยเอ็ด 45280,เขตพื้นที่การศึกษาร้อยเอ็ด เขต 1
โนนเชียงบังหาดหนองแค,ต.ผักแว่น อ.จังหาร จ.ร้อยเอ็ด 45270,เขตพื้นที่การศึกษาร้อยเอ็ด เขต 1
โคกกลางราษฎร์พัฒนา,ต.หลุบ อ.เมืองกาฬสินธุ์ จ.กาฬสินธุ์ 46000,เขตพื้นที่การศึกษากาฬสินธุ์ เขต 1
โคกล่ามวิทยา,ต.ไผ่ อ.เมืองกาฬสินธุ์ จ.กาฬสินธุ์ 46000,เขตพื้นที่การศึกษากาฬสินธุ์ เขต 1
โนนสะอาดราษฎร์สามัคคี,ต.ลำปาว อ.เมืองกาฬสินธุ์ จ.กาฬสินธุ์ 46000,เขตพื้นที่การศึกษากาฬสินธุ์ เขต 1
โคกคอนวิทยานุกูล,ต.ลำพาน อ.เมืองกาฬสินธุ์ จ.กาฬสินธุ์ 46000,เขตพื้นที่การศึกษากาฬสินธุ์ เขต 1
โคกนางามสามัคคี,ต.ภูดิน อ.เมืองกาฬสินธุ์ จ.กาฬสินธุ์ 46000,เขตพื้นที่การศึกษากาฬสินธุ์ เขต 1
โคกน้ำเกลี้ยงวิทยาคม,ต.โพนทอง อ.เมืองกาฬสินธุ์ จ.กาฬสินธุ์ 46000,เขตพื้นที่การศึกษากาฬสินธุ์ เขต 1
โปโลเล้าสามัคคีวิทยา,ต.กมลาไสย อ.กมลาไสย จ.กาฬสินธุ์ 46130,เขตพื้นที่การศึกษากาฬสินธุ์ เขต 1
โนนไฮหนองอีกุ้มวิทยา,ต.โพนงาม อ.กมลาไสย จ.กาฬสินธุ์ 46130,เขตพื้นที่การศึกษากาฬสินธุ์ เขต 1
โคกเมยประชาพัฒนา,ต.ดงลิง อ.กมลาไสย จ.กาฬสินธุ์ 46130,เขตพื้นที่การศึกษากาฬสินธุ์ เขต 1
โคกล่ามผดุงวิทย์,ต.ดงลิง อ.กมลาไสย จ.กาฬสินธุ์ 46130,เขตพื้นที่การศึกษากาฬสินธุ์ เขต 1
โนนเมืองวิทยาคาร,ต.ดงลิง อ.กมลาไสย จ.กาฬสินธุ์ 46130,เขตพื้นที่การศึกษากาฬสินธุ์ เขต 1
โคกศรีเมือง,ต.ดงลิง อ.กมลาไสย จ.กาฬสินธุ์ 46130,เขตพื้นที่การศึกษากาฬสินธุ์ เขต 24
โรงเรียนพุทธปัญญา,ต.แจนแลน อ.กุฉินารายณ์ จ.กาฬสินธุ์ 46110,เขตพื้นที่การศึกษากาฬสินธุ์ เขต 3
โคกกลางราษฎร์พิทักษ์,ต.จุมจัง อ.กุฉินารายณ์ จ.กาฬสินธุ์ 46110,เขตพื้นที่การศึกษากาฬสินธุ์ เขต 3
โนนคำวิทยา,ต.นาขาม อ.กุฉินารายณ์ จ.กาฬสินธุ์ 46110,เขตพื้นที่การศึกษากาฬสินธุ์ เขต 3
โคกหวายราษฎร์สามัคคี,ต.นาโก อ.กุฉินารายณ์ จ.กาฬสินธุ์ 46110,เขตพื้นที่การศึกษากาฬสินธุ์ เขต 3
โคกมะลิวิทยา,ต.สระพังทอง อ.เขาวง จ.กาฬสินธุ์ 46160,เขตพื้นที่การศึกษากาฬสินธุ์ เขต 3
โคกศรีวิทยายน,ต.อุ่มเม่า อ.ยางตลาด จ.กาฬสินธุ์,เขตพื้นที่การศึกษากาฬสินธุ์ เขต 2
โคกก่องราษฎร์นุกูล,ต.บัวบาน อ.ยางตลาด จ.กาฬสินธุ์,เขตพื้นที่การศึกษากาฬสินธุ์ เขต 2
โคกคำวิทยา,ต.บัวบาน อ.ยางตลาด จ.กาฬสินธุ์ 46120,เขตพื้นที่การศึกษากาฬสินธุ์ เขต 2
โพธิ์ศรีโปร่งแควิทยาเสริม,ต.บัวบาน อ.ยางตลาด จ.กาฬสินธุ์,เขตพื้นที่การศึกษากาฬสินธุ์ เขต 2
โคกค่ายโคกใหญ่วิทยา,ต.หัวนาคำ อ.ยางตลาด จ.กาฬสินธุ์,เขตพื้นที่การศึกษากาฬสินธุ์ เขต 2
โพนสิมอนุเคราะห์,ต.หัวนาคำ อ.ยางตลาด จ.กาฬสินธุ์,เขตพื้นที่การศึกษากาฬสินธุ์ เขต 2
โนนภักดีประชานุเคราะห์,ต.นาเชือก อ.ยางตลาด จ.กาฬสินธุ์,เขตพื้นที่การศึกษากาฬสินธุ์ เขต 2
โนนสูงพิทยาคม,ต.โนนสูง อ.ยางตลาด จ.กาฬสินธุ์ 46120,เขตพื้นที่การศึกษากาฬสินธุ์ เขต 2
โนนสูงวิทยา,ต.โนนสูง อ.ยางตลาด จ.กาฬสินธุ์ 46120,เขตพื้นที่การศึกษากาฬสินธุ์ เขต 2
โคกกลางเหนือพิทยาสรรพ์,ต.หัวหิน อ.ห้วยเม็ก จ.กาฬสินธุ์ 46170,เขตพื้นที่การศึกษากาฬสินธุ์ เขต 2
โนนสะอาดราษฎร์อำนวย,ต.โนนสะอาด อ.ห้วยเม็ก จ.กาฬสินธุ์ 46170,เขตพื้นที่การศึกษากาฬสินธุ์ เขต 2
โนนเตาไหหนองแก,ต.ทรายทอง อ.ห้วยเม็ก จ.กาฬสินธุ์ 46170,เขตพื้นที่การศึกษากาฬสินธุ์ เขต 2
โนนปลาขาวราษฎร์บูรณะ,ต.ภูสิงห์ อ.สหัสขันธ์ จ.กาฬสินธุ์ 46140,เขตพื้นที่การศึกษากาฬสินธุ์ เขต 1
โคกเจริญคำน้ำแซบวิทยา,ต.นามะเขือ อ.สหัสขันธ์ จ.กาฬสินธุ์ 46140,เขตพื้นที่การศึกษากาฬสินธุ์ เขต 1
โป่งเชือกศึกษาสถาน,ต.นามะเขือ อ.สหัสขันธ์ จ.กาฬสินธุ์ 46140,เขตพื้นที่การศึกษากาฬสินธุ์ เขต 1
โพนสวางพิทยาคม,ต.นามะเขือ อ.สหัสขันธ์ จ.กาฬสินธุ์ 46140,เขตพื้นที่การศึกษากาฬสินธุ์ เขต 1
โพนสวางพิทยาคม(สาขาโพนคำ),ต.นามะเขือ อ.สหัสขันธ์ จ.กาฬสินธุ์ 46140,เขตพื้นที่การศึกษากาฬสินธุ์ เขต 1
โนนศิลาพิทยาคม,ต.โนนศิลา อ.สหัสขันธ์ จ.กาฬสินธุ์ 46140,เขตพื้นที่การศึกษากาฬสินธุ์ เขต 1
โคกก่องวิทยา,ต.โนนศิลา อ.สหัสขันธ์ จ.กาฬสินธุ์ 46140,เขตพื้นที่การศึกษากาฬสินธุ์ เขต 1
โนนเมืองประชานุเคราะห์,ต.โนนศิลา อ.สหัสขันธ์ จ.กาฬสินธุ์ 46140,เขตพื้นที่การศึกษากาฬสินธุ์ เขต 1
โนนศิลาไกรฤกษ์ราษฎร์อำนวย,ต.โนนบุรี อ.สหัสขันธ์ จ.กาฬสินธุ์ 46140,เขตพื้นที่การศึกษากาฬสินธุ์ เขต 1
โนนป่างิ้ววิจิตวิทยา,ต.โนนน้ำเกลี้ยง อ.สหัสขันธ์ จ.กาฬสินธุ์ 46140,เขตพื้นที่การศึกษากาฬสินธุ์ เขต 1
โป่งนกเปล้า,ต.ทุ่งคลอง อ.คำม่วง จ.กาฬสินธุ์ 46180,เขตพื้นที่การศึกษากาฬสินธุ์ เขต 3
โคกเจริญวิทยา,ต.หนองกุงศรี อ.หนองกุงศรี จ.กาฬสินธุ์,เขตพื้นที่การศึกษากาฬสินธุ์ เขต 2
โคกเครือวิทยา,ต.โคกเครือ อ.หนองกุงศรี จ.กาฬสินธุ์ 46220,เขตพื้นที่การศึกษากาฬสินธุ์ เขต 2
โคกกลางสมเด็จ,ต.หนองแวง อ.สมเด็จ จ.กาฬสินธุ์ 46150,เขตพื้นที่การศึกษากาฬสินธุ์ เขต 3
โพธิ์คำประชาสรรค์,ต.แซงบาดาล อ.สมเด็จ จ.กาฬสินธุ์ 46150,เขตพื้นที่การศึกษากาฬสินธุ์ เขต 3
โคกกลางวิทยา,ต.สำราญ อ.สามชัย จ.กาฬสินธุ์ 46180,เขตพื้นที่การศึกษากาฬสินธุ์ เขต 1
โคกสำราญวิทยา,ต.สำราญใต้ อ.สามชัย จ.กาฬสินธุ์ 46180,เขตพื้นที่การศึกษากาฬสินธุ์ เขต 1
โคกนาดี,ต.โนนนาจาน อ.นาคู จ.กาฬสินธุ์ 46160,เขตพื้นที่การศึกษากาฬสินธุ์ เขต 3
โนนเขวาเหล่าใหญ่ราษฎร์ส่งเสริม,ต.ฆ้องชัยพัฒนา อ.ฆ้องชัย จ.กาฬสินธุ์ 46130,เขตพื้นที่การศึกษากาฬสินธุ์ เขต 2
โคกประสิทธิ์วิทยา,ต.โคกสะอาด อ.ฆ้องชัย จ.กาฬสินธุ์,เขตพื้นที่การศึกษากาฬสินธุ์ เขต 2
โนนชัยประชาสรรค์,ต.โคกสะอาด อ.ฆ้องชัย จ.กาฬสินธุ์ 46130,เขตพื้นที่การศึกษากาฬสินธุ์ เขต 2
โนนศิลาสว่างวิทย์,ต.โนนศิลาเลิง อ.ฆ้องชัย จ.กาฬสินธุ์,เขตพื้นที่การศึกษากาฬสินธุ์ เขต 2
โนนแดงราษฎร์ประสิทธิ์,ต.ลำชี อ.ฆ้องชัย จ.กาฬสินธุ์ 46130,เขตพื้นที่การศึกษากาฬสินธุ์ เขต 2
โคกเลาะวิทยาคาร,ต.ขมิ้น อ.เมืองสกลนคร จ.สกลนคร 47220,เขตพื้นที่การศึกษาสกลนคร เขต 1
โพธิแสนวิทยา,ต.อุ่มจาน อ.กุสุมาลย์ จ.สกลนคร 47230,เขตพื้นที่การศึกษาสกลนคร เขต 23
โรงเรียนบ้านยางคำ,ต.เดื่อศรีคันไชย อ.วานรนิวาส จ.สกลนคร 47120,เขตพื้นที่การศึกษาสกลนคร เขต 3
โพธิ์ชัยทองพิทยาคม,ต.หนองกวั่ง อ.บ้านม่วง จ.สกลนคร 47140,เขตพื้นที่การศึกษาสกลนคร เขต 3
โพนงามศึกษา,ต.โพนงาม อ.อากาศอำนวย จ.สกลนคร 47170,เขตพื้นที่การศึกษาสกลนคร เขต 23
โคกสีวิทยาสรรค์,ต.โคกสี อ.สว่างแดนดิน จ.สกลนคร 47110,เขตพื้นที่การศึกษาสกลนคร เขต 2
โพนพิทยาคม,ต.บ้านโพน อ.โพนนาแก้ว จ.สกลนคร 47230,เขตพื้นที่การศึกษาสกลนคร เขต 23
โพนงามโคกวิทยาคาร,ต.บ้านแป้น อ.โพนนาแก้ว จ.สกลนคร 47230,เขตพื้นที่การศึกษาสกลนคร เขต 1
โพนบกผดุงศาสตร์,ต.บ้านแป้น อ.โพนนาแก้ว จ.สกลนคร 47230,เขตพื้นที่การศึกษาสกลนคร เขต 1
โคกสว่างประชาสรรค์,ต.โคกสว่าง อ.ปลาปาก จ.นครพนม 48160,เขตพื้นที่การศึกษานครพนม เขต 1
โพนสวางราษฏร์อุปถัมภ์,ต.โคกสว่าง อ.ปลาปาก จ.นครพนม 48130,เขตพื้นที่การศึกษานครพนม เขต 1
โพนสวางนางิ้ววิทยา,ต.นามะเขือ อ.ปลาปาก จ.นครพนม 48160,เขตพื้นที่การศึกษานครพนม เขต 1
โพนแพงพิทยาคม,ต.โพนแพง อ.ธาตุพนม จ.นครพนม 48110,เขตพื้นที่การศึกษานครพนม เขต 1
โพนทองวิทยาคาร,ต.โพนทอง อ.เรณูนคร จ.นครพนม 48170,เขตพื้นที่การศึกษานครพนม เขต 1
โพนสวรรค์ราษฏร์พัฒนา,ต.โพนสวรรค์ อ.โพนสวรรค์ จ.นครพนม 48190,เขตพื้นที่การศึกษานครพนม เขต 2
โรงเรียนบ้านเหล่าส้มป่อย,ต.นาทม อ.นาทม จ.นครพนม 48140,เขตพื้นที่การศึกษานครพนม เขต 2
โรงเรียนบ้านดงมัน,ต.คำอาฮวน อ.เมืองมุกดาหาร จ.มุกดาหาร 49000,เขตพื้นที่การศึกษามุกดาหาร เขต 1
โชคชัยวิทยา,ต.โชคชัย อ.นิคมคำสร้อย จ.มุกดาหาร 49130,เขตพื้นที่การศึกษามุกดาหาร เขต 1
โพธิ์ไทรวิทยา,ต.โพธิ์ไทร อ.ดอนตาล จ.มุกดาหาร 49120,เขตพื้นที่การศึกษามุกดาหาร เขต 1
โกวิทธำรงเชียงใหม่,ต.ศรีภูมิ อ.เมืองเชียงใหม่ จ.เชียงใหม่ 50200,เขตพื้นที่การศึกษาเชียงใหม่ เขต 1
โครงการหลวงแกน้อย,ต.เมืองนะ อ.เชียงดาว จ.เชียงใหม่ 50170,เขตพื้นที่การศึกษาเชียงใหม่ เขต 3
โชติคุณเกษมบ้านเมืองงาม,ต.ท่าตอน อ.แม่อาย จ.เชียงใหม่ 50280,เขตพื้นที่การศึกษาเชียงใหม่ เขต 3
โรงเรียนบ้านปางต้นเดื่อ,ต.มะลิกา อ.แม่อาย จ.เชียงใหม่ 50280,เขตพื้นที่การศึกษาเชียงใหม่ เขต 3
โป่งน้ำร้อนวิทยา,ต.บ้านสหกรณ์ อ.แม่ออน จ.เชียงใหม่ 50130,เขตพื้นที่การศึกษาเชียงใหม่ เขต 1
โป่งหลวงวิทยา รัชมังคลาภิเษก,ต.บ้านเอื้อม อ.เมืองลำปาง จ.ลำปาง 52100,เขตพื้นที่การศึกษาลำปาง เขต 35
โป่งทะลายใหม่เจริญ,ต.แม่อ้อ อ.พาน จ.เชียงราย 57120,เขตพื้นที่การศึกษาเชียงราย เขต 2
โรงช้างวิทยา,ต.โรงช้าง อ.ป่าแดด จ.เชียงราย 57190,เขตพื้นที่การศึกษาเชียงราย เขต 2
โรงเรียนบ้านศรีบุญยืน,ต.ศรีดอนมูล อ.เชียงแสน จ.เชียงราย,เขตพื้นที่การศึกษาเชียงราย เขต 3
โป่งน้ำร้อนวิทยา,ต.แม่เจดีย์ใหม่ อ.เวียงป่าเป้า จ.เชียงราย 57260,เขตพื้นที่การศึกษาเชียงราย เขต 2
โป่งแพร่วิทยา,ต.โป่งแพร่ อ.แม่ลาว จ.เชียงราย 57250,เขตพื้นที่การศึกษาเชียงราย เขต 2
โรงเรียนบ้านช่างหม้อ,ต.ป่าแป๋ อ.แม่สะเรียง จ.แม่ฮ่องสอน 58110,เขตพื้นที่การศึกษาแม่ฮ่องสอน เขต 2
โพฒิสารศึกษา,ต.ปากน้ำโพ อ.เมืองนครสวรรค์ จ.นครสวรรค์ 60000,เขตพื้นที่การศึกษานครสวรรค์ เขต 1
โกรกพระพิทยาคม,ต.โกรกพระ อ.โกรกพระ จ.นครสวรรค์ 60170,เขตพื้นที่การศึกษานครสวรรค์ เขต 1
โกรกพระ,ต.บางมะฝ่อ อ.โกรกพระ จ.นครสวรรค์ 60170,เขตพื้นที่การศึกษานครสวรรค์ เขต 1
โรงเรียนบ้านงิ้วแบ้,ต.ตาขีด อ.บรรพตพิสัย จ.นครสวรรค์ 60180,เขตพื้นที่การศึกษานครสวรรค์ เขต 2
โอสถสภาอุปถัมภ์,ต.เขาดิน อ.เก้าเลี้ยว จ.นครสวรรค์ 60230,เขตพื้นที่การศึกษานครสวรรค์ เขต 1
โค้งบ้านใหม่,ต.อุดมธัญญา อ.ตากฟ้า จ.นครสวรรค์ 60190,เขตพื้นที่การศึกษานครสวรรค์ เขต 3
โรงเรียนปราสาทอนุสรณ์,ต.คณฑี อ.เมืองกำแพงเพชร จ.กำแพงเพชร 62000,เขตพื้นที่การศึกษากำแพงเพชร เขต 1
โค้งไผ่วิทยา,ต.โค้งไผ่ อ.ขาณุวรลักษบุรี จ.กำแพงเพชร 62140,เขตพื้นที่การศึกษากำแพงเพชร เขต 2
โกสัมพีวิทยา,ต.โกสัมพี อ.โกสัมพีนคร จ.กำแพงเพชร 62000,เขตพื้นที่การศึกษากำแพงเพชร เขต 1
โรตารี่สวรรคโลก 1,ต.คลองมะพลับ อ.ศรีนคร จ.สุโขทัย 64140,เขตพื้นที่การศึกษาสุโขทัย เขต 2
โรจนวิทย์มาลาเบี่ยง,ต.ในเมือง อ.เมืองพิษณุโลก จ.พิษณุโลก 65000,เขตพื้นที่การศึกษาพิษณุโลก เขต 1
โถงจื้อบางมูลนาก (สหสงเคราะห์วิทยา),ต.บางมูลนาก อ.บางมูลนาก จ.พิจิตร 66120,เขตพื้นที่การศึกษาพิจิตร เขต 2
โพธิธรรมสุวัฒน์,ต.บางลาย อ.โพทะเล จ.พิจิตร 66130,เขตพื้นที่การศึกษาพิจิตร เขต 2
โพธิ์ไทรงามวิทยาคม,ต.โพธิ์ไทรงาม อ.บึงนาราง จ.พิจิตร 66130,เขตพื้นที่การศึกษาพิจิตร เขต 2
โฆษิตวิทยา,ต.ในเมือง อ.เมืองเพชรบูรณ์ จ.เพชรบูรณ์ 67000,เขตพื้นที่การศึกษาเพชรบูรณ์ เขต 1
โลมนิลวงศ์อนุสรณ์,ต.วังชมภู อ.เมืองเพชรบูรณ์ จ.เพชรบูรณ์ 67210,เขตพื้นที่การศึกษาเพชรบูรณ์ เขต 1
โรงเรียนบ้านน้ำก้อ,ต.น้ำก้อ อ.หล่มสัก จ.เพชรบูรณ์ 67110,เขตพื้นที่การศึกษาเพชรบูรณ์ เขต 2
โคกปรงวิทยาคม,ต.โคกปรง อ.วิเชียรบุรี จ.เพชรบูรณ์ 67130,เขตพื้นที่การศึกษาเพชรบูรณ์ เขต 3
โชติวิทยา,ต.นาเฉลียง อ.หนองไผ่ จ.เพชรบูรณ์ 67220,เขตพื้นที่การศึกษาเพชรบูรณ์ เขต 3
โพหัก(วงศ์สมบูรณ์ราษฎร์อุปถัมภ์),ต.โพหัก อ.บางแพ จ.ราชบุรี 70160,เขตพื้นที่การศึกษาราชบุรี เขต 2
โพธาวัฒนาเสนี,ต.คลองตาคต อ.โพธาราม จ.ราชบุรี 70120,เขตพื้นที่การศึกษาราชบุรี เขต 2
โสภณศิริราษฏร์,ต.วัดเพลง อ.วัดเพลง จ.ราชบุรี 70170,เขตพื้นที่การศึกษาราชบุรี เขต 1
โรตารี่ 1 บ้านพุน้ำร้อน,ต.บ้านบึง อ.บ้านคา จ.ราชบุรี 70180,เขตพื้นที่การศึกษาราชบุรี เขต 1
โรตารี่ 1 บ้านพุน้ำร้อน (สาขาบ้านพุหิน),ต.บ้านบึง อ.บ้านคา จ.ราชบุรี 70180,เขตพื้นที่การศึกษาราชบุรี เขต 1
โชตินันต์,ต.ท่าล้อ อ.ท่าม่วง จ.กาญจนบุรี 71110,เขตพื้นที่การศึกษากาญจนบุรี เขต 1
โรงเรียนห้วยกระเจาพิทยาคม,ต.สระลงเรือ อ.ห้วยกระเจา จ.กาญจนบุรี 71170,เขตพื้นที่การศึกษากาญจนบุรี เขต 8
โพรงมะเดื่อวิทยาคม,ต.โพรงมะเดื่อ อ.เมืองนครปฐม จ.นครปฐม 73000,เขตพื้นที่การศึกษานครปฐม เขต 1
โรงเรียนวัดตะโกสูง(เหรียญอุปถัมภ์),ต.สามง่าม อ.ดอนตูม จ.นครปฐม 73150,เขตพื้นที่การศึกษานครปฐม เขต 1
โยธินบูรณะ เพชรบุรี,ต.สระพัง อ.เขาย้อย จ.เพชรบุรี 76140,เขตพื้นที่การศึกษาเพชรบุรี เขต 1
โตนดหลวงวิทยา,ต.บางเก่า อ.ชะอำ จ.เพชรบุรี 76120,เขตพื้นที่การศึกษาเพชรบุรี เขต 10
โรงเรียนประชาสงเคราะห์อุปถัมภ์,ต.อ่าวน้อย อ.เมืองประจวบคีรีขันธ์ จ.ประจวบคีรีขันธ์ 77210,เขตพื้นที่การศึกษาประจวบคีรีขันธ์ เขต 1
โรตารี่กรุงเทพ,ต.หนองพลับ อ.หัวหิน จ.ประจวบคีรีขันธ์ 77110,เขตพื้นที่การศึกษาประจวบคีรีขันธ์ เขต 2
โสภณวิทยา,ต.ในเมือง อ.เมืองนครศรีธรรมราช จ.นครศรีธรรมราช 80000,เขตพื้นที่การศึกษานครศรีธรรมราช เขต 1
โยธินบำรุง,ต.ปากพูน อ.เมืองนครศรีธรรมราช จ.นครศรีธรรมราช 80000,เขตพื้นที่การศึกษานครศรีธรรมราช เขต 1
โมคลานประชาสรรค์,ต.โมคลาน อ.ท่าศาลา จ.นครศรีธรรมราช 80160,เขตพื้นที่การศึกษานครศรีธรรมราช เขต 12
โศภนคณาภรณ์,ต.เกาะทวด อ.ปากพนัง จ.นครศรีธรรมราช 80330,เขตพื้นที่การศึกษานครศรีธรรมราช เขต 3
โคกครามพิชากร,ต.เสาธง อ.ร่อนพิบูลย์ จ.นครศรีธรรมราช 80350,เขตพื้นที่การศึกษานครศรีธรรมราช เขต 3
โสตทัศนศึกษาจุฬาลงกรณ์มหาวิทยาลัย,ต.บางขัน อ.บางขัน จ.นครศรีธรรมราช 80360,เขตพื้นที่การศึกษานครศรีธรรมราช เขต 2
โภคาพาณิชย์นุกูล มูลนิธิ,ต.ปากน้ำ อ.เมืองกระบี่ จ.กระบี่ 81000,เขตพื้นที่การศึกษากระบี่ เขต 1
โรงเรียนบ้านคลองแห้ง,ต.อ่าวนาง อ.เมืองกระบี่ จ.กระบี่ 81000,เขตพื้นที่การศึกษากระบี่ เขต 1
โรงเรียนบ้านบ่อมะม่วง,ต.ทรายขาว อ.คลองท่อม จ.กระบี่ 81170,เขตพื้นที่การศึกษากระบี่ เขต 1
โคกยอ,ต.ปลายพระยา อ.ปลายพระยา จ.กระบี่ 81160,เขตพื้นที่การศึกษากระบี่ เขต 1
โคกกลอยวิทยา,อ.ตะกั่วป่า จ.พังงา 82140,เขตพื้นที่การศึกษาพังงา เขต 1
โชคอำนวย,ต.แม่นางขาว อ.คุระบุรี จ.พังงา 82150,เขตพื้นที่การศึกษาพังงา เขต 1
โรงเรียนตำรวจตระเวนชายแดนบ้านยางโพรง,ต.ปากหมาก อ.ไชยา จ.สุราษฎร์ธานี 84110,เขตพื้นที่การศึกษาสุราษฎร์ธานี เขต 2
โรงเรียนบ้านคลองรอก,ต.ประสงค์ อ.ท่าชนะ จ.สุราษฎร์ธานี 84170,เขตพื้นที่การศึกษาสุราษฎร์ธานี เขต 2
โรงเรียนบ้านบางสาน,ต.พนม อ.พนม จ.สุราษฎร์ธานี 84250,เขตพื้นที่การศึกษาสุราษฎร์ธานี เขต 2
โรงเรียนบ้านเขาฝาชี,ต.บางแก้ว อ.ละอุ่น จ.ระนอง 85130,เขตพื้นที่การศึกษาระนอง เขต 1
โรงเรียนเพียงหลวง ๑๕ (บ้านรังแตน),ต.จ.ป.ร. อ.กระบุรี จ.ระนอง 85110,เขตพื้นที่การศึกษาระนอง เขต 1
โรงเรียนบ้านทับยาง,ต.คูหา อ.สะบ้าย้อย จ.สงขลา 90210,เขตพื้นที่การศึกษาสงขลา เขต 3
โพธิ์วิเชียรขัย,อ.เมืองตรัง จ.ตรัง 92000,เขตพื้นที่การศึกษาตรัง เขต 1
โรงเรียนบ้านควนแหวง,ต.โคกทราย อ.ป่าบอน จ.พัทลุง 93170,เขตพื้นที่การศึกษาพัทลุง เขต 2
โพธิ์คีรีราชศึกษา,อ.โคกโพธิ์ จ.ปัตตานี 94120,เขตพื้นที่การศึกษาปัตตานี เขต 2
โฆษิตอนุสรณ์,อ.โคกโพธิ์ จ.ปัตตานี 94120,เขตพื้นที่การศึกษาปัตตานี เขต 2
โรงเรียนบ้านป่าไร่โนนม่วง,ต.หนองพันทา อ.โซ่พิสัย จ.บึงกาฬ 38170,เขตพื้นที่การศึกษาบึงกาฬ เขต 1
โพนทองประชาสรรค์,ต.หนองพันทา อ.โซ่พิสัย จ.บึงกาฬ 38170,เขตพื้นที่การศึกษาบึงกาฬ เขต 21
โนนคำพิทยาคม,ต.คำแก้ว อ.โซ่พิสัย จ.บึงกาฬ 38170,เขตพื้นที่การศึกษาบึงกาฬ เขต 21
โสกก่ามวิทยา,ต.โสกก่าม อ.เซกา จ.บึงกาฬ 38150,เขตพื้นที่การศึกษาบึงกาฬ เขต 21