หนองจอก(ภักดีนรเศรษฐ),แขวงกระทุ่มราย เขตหนองจอก กรุงเทพมหานคร 10530,เขตพื้นที่การศึกษากรุงเทพมหานคร เขต 0
หงส์รัตนาราม,แขวงวัดอรุณ เขตบางกอกใหญ่ กรุงเทพมหานคร 10600,เขตพื้นที่การศึกษากรุงเทพมหานคร เขต 3
หนัง,แขวงบางค้อ เขตจอมทอง กรุงเทพมหานคร 10150,เขตพื้นที่การศึกษากรุงเทพมหานคร เขต 3
หนามแดง,ต.บางแก้ว อ.บางพลี จ.สมุทรปราการ 10540,เขตพื้นที่การศึกษาสมุทรปราการ เขต 2
หนองปรือ,ต.หนองปรือ อ.บางพลี จ.สมุทรปราการ 10540,เขตพื้นที่การศึกษาสมุทรปราการ เขต 2
หัวคู้,ต.ศีรษะจรเข้น้อย อ.บางเสาธง จ.สมุทรปราการ 10540,เขตพื้นที่การศึกษาสมุทรปราการ เขต 2
หงส์ปทุมาวาส,ต.บางปรอก อ.เมืองปทุมธานี จ.ปทุมธานี 12000,เขตพื้นที่การศึกษาปทุมธานี เขต 1
หว่านบุญ,ต.คลองหก อ.คลองหลวง จ.ปทุมธานี 12120,เขตพื้นที่การศึกษาปทุมธานี เขต 1
หันตรา,ต.หันตรา อ.พระนครศรีอยุธยา จ.พระนครศรีอยุธยา 13000,เขตพื้นที่การศึกษาพระนครศรีอยุธยา เขต 1
หัวหิน,ต.ท่าหลวง อ.ท่าเรือ จ.พระนครศรีอยุธยา 18270,เขตพื้นที่การศึกษาพระนครศรีอยุธยา เขต 1
หน้าต่างใน (จงนิลอุปถัมภ์),ต.หน้าไม้ อ.บางไทร จ.พระนครศรีอยุธยา 13190,เขตพื้นที่การศึกษาพระนครศรีอยุธยา เขต 2
หน้าโคก (วิสุทธิศึกษา),ต.หน้าโคก อ.ผักไห่ จ.พระนครศรีอยุธยา 13120,เขตพื้นที่การศึกษาพระนครศรีอยุธยา เขต 2
หนองนาง,ต.ระโสม อ.ภาชี จ.พระนครศรีอยุธยา 13140,เขตพื้นที่การศึกษาพระนครศรีอยุธยา เขต 1
หนองเครือบุญ,ต.หนองน้ำใส อ.ภาชี จ.พระนครศรีอยุธยา 13140,เขตพื้นที่การศึกษาพระนครศรีอยุธยา เขต 1
หนองเป้า,ต.หนองน้ำใส อ.ภาชี จ.พระนครศรีอยุธยา 13140,เขตพื้นที่การศึกษาพระนครศรีอยุธยา เขต 1
หนองกลาง,ต.ไผ่ล้อม อ.ภาชี จ.พระนครศรีอยุธยา 13140,เขตพื้นที่การศึกษาพระนครศรีอยุธยา เขต 1
หัวคุ้ง,ต.ไผ่ล้อม อ.ภาชี จ.พระนครศรีอยุธยา 13140,เขตพื้นที่การศึกษาพระนครศรีอยุธยา เขต 1
หนองบัว,ต.พระแก้ว อ.ภาชี จ.พระนครศรีอยุธยา 13140,เขตพื้นที่การศึกษาพระนครศรีอยุธยา เขต 1
หญ้าไทร (ราษฎร์ประสิทธิ์),ต.ลาดบัวหลวง อ.ลาดบัวหลวง จ.พระนครศรีอยุธยา 13230,เขตพื้นที่การศึกษาพระนครศรีอยุธยา เขต 2
ห้วยจระเข้ (เกตุอร่ามอุปถัมภ์),ต.บ่อตาโล่ อ.วังน้อย จ.พระนครศรีอยุธยา 13170,เขตพื้นที่การศึกษาพระนครศรีอยุธยา เขต 1
หัวเวียง (เขมสุทธิวิทยาคาร),ต.หัวเวียง อ.เสนา จ.พระนครศรีอยุธยา 13110,เขตพื้นที่การศึกษาพระนครศรีอยุธยา เขต 2
หนองลำเจียก,ต.บ้านแถว อ.เสนา จ.พระนครศรีอยุธยา 13110,เขตพื้นที่การศึกษาพระนครศรีอยุธยา เขต 2
หนองไม้ซุง,ต.หนองไม้ซุง อ.อุทัย จ.พระนครศรีอยุธยา 13210,เขตพื้นที่การศึกษาพระนครศรีอยุธยา เขต 1
หนองน้ำส้ม (เจียนวิทยาคาร),ต.หนองน้ำส้ม อ.อุทัย จ.พระนครศรีอยุธยา 13210,เขตพื้นที่การศึกษาพระนครศรีอยุธยา เขต 1
หลวงพ่อเขียว,ต.สำพะเนียง อ.บ้านแพรก จ.พระนครศรีอยุธยา 13240,เขตพื้นที่การศึกษาพระนครศรีอยุธยา เขต 1
หนองยาง,ต.วังน้ำเย็น อ.แสวงหา จ.อ่างทอง 14150,เขตพื้นที่การศึกษาอ่างทอง เขต 1
หมื่นเกลา,ต.วังน้ำเย็น อ.แสวงหา จ.อ่างทอง 14150,เขตพื้นที่การศึกษาอ่างทอง เขต 1
หัวสะแกตก,ต.จำลอง อ.แสวงหา จ.อ่างทอง 14150,เขตพื้นที่การศึกษาอ่างทอง เขต 1
หลวง,ต.ศาลเจ้าโรงทอง อ.วิเศษชัยชาญ จ.อ่างทอง 14110,เขตพื้นที่การศึกษาอ่างทอง เขต 1
ห้วยคันแหลน,ต.ห้วยคันแหลน อ.วิเศษชัยชาญ จ.อ่างทอง 14110,เขตพื้นที่การศึกษาอ่างทอง เขต 1
ห้วยโรง,ต.ห้วยคันแหลน อ.วิเศษชัยชาญ จ.อ่างทอง 14110,เขตพื้นที่การศึกษาอ่างทอง เขต 1
หัวตะพาน,ต.หัวตะพาน อ.วิเศษชัยชาญ จ.อ่างทอง 14110,เขตพื้นที่การศึกษาอ่างทอง เขต 1
หลักแก้ว,ต.หลักแก้ว อ.วิเศษชัยชาญ จ.อ่างทอง 14110,เขตพื้นที่การศึกษาอ่างทอง เขต 1
หนองกร่าง,ต.ราษฎรพัฒนา อ.สามโก้ จ.อ่างทอง 14160,เขตพื้นที่การศึกษาอ่างทอง เขต 1
หนองบัวขาว,ต.เขาสามยอด อ.เมืองลพบุรี จ.ลพบุรี 15000,เขตพื้นที่การศึกษาลพบุรี เขต 1
หนองปลิง,ต.โคกกะเทียม อ.เมืองลพบุรี จ.ลพบุรี 15000,เขตพื้นที่การศึกษาลพบุรี เขต 1
หลวงสุวรรณาราม,ต.ตะลุง อ.เมืองลพบุรี จ.ลพบุรี 15000,เขตพื้นที่การศึกษาลพบุรี เขต 1
หนองแก้ว,ต.บางขันหมาก อ.เมืองลพบุรี จ.ลพบุรี 15000,เขตพื้นที่การศึกษาลพบุรี เขต 1
หลวงท้ายตลาด,ต.ท้ายตลาด อ.เมืองลพบุรี จ.ลพบุรี 15000,เขตพื้นที่การศึกษาลพบุรี เขต 1
หนองนา,ต.พัฒนานิคม อ.พัฒนานิคม จ.ลพบุรี 15140,เขตพื้นที่การศึกษาลพบุรี เขต 2
หนองตามิ่ง,ต.โคกสลุง อ.พัฒนานิคม จ.ลพบุรี 15140,เขตพื้นที่การศึกษาลพบุรี เขต 2
หนองพิมาน,ต.โคกสำโรง อ.โคกสำโรง จ.ลพบุรี 15120,เขตพื้นที่การศึกษาลพบุรี เขต 1
หนองคู,ต.ห้วยโป่ง อ.โคกสำโรง จ.ลพบุรี 15120,เขตพื้นที่การศึกษาลพบุรี เขต 1
หนองหอย,ต.ห้วยโป่ง อ.โคกสำโรง จ.ลพบุรี 15120,เขตพื้นที่การศึกษาลพบุรี เขต 1
ห้วยโป่ง,ต.ห้วยโป่ง อ.โคกสำโรง จ.ลพบุรี 15120,เขตพื้นที่การศึกษาลพบุรี เขต 1
หนองแขม,ต.หนองแขม อ.โคกสำโรง จ.ลพบุรี 15120,เขตพื้นที่การศึกษาลพบุรี เขต 1
หนองปลาดุก,ต.บางลี่ อ.ท่าวุ้ง จ.ลพบุรี 15150,เขตพื้นที่การศึกษาลพบุรี เขต 1
หนองหลวง,ต.บางลี่ อ.ท่าวุ้ง จ.ลพบุรี 15150,เขตพื้นที่การศึกษาลพบุรี เขต 1
หนองมน,ต.บางงา อ.ท่าวุ้ง จ.ลพบุรี 15150,เขตพื้นที่การศึกษาลพบุรี เขต 1
หัวสำโรง,ต.หัวสำโรง อ.ท่าวุ้ง จ.ลพบุรี 15150,เขตพื้นที่การศึกษาลพบุรี เขต 1
หนองน้ำทิพย์,ต.พุคา อ.บ้านหมี่ จ.ลพบุรี 15110,เขตพื้นที่การศึกษาลพบุรี เขต 1
หนองกระเบียน,ต.หนองกระเบียน อ.บ้านหมี่ จ.ลพบุรี 15110,เขตพื้นที่การศึกษาลพบุรี เขต 1
หนองคู,ต.หนองกระเบียน อ.บ้านหมี่ จ.ลพบุรี 15110,เขตพื้นที่การศึกษาลพบุรี เขต 1
หนองโพธิ์,ต.หนองกระเบียน อ.บ้านหมี่ จ.ลพบุรี 15110,เขตพื้นที่การศึกษาลพบุรี เขต 1
หนองกระเบื้อง,ต.สายห้วยแก้ว อ.บ้านหมี่ จ.ลพบุรี 15110,เขตพื้นที่การศึกษาลพบุรี เขต 1
ห้วยแก้ว,ต.มหาสอน อ.บ้านหมี่ จ.ลพบุรี 15110,เขตพื้นที่การศึกษาลพบุรี เขต 1
หนองเมือง,ต.หนองเมือง อ.บ้านหมี่ จ.ลพบุรี 15110,เขตพื้นที่การศึกษาลพบุรี เขต 1
ห้วยกรวด,ต.หนองเมือง อ.บ้านหมี่ จ.ลพบุรี 15110,เขตพื้นที่การศึกษาลพบุรี เขต 1
หัวว่าว,ต.บางมัญ อ.เมืองสิงห์บุรี จ.สิงห์บุรี 16000,เขตพื้นที่การศึกษาสิงห์บุรี เขต 1
ห้วย,ต.พักทัน อ.บางระจัน จ.สิงห์บุรี 16130,เขตพื้นที่การศึกษาสิงห์บุรี เขต 1
หลวง,ต.บางน้ำเชี่ยว อ.พรหมบุรี จ.สิงห์บุรี 16120,เขตพื้นที่การศึกษาสิงห์บุรี เขต 1
หนองสุ่ม,ต.ห้วยชัน อ.อินทร์บุรี จ.สิงห์บุรี 16110,เขตพื้นที่การศึกษาสิงห์บุรี เขต 1
หลวงพ่อขาว,ต.ชัยนาท อ.เมืองชัยนาท จ.ชัยนาท 17000,เขตพื้นที่การศึกษาชัยนาท เขต 1
หนองเต่าดำ,ต.เสือโฮก อ.เมืองชัยนาท จ.ชัยนาท 17000,เขตพื้นที่การศึกษาชัยนาท เขต 1
หนองพังนาค,ต.เสือโฮก อ.เมืองชัยนาท จ.ชัยนาท 17000,เขตพื้นที่การศึกษาชัยนาท เขต 1
หัวยาง(รัฐราษฎร์นุเคราะห์),ต.ท่าฉนวน อ.มโนรมย์ จ.ชัยนาท 17110,เขตพื้นที่การศึกษาชัยนาท เขต 1
หางแขยง(สถิตราษฎร์บำรุง),ต.หางน้ำสาคร อ.มโนรมย์ จ.ชัยนาท 17170,เขตพื้นที่การศึกษาชัยนาท เขต 1
หัวหว้า,ต.ไร่พัฒนา อ.มโนรมย์ จ.ชัยนาท 17170,เขตพื้นที่การศึกษาชัยนาท เขต 1
หนองตาตน,ต.อู่ตะเภา อ.มโนรมย์ จ.ชัยนาท 17110,เขตพื้นที่การศึกษาชัยนาท เขต 1
หนองน้อย,ต.มะขามเฒ่า อ.วัดสิงห์ จ.ชัยนาท 17120,เขตพื้นที่การศึกษาชัยนาท เขต 1
หนองบัว(รัฐปทุมราษฎร์อุปถัมภ์),ต.หนองบัว อ.วัดสิงห์ จ.ชัยนาท 17120,เขตพื้นที่การศึกษาชัยนาท เขต 1
หนองจิก,ต.บ่อแร่ อ.วัดสิงห์ จ.ชัยนาท 17120,เขตพื้นที่การศึกษาชัยนาท เขต 1
หลวงสิริบูรณาราม,ต.สรรพยา อ.สรรพยา จ.ชัยนาท 17150,เขตพื้นที่การศึกษาชัยนาท เขต 1
หาดอาษา,ต.หาดอาษา อ.สรรพยา จ.ชัยนาท 17150,เขตพื้นที่การศึกษาชัยนาท เขต 1
หัวตะพาน,ต.แพรกศรีราชา อ.สรรคบุรี จ.ชัยนาท 17140,เขตพื้นที่การศึกษาชัยนาท เขต 1
หอระฆัง,ต.บางขุด อ.สรรคบุรี จ.ชัยนาท 17140,เขตพื้นที่การศึกษาชัยนาท เขต 1
หัวเด่น,ต.บางขุด อ.สรรคบุรี จ.ชัยนาท 17140,เขตพื้นที่การศึกษาชัยนาท เขต 1
หนองแขม,ต.ดงคอน อ.สรรคบุรี จ.ชัยนาท 17140,เขตพื้นที่การศึกษาชัยนาท เขต 1
หนองแซง,ต.หนองแซง อ.หันคา จ.ชัยนาท 17160,เขตพื้นที่การศึกษาชัยนาท เขต 1
หนองเขื่อนช้าง,ต.หนองยาว อ.เมืองสระบุรี จ.สระบุรี 18000,เขตพื้นที่การศึกษาสระบุรี เขต 1
หนองยาวใต้,ต.หนองยาว อ.เมืองสระบุรี จ.สระบุรี 18000,เขตพื้นที่การศึกษาสระบุรี เขต 1
หนองยาวสูง,ต.หนองยาว อ.เมืองสระบุรี จ.สระบุรี 18000,เขตพื้นที่การศึกษาสระบุรี เขต 1
หนองบัว,ต.ตลิ่งชัน อ.เมืองสระบุรี จ.สระบุรี 18000,เขตพื้นที่การศึกษาสระบุรี เขต 1
ห้วยลี่,ต.ตลิ่งชัน อ.เมืองสระบุรี จ.สระบุรี 18000,เขตพื้นที่การศึกษาสระบุรี เขต 1
หนองน้ำเขียว(วันดาคุณอุปถัมภ์),ต.ห้วยแห้ง อ.แก่งคอย จ.สระบุรี 18110,เขตพื้นที่การศึกษาสระบุรี เขต 2
ห้วยคงคาวราวาส,ต.ห้วยแห้ง อ.แก่งคอย จ.สระบุรี 18110,เขตพื้นที่การศึกษาสระบุรี เขต 2
หาดสองแคว(สมบูรณ์วิทยาคาร),ต.ท่าคล้อ อ.แก่งคอย จ.สระบุรี 18110,เขตพื้นที่การศึกษาสระบุรี เขต 2
หนองจอกใหญ่,ต.โคกแย้ อ.หนองแค จ.สระบุรี 18230,เขตพื้นที่การศึกษาสระบุรี เขต 2
หนองผักชี,ต.โคกแย้ อ.หนองแค จ.สระบุรี 18230,เขตพื้นที่การศึกษาสระบุรี เขต 2
หนองสมัคร(มูลนิธิสุขาวดีอุปถัมภ์),ต.โคกแย้ อ.หนองแค จ.สระบุรี 18230,เขตพื้นที่การศึกษาสระบุรี เขต 2
ห้วยขมิ้น,ต.ห้วยขมิ้น อ.หนองแค จ.สระบุรี 18230,เขตพื้นที่การศึกษาสระบุรี เขต 2
ห้วยทองหลาง,ต.ห้วยขมิ้น อ.หนองแค จ.สระบุรี 18220,เขตพื้นที่การศึกษาสระบุรี เขต 2
ห้วยทราย(อดิเรกสารประชานุสรณ์),ต.ห้วยทราย อ.หนองแค จ.สระบุรี 18230,เขตพื้นที่การศึกษาสระบุรี เขต 2
หนองอ่างทอง,ต.หนองแขม อ.หนองแค จ.สระบุรี 18140,เขตพื้นที่การศึกษาสระบุรี เขต 2
หนองจิก(บุญมีประชานุกูล),ต.หนองจิก อ.หนองแค จ.สระบุรี 18230,เขตพื้นที่การศึกษาสระบุรี เขต 2
หนองตะเฆ่,ต.หนองจรเข้ อ.หนองแค จ.สระบุรี 18140,เขตพื้นที่การศึกษาสระบุรี เขต 2
หนองตาเดี้ยง,ต.หนองจรเข้ อ.หนองแค จ.สระบุรี 18140,เขตพื้นที่การศึกษาสระบุรี เขต 2
หนองครก,ต.หนองนาก อ.หนองแค จ.สระบุรี 18230,เขตพื้นที่การศึกษาสระบุรี เขต 2
หนองปลากะดี่,ต.หนองปลาหมอ อ.หนองแค จ.สระบุรี 18140,เขตพื้นที่การศึกษาสระบุรี เขต 2
หนองปลาหมอ,ต.หนองปลาหมอ อ.หนองแค จ.สระบุรี 18140,เขตพื้นที่การศึกษาสระบุรี เขต 2
หนองปลิง,ต.หนองปลิง อ.หนองแค จ.สระบุรี 18140,เขตพื้นที่การศึกษาสระบุรี เขต 2
หนองสะเดา(สุนทรพิทยา),ต.หนองปลิง อ.หนองแค จ.สระบุรี 18140,เขตพื้นที่การศึกษาสระบุรี เขต 2
หนองโรง,ต.หนองโรง อ.หนองแค จ.สระบุรี 18140,เขตพื้นที่การศึกษาสระบุรี เขต 2
หนองหมูใต้(ไพบูลย์วิทยาคาร),ต.หนองหมู อ.วิหารแดง จ.สระบุรี 18150,เขตพื้นที่การศึกษาสระบุรี เขต 2
หนองตาบุญ,ต.บ้านลำ อ.วิหารแดง จ.สระบุรี 18150,เขตพื้นที่การศึกษาสระบุรี เขต 2
หนองไทร,ต.คลองเรือ อ.วิหารแดง จ.สระบุรี 18150,เขตพื้นที่การศึกษาสระบุรี เขต 2
หนองโพธิ์,ต.หนองสรวง อ.วิหารแดง จ.สระบุรี 18150,เขตพื้นที่การศึกษาสระบุรี เขต 2
หนองสรวง(ถิรอุทิศ),ต.หนองสรวง อ.วิหารแดง จ.สระบุรี 18150,เขตพื้นที่การศึกษาสระบุรี เขต 2
หนองกีบม้า,ต.หนองแซง อ.หนองแซง จ.สระบุรี 18170,เขตพื้นที่การศึกษาสระบุรี เขต 1
หนองหัวโพ,ต.หนองหัวโพ อ.หนองแซง จ.สระบุรี 18170,เขตพื้นที่การศึกษาสระบุรี เขต 1
หนองสีดา,ต.หนองสีดา อ.หนองแซง จ.สระบุรี 18170,เขตพื้นที่การศึกษาสระบุรี เขต 1
หนองกบ(ไทยกล้าประชานุกูล),ต.หนองกบ อ.หนองแซง จ.สระบุรี 18170,เขตพื้นที่การศึกษาสระบุรี เขต 1
หนองทางบุญ,ต.หนองกบ อ.หนองแซง จ.สระบุรี 18170,เขตพื้นที่การศึกษาสระบุรี เขต 1
หนองกะธาตุ,ต.โคกสะอาด อ.หนองแซง จ.สระบุรี 18170,เขตพื้นที่การศึกษาสระบุรี เขต 1
หนองสองห้อง,ต.ม่วงหวาน อ.หนองแซง จ.สระบุรี 18170,เขตพื้นที่การศึกษาสระบุรี เขต 1
หนองนางปุ๋ย,ต.โคกใหญ่ อ.บ้านหมอ จ.สระบุรี 18130,เขตพื้นที่การศึกษาสระบุรี เขต 1
หนองพันเรือ(สำนักงานสลากกินแบ่งฯ),ต.ไผ่ขวาง อ.บ้านหมอ จ.สระบุรี 18130,เขตพื้นที่การศึกษาสระบุรี เขต 1
หนองคล้า(สำนักงานสลกกินแบ่งฯ),ต.หนองบัว อ.บ้านหมอ จ.สระบุรี 18130,เขตพื้นที่การศึกษาสระบุรี เขต 1
หนองมน(ลอยเคลือบประชานุกูล),ต.บ้านหลวง อ.ดอนพุด จ.สระบุรี 18210,เขตพื้นที่การศึกษาสระบุรี เขต 1
หนองระกำ(กำลังดำเนินการล้มเลิก),ต.หนองโดน อ.หนองโดน จ.สระบุรี 18190,เขตพื้นที่การศึกษาสระบุรี เขต 1
หัวถนน,ต.บ้านโปร่ง อ.หนองโดน จ.สระบุรี 18190,เขตพื้นที่การศึกษาสระบุรี เขต 1
หนองโป่ง(กำลังดำเนินการล้มเลิก),ต.ห้วยป่าหวาย อ.พระพุทธบาท จ.สระบุรี 18120,เขตพื้นที่การศึกษาสระบุรี เขต 1
หนองสุทธะ,ต.ห้วยป่าหวาย อ.พระพุทธบาท จ.สระบุรี 18120,เขตพื้นที่การศึกษาสระบุรี เขต 1
หนองคณฑี(พลานุกูล),ต.พุกร่าง อ.พระพุทธบาท จ.สระบุรี 18120,เขตพื้นที่การศึกษาสระบุรี เขต 1
หนองจิก,ต.หนองแก อ.พระพุทธบาท จ.สระบุรี 18120,เขตพื้นที่การศึกษาสระบุรี เขต 1
ห้วยหวาย,ต.หัวปลวก อ.เสาไห้ จ.สระบุรี 31130,เขตพื้นที่การศึกษาสระบุรี เขต 1
หนองหว้า,ต.พุแค อ.เฉลิมพระเกียรติ จ.สระบุรี 18240,เขตพื้นที่การศึกษาสระบุรี เขต 1
ห้วยบง (บริษัทข้าวไทยจำกัดสงเคราะห์ 3),ต.ห้วยบง อ.เฉลิมพระเกียรติ จ.สระบุรี 18000,เขตพื้นที่การศึกษาสระบุรี เขต 1
หนองน้ำเขียว,ต.คลองกิ่ว อ.บ้านบึง จ.ชลบุรี 20170,เขตพื้นที่การศึกษาชลบุรี เขต 1
หนองบอนแดง,ต.หนองบอนแดง อ.บ้านบึง จ.ชลบุรี 20170,เขตพื้นที่การศึกษาชลบุรี เขต 1
หนองยาง,ต.หนองบอนแดง อ.บ้านบึง จ.ชลบุรี 20170,เขตพื้นที่การศึกษาชลบุรี เขต 1
หนองชันจันทนาราม,ต.หนองอิรุณ อ.บ้านบึง จ.ชลบุรี 20170,เขตพื้นที่การศึกษาชลบุรี เขต 1
หนองเกตุน้อย,ต.หนองปลาไหล อ.บางละมุง จ.ชลบุรี 20150,เขตพื้นที่การศึกษาชลบุรี เขต 3
หนองเกตุใหญ่,ต.หนองปลาไหล อ.บางละมุง จ.ชลบุรี 20150,เขตพื้นที่การศึกษาชลบุรี เขต 3
หนองแช่แว่น,ต.มาบโป่ง อ.พานทอง จ.ชลบุรี 20160,เขตพื้นที่การศึกษาชลบุรี เขต 2
หนองกาน้ำ,ต.หนองหงษ์ อ.พานทอง จ.ชลบุรี 20160,เขตพื้นที่การศึกษาชลบุรี เขต 2
หนองกะขะ,ต.หนองหงษ์ อ.พานทอง จ.ชลบุรี 20160,เขตพื้นที่การศึกษาชลบุรี เขต 2
ห้วยยาง,ต.หนองหงษ์ อ.พานทอง จ.ชลบุรี 20160,เขตพื้นที่การศึกษาชลบุรี เขต 2
หนองปรือ(สามัคคีราษฎร์บำรุง),ต.หนองปรือ อ.พนัสนิคม จ.ชลบุรี 20140,เขตพื้นที่การศึกษาชลบุรี เขต 2
หน้าพระธาตุ,ต.หน้าพระธาตุ อ.พนัสนิคม จ.ชลบุรี 20140,เขตพื้นที่การศึกษาชลบุรี เขต 2
หลวงพรหมาวาส,ต.วัดหลวง อ.พนัสนิคม จ.ชลบุรี 20140,เขตพื้นที่การศึกษาชลบุรี เขต 2
หัวถนน(สภาจังหวัด2502),ต.หัวถนน อ.พนัสนิคม จ.ชลบุรี 20140,เขตพื้นที่การศึกษาชลบุรี เขต 2
หนองม่วงใหม่,ต.หนองขยาด อ.พนัสนิคม จ.ชลบุรี 20140,เขตพื้นที่การศึกษาชลบุรี เขต 2
หนองสังข์,ต.หนองเหียง อ.พนัสนิคม จ.ชลบุรี 20140,เขตพื้นที่การศึกษาชลบุรี เขต 2
หนองคล้า,ต.บึง อ.ศรีราชา จ.ชลบุรี 20230,เขตพื้นที่การศึกษาชลบุรี เขต 3
หนองขาม(ไตรราษฏร์อำรุง),ต.หนองขาม อ.ศรีราชา จ.ชลบุรี 20280,เขตพื้นที่การศึกษาชลบุรี เขต 3
หนองจับเต่า,ต.นาจอมเทียน อ.สัตหีบ จ.ชลบุรี 20250,เขตพื้นที่การศึกษาชลบุรี เขต 3
หนองสนม,ต.เนินพระ อ.เมืองระยอง จ.ระยอง 21000,เขตพื้นที่การศึกษาระยอง เขต 1
ห้วยโป่ง,ต.ห้วยโป่ง อ.เมืองระยอง จ.ระยอง 21150,เขตพื้นที่การศึกษาระยอง เขต 1
หนองกันเกรา,ต.ทางเกวียน อ.แกลง จ.ระยอง 21110,เขตพื้นที่การศึกษาระยอง เขต 2
หนองกะพ้อ,ต.ทุ่งควายกิน อ.แกลง จ.ระยอง 21110,เขตพื้นที่การศึกษาระยอง เขต 2
หนองกระบอก,ต.หนองละลอก อ.บ้านค่าย จ.ระยอง 21120,เขตพื้นที่การศึกษาระยอง เขต 1
หนองตะแบก,ต.ตาขัน อ.บ้านค่าย จ.ระยอง 21120,เขตพื้นที่การศึกษาระยอง เขต 1
หนองพะวา,ต.บางบุตร อ.บ้านค่าย จ.ระยอง 21120,เขตพื้นที่การศึกษาระยอง เขต 1
หวายกรอง,ต.บางบุตร อ.บ้านค่าย จ.ระยอง 21120,เขตพื้นที่การศึกษาระยอง เขต 1
หนองกรับ,ต.หนองบัว อ.บ้านค่าย จ.ระยอง 21120,เขตพื้นที่การศึกษาระยอง เขต 1
ห้วงหิน,ต.ชากบก อ.บ้านค่าย จ.ระยอง 21120,เขตพื้นที่การศึกษาระยอง เขต 1
หนองบัว,ต.หนองบัว อ.เมืองจันทบุรี จ.จันทบุรี 22000,เขตพื้นที่การศึกษาจันทบุรี เขต 1
หนองคัน,ต.ตะกาดเง้า อ.ท่าใหม่ จ.จันทบุรี 22120,เขตพื้นที่การศึกษาจันทบุรี เขต 1
หมูดุด,ต.คลองขุด อ.ท่าใหม่ จ.จันทบุรี 22120,เขตพื้นที่การศึกษาจันทบุรี เขต 1
หนองชิ่ม,ต.หนองชิ่ม อ.แหลมสิงห์ จ.จันทบุรี 22130,เขตพื้นที่การศึกษาจันทบุรี เขต 2
หนองแหวน,ต.กระแจะ อ.นายายอาม จ.จันทบุรี 22170,เขตพื้นที่การศึกษาจันทบุรี เขต 1
หนองสีงา (ประถมบูรณ์รัฐราษฎร์สงเคราะห์),ต.วังใหม่ อ.นายายอาม จ.จันทบุรี 22170,เขตพื้นที่การศึกษาจันทบุรี เขต 1
หนองเสม็ด (อรรถพรสงเคราะห์),ต.หนองเสม็ด อ.เมืองตราด จ.ตราด 23000,เขตพื้นที่การศึกษาตราด เขต 1
หนองคันทรง,ต.หนองคันทรง อ.เมืองตราด จ.ตราด 23000,เขตพื้นที่การศึกษาตราด เขต 1
ห้วงน้ำขาว,ต.ห้วงน้ำขาว อ.เมืองตราด จ.ตราด 23000,เขตพื้นที่การศึกษาตราด เขต 1
ห้วงโสม,ต.ไม้รูด อ.คลองใหญ่ จ.ตราด 23110,เขตพื้นที่การศึกษาตราด เขต 1
หนามแดง,ต.หนามแดง อ.เมืองฉะเชิงเทรา จ.ฉะเชิงเทรา 24000,เขตพื้นที่การศึกษาฉะเชิงเทรา เขต 1
หัวสวน,ต.เสม็ดใต้ อ.บางคล้า จ.ฉะเชิงเทรา 24110,เขตพื้นที่การศึกษาฉะเชิงเทรา เขต 2
หัวไทร,ต.หัวไทร อ.บางคล้า จ.ฉะเชิงเทรา 24110,เขตพื้นที่การศึกษาฉะเชิงเทรา เขต 2
หลวงแพ่ง,ต.ศาลาแดง อ.บางน้ำเปรี้ยว จ.ฉะเชิงเทรา 24150,เขตพื้นที่การศึกษาฉะเชิงเทรา เขต 1
หล่อเจริญราษฎร์วราราม,ต.หอมศีล อ.บางปะกง จ.ฉะเชิงเทรา 24180,เขตพื้นที่การศึกษาฉะเชิงเทรา เขต 1
หนองกระสังสามัคคี,ต.แหลมประดู่ อ.บ้านโพธิ์ จ.ฉะเชิงเทรา 24140,เขตพื้นที่การศึกษาฉะเชิงเทรา เขต 1
หนองเสือ,ต.เกาะขนุน อ.พนมสารคาม จ.ฉะเชิงเทรา 24120,เขตพื้นที่การศึกษาฉะเชิงเทรา เขต 2
หัวกระสังข์,ต.บ้านซ่อง อ.พนมสารคาม จ.ฉะเชิงเทรา 24120,เขตพื้นที่การศึกษาฉะเชิงเทรา เขต 2
หนองปาตอง,ต.หนองยาว อ.พนมสารคาม จ.ฉะเชิงเทรา 24120,เขตพื้นที่การศึกษาฉะเชิงเทรา เขต 2
หนองเค็ด (ศักดิ์ศิลป์บุญลือราษฏร์),ต.ท่าถ่าน อ.พนมสารคาม จ.ฉะเชิงเทรา 24110,เขตพื้นที่การศึกษาฉะเชิงเทรา เขต 2
หนองบัว,ต.หนองแหน อ.พนมสารคาม จ.ฉะเชิงเทรา 24120,เขตพื้นที่การศึกษาฉะเชิงเทรา เขต 2
หนองแหน,ต.หนองแหน อ.พนมสารคาม จ.ฉะเชิงเทรา 24120,เขตพื้นที่การศึกษาฉะเชิงเทรา เขต 2
หนองปรือ,ต.เขาหินซ้อน อ.พนมสารคาม จ.ฉะเชิงเทรา 24120,เขตพื้นที่การศึกษาฉะเชิงเทรา เขต 2
หินดาษ,ต.ดงน้อย อ.ราชสาส์น จ.ฉะเชิงเทรา 24120,เขตพื้นที่การศึกษาฉะเชิงเทรา เขต 2
หัวสำโรง,ต.หัวสำโรง อ.แปลงยาว จ.ฉะเชิงเทรา 24190,เขตพื้นที่การศึกษาฉะเชิงเทรา เขต 2
หนองไม้แก่น,ต.หนองไม้แก่น อ.แปลงยาว จ.ฉะเชิงเทรา 24190,เขตพื้นที่การศึกษาฉะเชิงเทรา เขต 2
หัวกรด,ต.บางเดชะ อ.เมืองปราจีนบุรี จ.ปราจีนบุรี 25000,เขตพื้นที่การศึกษาปราจีนบุรี เขต 1
หาดสะแก,ต.ท่างาม อ.เมืองปราจีนบุรี จ.ปราจีนบุรี 25000,เขตพื้นที่การศึกษาปราจีนบุรี เขต 1
หาดสูง,ต.หาดนางแก้ว อ.กบินทร์บุรี จ.ปราจีนบุรี 25110,เขตพื้นที่การศึกษาปราจีนบุรี เขต 1
หัวไผ่,ต.บางพลวง อ.บ้านสร้าง จ.ปราจีนบุรี 25150,เขตพื้นที่การศึกษาปราจีนบุรี เขต 1
หนองคุ้ม,ต.คำโตนด อ.ประจันตคาม จ.ปราจีนบุรี 25130,เขตพื้นที่การศึกษาปราจีนบุรี เขต 1
หนองแก้ว,ต.หนองแก้ว อ.ประจันตคาม จ.ปราจีนบุรี 25130,เขตพื้นที่การศึกษาปราจีนบุรี เขต 1
หนองหูช้าง,ต.ศรีมหาโพธิ อ.ศรีมหาโพธิ จ.ปราจีนบุรี 25140,เขตพื้นที่การศึกษาปราจีนบุรี เขต 1
หลังถ้ำวิทยาคาร,ต.ท่าตูม อ.ศรีมหาโพธิ จ.ปราจีนบุรี 25140,เขตพื้นที่การศึกษาปราจีนบุรี เขต 1
หนองโพรง,ต.หนองโพรง อ.ศรีมหาโพธิ จ.ปราจีนบุรี 25140,เขตพื้นที่การศึกษาปราจีนบุรี เขต 1
หนองเกตุ,ต.โคกไทย อ.ศรีมโหสถ จ.ปราจีนบุรี 25190,เขตพื้นที่การศึกษาปราจีนบุรี เขต 1
หนองทองทราย,ต.ดงละคร อ.เมืองนครนายก จ.นครนายก 26000,เขตพื้นที่การศึกษานครนายก เขต 1
หุบเมย,ต.หินตั้ง อ.เมืองนครนายก จ.นครนายก 26000,เขตพื้นที่การศึกษานครนายก เขต 1
หนองเตยตั้งตรงจิตร 8,ต.พรหมณี อ.เมืองนครนายก จ.นครนายก 26000,เขตพื้นที่การศึกษานครนายก เขต 1
หนองรี,ต.บ้านพร้าว อ.บ้านนา จ.นครนายก 26110,เขตพื้นที่การศึกษานครนายก เขต 1
หนองคันจาม,ต.บ้านพริก อ.บ้านนา จ.นครนายก 26110,เขตพื้นที่การศึกษานครนายก เขต 1
หนองเคี่ยม,ต.ป่าขะ อ.บ้านนา จ.นครนายก 26000,เขตพื้นที่การศึกษานครนายก เขต 1
หนองติม,ต.ทัพราช อ.ตาพระยา จ.สระแก้ว 27180,เขตพื้นที่การศึกษาสระแก้ว เขต 2
ห้วยเดื่อ,ต.ผักขะ อ.วัฒนานคร จ.สระแก้ว 27160,เขตพื้นที่การศึกษาสระแก้ว เขต 2
หนองม่วง,ต.หนองม่วง อ.โคกสูง จ.สระแก้ว 27180,เขตพื้นที่การศึกษาสระแก้ว เขต 2
หินมงคล,ต.สีสุก อ.จักราช จ.นครราชสีมา 30230,เขตพื้นที่การศึกษานครราชสีมา เขต 2
หนองนกคุ่ม,ต.หนองขาม อ.จักราช จ.นครราชสีมา 30230,เขตพื้นที่การศึกษานครราชสีมา เขต 2
หนองจอก,ต.หนองพลวง อ.จักราช จ.นครราชสีมา 30230,เขตพื้นที่การศึกษานครราชสีมา เขต 2
หนองพลวง,ต.หนองพลวง อ.จักราช จ.นครราชสีมา 30230,เขตพื้นที่การศึกษานครราชสีมา เขต 2
หนองบัวยอดแก้ว,ต.คลองเมือง อ.จักราช จ.นครราชสีมา 30230,เขตพื้นที่การศึกษานครราชสีมา เขต 2
หนองกราด(สังวรอุปถัมภ์),ต.หนองกราด อ.ด่านขุนทด จ.นครราชสีมา 30210,เขตพื้นที่การศึกษานครราชสีมา เขต 5
หนองราง,ต.ค้างพลู อ.โนนไทย จ.นครราชสีมา 30220,เขตพื้นที่การศึกษานครราชสีมา เขต 5
หงษ์,ต.นกออก อ.ปักธงชัย จ.นครราชสีมา 30150,เขตพื้นที่การศึกษานครราชสีมา เขต 3
หลุมข้าว,ต.เกษมทรัพย์ อ.ปักธงชัย จ.นครราชสีมา 30150,เขตพื้นที่การศึกษานครราชสีมา เขต 3
หนองนา,ต.งิ้ว อ.ห้วยแถลง จ.นครราชสีมา 30240,เขตพื้นที่การศึกษานครราชสีมา เขต 2
หนองตะครอง,ต.หนองเต็ง อ.กระสัง จ.บุรีรัมย์ 31160,เขตพื้นที่การศึกษาบุรีรัมย์ เขต 2
หงษ์,ต.มะเฟือง อ.พุทไธสง จ.บุรีรัมย์ 31120,เขตพื้นที่การศึกษาบุรีรัมย์ เขต 4
หนองกระทุ่ม,ต.บ้านยาง อ.ลำปลายมาศ จ.บุรีรัมย์ 31130,เขตพื้นที่การศึกษาบุรีรัมย์ เขต 1
ห้วยหวาย,ต.โคกสะอาด อ.ลำปลายมาศ จ.บุรีรัมย์ 31130,เขตพื้นที่การศึกษาบุรีรัมย์ เขต 1
หนองเก้าข่า,ต.เมืองแฝก อ.ลำปลายมาศ จ.บุรีรัมย์ 31130,เขตพื้นที่การศึกษาบุรีรัมย์ เขต 1
หนองขุนปราบ,ต.เมืองแฝก อ.ลำปลายมาศ จ.บุรีรัมย์ 31130,เขตพื้นที่การศึกษาบุรีรัมย์ เขต 1
หนองครก,ต.เมืองแฝก อ.ลำปลายมาศ จ.บุรีรัมย์ 31130,เขตพื้นที่การศึกษาบุรีรัมย์ เขต 1
หนองสองห้อง,ต.เมืองแฝก อ.ลำปลายมาศ จ.บุรีรัมย์ 31130,เขตพื้นที่การศึกษาบุรีรัมย์ เขต 1
หัวสะพาน,ต.หินโคน อ.ลำปลายมาศ จ.บุรีรัมย์ 31130,เขตพื้นที่การศึกษาบุรีรัมย์ เขต 1
ห้วยหิน,ต.ห้วยหิน อ.หนองหงส์ จ.บุรีรัมย์ 31240,เขตพื้นที่การศึกษาบุรีรัมย์ เขต 3
หนองปล่อง,ต.หนองปล่อง อ.ชำนิ จ.บุรีรัมย์ 31110,เขตพื้นที่การศึกษาบุรีรัมย์ เขต 1
หลักศิลา,ต.หนองแวง อ.บ้านใหม่ไชยพจน์ จ.บุรีรัมย์ 31120,เขตพื้นที่การศึกษาบุรีรัมย์ เขต 4
หลวงวิทยา,ต.เมืองใต้ อ.เมืองศรีสะเกษ จ.ศรีสะเกษ 33000,เขตพื้นที่การศึกษาศรีสะเกษ เขต 1
หนองป่าครั่ง,ต.หนองป่าครั่ง อ.เมืองเชียงใหม่ จ.เชียงใหม่ 50000,เขตพื้นที่การศึกษาเชียงใหม่ เขต 1
ห้วยไร่,ต.ขี้เหล็ก อ.แม่แตง จ.เชียงใหม่,เขตพื้นที่การศึกษาเชียงใหม่ เขต 2
หนองออน,ต.อินทขิล อ.แม่แตง จ.เชียงใหม่ 50150,เขตพื้นที่การศึกษาเชียงใหม่ เขต 2
ห้วยน้ำเย็น,ต.ท่าตอน อ.แม่อาย จ.เชียงใหม่ 50280,เขตพื้นที่การศึกษาเชียงใหม่ เขต 3
หนองครอบ,ต.แม่ก๊า อ.สันป่าตอง จ.เชียงใหม่ 50120,เขตพื้นที่การศึกษาเชียงใหม่ เขต 4
ห้วยโท้ง,ต.น้ำบ่อหลวง อ.สันป่าตอง จ.เชียงใหม่ 50120,เขตพื้นที่การศึกษาเชียงใหม่ เขต 4
หนองแสะ,ต.ห้วยทราย อ.สันกำแพง จ.เชียงใหม่ 50130,เขตพื้นที่การศึกษาเชียงใหม่ เขต 1
ห้วยแก้ว,ต.ดอนเปา อ.แม่วาง จ.เชียงใหม่ 50360,เขตพื้นที่การศึกษาเชียงใหม่ เขต 4
หนองหอย,ต.ออนเหนือ อ.แม่ออน จ.เชียงใหม่ 50130,เขตพื้นที่การศึกษาเชียงใหม่ เขต 1
ห้วยแก้ว,ต.ห้วยแก้ว อ.แม่ออน จ.เชียงใหม่ 50130,เขตพื้นที่การศึกษาเชียงใหม่ เขต 1
ห้วยทราย,ต.แม่ทา อ.แม่ออน จ.เชียงใหม่ 50130,เขตพื้นที่การศึกษาเชียงใหม่ เขต 1
หนองหลั้ว,ต.ยางคราม อ.ดอยหล่อ จ.เชียงใหม่ 50160,เขตพื้นที่การศึกษาเชียงใหม่ เขต 4
หัวฝาย,ต.หนองช้างคืน อ.เมืองลำพูน จ.ลำพูน 51000,เขตพื้นที่การศึกษาลำพูน เขต 1
หนองซิว,ต.ป่าสัก อ.เมืองลำพูน จ.ลำพูน 51000,เขตพื้นที่การศึกษาลำพูน เขต 1
หนองท่า,ต.ป่าสัก อ.เมืองลำพูน จ.ลำพูน 51000,เขตพื้นที่การศึกษาลำพูน เขต 1
ห้วยม้าโก้ง,ต.ป่าสัก อ.เมืองลำพูน จ.ลำพูน 51000,เขตพื้นที่การศึกษาลำพูน เขต 1
หนองหล่ม,ต.ศรีบัวบาน อ.เมืองลำพูน จ.ลำพูน 51000,เขตพื้นที่การศึกษาลำพูน เขต 1
หนองเหียง,ต.หนองหนาม อ.เมืองลำพูน จ.ลำพูน 51000,เขตพื้นที่การศึกษาลำพูน เขต 1
หนองสมณะ,ต.นครเจดีย์ อ.ป่าซาง จ.ลำพูน 51120,เขตพื้นที่การศึกษาลำพูน เขต 1
ห้วยยาบ,ต.ห้วยยาบ อ.บ้านธิ จ.ลำพูน 51180,เขตพื้นที่การศึกษาลำพูน เขต 1
หนองยวง,ต.หนองยวง อ.เวียงหนองล่อง จ.ลำพูน 51120,เขตพื้นที่การศึกษาลำพูน เขต 2
หลวงวิทยา,ต.กล้วยแพะ อ.เมืองลำปาง จ.ลำปาง 52000,เขตพื้นที่การศึกษาลำปาง เขต 1
หัวฝาย,ต.บ้านดง อ.แม่เมาะ จ.ลำปาง 52220,เขตพื้นที่การศึกษาลำปาง เขต 1
ห้วยคิง,ต.แม่เมาะ อ.แม่เมาะ จ.ลำปาง 52220,เขตพื้นที่การศึกษาลำปาง เขต 1
หาดปู่ด้าย,ต.นาแส่ง อ.เกาะคา จ.ลำปาง 52130,เขตพื้นที่การศึกษาลำปาง เขต 2
หนองหิน,ต.สองห้อง อ.ฟากท่า จ.อุตรดิตถ์ 53160,เขตพื้นที่การศึกษาอุตรดิตถ์ เขต 2
ห้องสูง,ต.ชัยจุมพล อ.ลับแล จ.อุตรดิตถ์ 53130,เขตพื้นที่การศึกษาอุตรดิตถ์ เขต 1
ห้วยหม้าย(หมายประชากร),ต.ห้วยหม้าย อ.สอง จ.แพร่ 54120,เขตพื้นที่การศึกษาแพร่ เขต 1
หัวถนน,ต.บางพระหลวง อ.เมืองนครสวรรค์ จ.นครสวรรค์ 60000,เขตพื้นที่การศึกษานครสวรรค์ เขต 1
หนองเขนง,ต.หนองกรด อ.เมืองนครสวรรค์ จ.นครสวรรค์ 60240,เขตพื้นที่การศึกษานครสวรรค์ เขต 1
หนองโรง,ต.หนองกรด อ.เมืองนครสวรรค์ จ.นครสวรรค์ 60240,เขตพื้นที่การศึกษานครสวรรค์ เขต 1
หัวดง,ต.พระนอน อ.เมืองนครสวรรค์ จ.นครสวรรค์ 60000,เขตพื้นที่การศึกษานครสวรรค์ เขต 1
หาดทรายงาม,ต.วัดไทร อ.เมืองนครสวรรค์ จ.นครสวรรค์ 60000,เขตพื้นที่การศึกษานครสวรรค์ เขต 1
หนองกระโดน,ต.หนองกระโดน อ.เมืองนครสวรรค์ จ.นครสวรรค์ 60000,เขตพื้นที่การศึกษานครสวรรค์ เขต 1
หนองปลิง,ต.หนองปลิง อ.เมืองนครสวรรค์ จ.นครสวรรค์ 60000,เขตพื้นที่การศึกษานครสวรรค์ เขต 1
หนองพรมหน่อ,ต.เนินกว้าว อ.โกรกพระ จ.นครสวรรค์ 60170,เขตพื้นที่การศึกษานครสวรรค์ เขต 1
หัวกะทุ่ม,ต.พิกุล อ.ชุมแสง จ.นครสวรรค์ 60120,เขตพื้นที่การศึกษานครสวรรค์ เขต 1
หนองขอน,ต.ท่าไม้ อ.ชุมแสง จ.นครสวรรค์ 60120,เขตพื้นที่การศึกษานครสวรรค์ เขต 1
หนองกุ่ม,ต.หนองกระเจา อ.ชุมแสง จ.นครสวรรค์ 60250,เขตพื้นที่การศึกษานครสวรรค์ เขต 1
หนองโก,ต.หนองกระเจา อ.ชุมแสง จ.นครสวรรค์ 60120,เขตพื้นที่การศึกษานครสวรรค์ เขต 1
หนองปลาไหล,ต.ธารทหาร อ.หนองบัว จ.นครสวรรค์ 60110,เขตพื้นที่การศึกษานครสวรรค์ เขต 3
ห้วยธารทหาร,ต.วังบ่อ อ.หนองบัว จ.นครสวรรค์ 60110,เขตพื้นที่การศึกษานครสวรรค์ เขต 3
หูกวาง(เปรื่องอุ่นอุทิศ),ต.หูกวาง อ.บรรพตพิสัย จ.นครสวรรค์ 60180,เขตพื้นที่การศึกษานครสวรรค์ เขต 2
หนองปลาไหล,ต.ด่านช้าง อ.บรรพตพิสัย จ.นครสวรรค์ 60180,เขตพื้นที่การศึกษานครสวรรค์ เขต 2
หนองกรด,ต.หนองกรด อ.บรรพตพิสัย จ.นครสวรรค์ 60180,เขตพื้นที่การศึกษานครสวรรค์ เขต 2
หนองตางู,ต.หนองตางู อ.บรรพตพิสัย จ.นครสวรรค์ 60180,เขตพื้นที่การศึกษานครสวรรค์ เขต 2
หนองเต่า,ต.หนองเต่า อ.เก้าเลี้ยว จ.นครสวรรค์ 60230,เขตพื้นที่การศึกษานครสวรรค์ เขต 1
หนองแพงพวย,ต.หนองเต่า อ.เก้าเลี้ยว จ.นครสวรรค์ 60230,เขตพื้นที่การศึกษานครสวรรค์ เขต 1
หัวดงใต้(บางทองประชาสรรค์),ต.หัวดง อ.เก้าเลี้ยว จ.นครสวรรค์ 60230,เขตพื้นที่การศึกษานครสวรรค์ เขต 1
หัวดงเหนือ(บรรพตานุสรณ์),ต.หัวดง อ.เก้าเลี้ยว จ.นครสวรรค์ 60230,เขตพื้นที่การศึกษานครสวรรค์ เขต 1
หาดเสลา ( ไพศาลศิริราษฎร์อุปถัมภ์ ),ต.หัวดง อ.เก้าเลี้ยว จ.นครสวรรค์ 60230,เขตพื้นที่การศึกษานครสวรรค์ เขต 1
หนองจิกรี,ต.ตาคลี อ.ตาคลี จ.นครสวรรค์ 60140,เขตพื้นที่การศึกษานครสวรรค์ เขต 3
หนองสีนวล,ต.ตาคลี อ.ตาคลี จ.นครสวรรค์ 60140,เขตพื้นที่การศึกษานครสวรรค์ เขต 3
หนองตะโก,ต.จันเสน อ.ตาคลี จ.นครสวรรค์ 60260,เขตพื้นที่การศึกษานครสวรรค์ เขต 3
หนองโพ(นิวาสานุสรณ์),ต.หนองโพ อ.ตาคลี จ.นครสวรรค์ 60140,เขตพื้นที่การศึกษานครสวรรค์ เขต 3
ห้วยดุก,ต.หนองโพ อ.ตาคลี จ.นครสวรรค์ 60140,เขตพื้นที่การศึกษานครสวรรค์ เขต 3
หนองหม้อ,ต.หนองหม้อ อ.ตาคลี จ.นครสวรรค์ 60140,เขตพื้นที่การศึกษานครสวรรค์ เขต 3
หนองคูน้อย,ต.ลาดทิพรส อ.ตาคลี จ.นครสวรรค์ 60260,เขตพื้นที่การศึกษานครสวรรค์ เขต 3
หนองหญ้ารังกา,ต.พรหมนิมิต อ.ตาคลี จ.นครสวรรค์ 60201,เขตพื้นที่การศึกษานครสวรรค์ เขต 3
หนองเบน,ต.สายลำโพง อ.ท่าตะโก จ.นครสวรรค์ 60160,เขตพื้นที่การศึกษานครสวรรค์ เขต 3
หนองเสือ,ต.โคกเดื่อ อ.ไพศาลี จ.นครสวรรค์ 60220,เขตพื้นที่การศึกษานครสวรรค์ เขต 3
หนองไผ่ไพศาลี(สวัสดิ์อรุณอุปถัมภ์),ต.สำโรงชัย อ.ไพศาลี จ.นครสวรรค์ 60220,เขตพื้นที่การศึกษานครสวรรค์ เขต 3
หนองหมู,ต.เนินมะกอก อ.พยุหะคีรี จ.นครสวรรค์ 60130,เขตพื้นที่การศึกษานครสวรรค์ เขต 1
หัวงิ้ว,ต.เนินมะกอก อ.พยุหะคีรี จ.นครสวรรค์ 60130,เขตพื้นที่การศึกษานครสวรรค์ เขต 1
หาดสะแก,ต.ยางขาว อ.พยุหะคีรี จ.นครสวรรค์ 60130,เขตพื้นที่การศึกษานครสวรรค์ เขต 1
หนองคล่อ,ต.น้ำทรง อ.พยุหะคีรี จ.นครสวรรค์ 60130,เขตพื้นที่การศึกษานครสวรรค์ เขต 1
หนองกลอย,ต.เขากะลา อ.พยุหะคีรี จ.นครสวรรค์ 60130,เขตพื้นที่การศึกษานครสวรรค์ เขต 1
หนองกระทุ่ม,ต.ลาดยาว อ.ลาดยาว จ.นครสวรรค์ 60150,เขตพื้นที่การศึกษานครสวรรค์ เขต 2
หนองยาว,ต.หนองยาว อ.ลาดยาว จ.นครสวรรค์ 60150,เขตพื้นที่การศึกษานครสวรรค์ เขต 2
หนองไร่,ต.เนินขี้เหล็ก อ.ลาดยาว จ.นครสวรรค์ 60150,เขตพื้นที่การศึกษานครสวรรค์ เขต 2
ห้วยลำไย,ต.หนองพิกุล อ.ตากฟ้า จ.นครสวรรค์ 60190,เขตพื้นที่การศึกษานครสวรรค์ เขต 3
หนองตางู,ต.ดอนขวาง อ.เมืองอุทัยธานี จ.อุทัยธานี 61000,เขตพื้นที่การศึกษาอุทัยธานี เขต 1
หนองสลิด,ต.ดอนขวาง อ.เมืองอุทัยธานี จ.อุทัยธานี 61000,เขตพื้นที่การศึกษาอุทัยธานี เขต 1
หาดทนง,ต.หาดทนง อ.เมืองอุทัยธานี จ.อุทัยธานี 61000,เขตพื้นที่การศึกษาอุทัยธานี เขต 1
หนองแก,ต.หนองแก อ.เมืองอุทัยธานี จ.อุทัยธานี 61000,เขตพื้นที่การศึกษาอุทัยธานี เขต 1
หนองพังค่า (ประชานุกูล),ต.หนองพังค่า อ.เมืองอุทัยธานี จ.อุทัยธานี 61000,เขตพื้นที่การศึกษาอุทัยธานี เขต 1
หนองมะเขือ,ต.หนองกลางดง อ.ทัพทัน จ.อุทัยธานี 61120,เขตพื้นที่การศึกษาอุทัยธานี เขต 1
หนองเรือโกลน,ต.หนองกลางดง อ.ทัพทัน จ.อุทัยธานี 61120,เขตพื้นที่การศึกษาอุทัยธานี เขต 1
หนองสระ,ต.หนองสระ อ.ทัพทัน จ.อุทัยธานี 61120,เขตพื้นที่การศึกษาอุทัยธานี เขต 1
หนองนกยูง,ต.ตลุกดู่ อ.ทัพทัน จ.อุทัยธานี 61120,เขตพื้นที่การศึกษาอุทัยธานี เขต 1
หนองหลวง,ต.หนองหลวง อ.สว่างอารมณ์ จ.อุทัยธานี 61150,เขตพื้นที่การศึกษาอุทัยธานี เขต 1
ห้วยพระจันทร์,ต.หนองฉาง อ.หนองฉาง จ.อุทัยธานี 61110,เขตพื้นที่การศึกษาอุทัยธานี เขต 1
หนองบัว,ต.หนองยาง อ.หนองฉาง จ.อุทัยธานี 61110,เขตพื้นที่การศึกษาอุทัยธานี เขต 1
หนองยาง,ต.หนองยาง อ.หนองฉาง จ.อุทัยธานี 61110,เขตพื้นที่การศึกษาอุทัยธานี เขต 1
ห้วยขานาง,ต.หนองยาง อ.หนองฉาง จ.อุทัยธานี 61110,เขตพื้นที่การศึกษาอุทัยธานี เขต 1
หนองกระทุ่ม,ต.หนองนางนวล อ.หนองฉาง จ.อุทัยธานี 61110,เขตพื้นที่การศึกษาอุทัยธานี เขต 1
หนองมะกอก,ต.หนองนางนวล อ.หนองฉาง จ.อุทัยธานี 61110,เขตพื้นที่การศึกษาอุทัยธานี เขต 1
หนองเต่า,ต.อุทัยเก่า อ.หนองฉาง จ.อุทัยธานี 61110,เขตพื้นที่การศึกษาอุทัยธานี เขต 1
หัวเมือง,ต.อุทัยเก่า อ.หนองฉาง จ.อุทัยธานี 61110,เขตพื้นที่การศึกษาอุทัยธานี เขต 1
หนองแฟบ,ต.หนองขาหย่าง อ.หนองขาหย่าง จ.อุทัยธานี 61000,เขตพื้นที่การศึกษาอุทัยธานี เขต 1
หนองไผ่,ต.หนองไผ่ อ.หนองขาหย่าง จ.อุทัยธานี 61130,เขตพื้นที่การศึกษาอุทัยธานี เขต 1
หนองระแหงเหนือ,ต.หนองไผ่ อ.หนองขาหย่าง จ.อุทัยธานี 61000,เขตพื้นที่การศึกษาอุทัยธานี เขต 1
ห้วยรอบ,ต.ห้วยรอบ อ.หนองขาหย่าง จ.อุทัยธานี 61130,เขตพื้นที่การศึกษาอุทัยธานี เขต 1
หนองเขื่อน,ต.ทุ่งพึ่ง อ.หนองขาหย่าง จ.อุทัยธานี 61130,เขตพื้นที่การศึกษาอุทัยธานี เขต 1
หมกแถว,ต.หมกแถว อ.หนองขาหย่าง จ.อุทัยธานี 61130,เขตพื้นที่การศึกษาอุทัยธานี เขต 1
ห้วยแห้ง,ต.ห้วยแห้ง อ.บ้านไร่ จ.อุทัยธานี 61140,เขตพื้นที่การศึกษาอุทัยธานี เขต 1
หนองเหมือด,ต.แสนตอ อ.ขาณุวรลักษบุรี จ.กำแพงเพชร 62130,เขตพื้นที่การศึกษากำแพงเพชร เขต 2
หนองตาโชติ,ต.วังทองแดง อ.เมืองสุโขทัย จ.สุโขทัย 64000,เขตพื้นที่การศึกษาสุโขทัย เขต 1
หนองกก,ต.โตนด อ.คีรีมาศ จ.สุโขทัย 64160,เขตพื้นที่การศึกษาสุโขทัย เขต 1
หางตลาด,ต.ท่าฉนวน อ.กงไกรลาศ จ.สุโขทัย 64170,เขตพื้นที่การศึกษาสุโขทัย เขต 1
หนองโว้ง(อรรถกิจวิทยาคาร),ต.เมืองบางยม อ.สวรรคโลก จ.สุโขทัย 64110,เขตพื้นที่การศึกษาสุโขทัย เขต 2
หนองชุมแสง,ต.ท่าทอง อ.สวรรคโลก จ.สุโขทัย 64110,เขตพื้นที่การศึกษาสุโขทัย เขต 2
หล่ายโพธิ์,ต.ปลักแรด อ.บางระกำ จ.พิษณุโลก 65140,เขตพื้นที่การศึกษาพิษณุโลก เขต 1
หนองนา,ต.หนองกุลา อ.บางระกำ จ.พิษณุโลก 65140,เขตพื้นที่การศึกษาพิษณุโลก เขต 1
หนองพะยอม,ต.ชุมแสงสงคราม อ.บางระกำ จ.พิษณุโลก 65240,เขตพื้นที่การศึกษาพิษณุโลก เขต 1
หนองอ้อ,ต.ชุมแสงสงคราม อ.บางระกำ จ.พิษณุโลก 65240,เขตพื้นที่การศึกษาพิษณุโลก เขต 1
ห้วงกระได,ต.ชุมแสงสงคราม อ.บางระกำ จ.พิษณุโลก 65240,เขตพื้นที่การศึกษาพิษณุโลก เขต 1
หนองขานาง,ต.คุยม่วง อ.บางระกำ จ.พิษณุโลก 65240,เขตพื้นที่การศึกษาพิษณุโลก เขต 1
ห้วยดั้ง,ต.พรหมพิราม อ.พรหมพิราม จ.พิษณุโลก 65150,เขตพื้นที่การศึกษาพิษณุโลก เขต 3
หนองหม้อแกง,ต.ท่าช้าง อ.พรหมพิราม จ.พิษณุโลก 65000,เขตพื้นที่การศึกษาพิษณุโลก เขต 3
หัวเขาสมอคร้า,ต.วงฆ้อง อ.พรหมพิราม จ.พิษณุโลก 65180,เขตพื้นที่การศึกษาพิษณุโลก เขต 3
หอกลอง,ต.หอกลอง อ.พรหมพิราม จ.พิษณุโลก 65150,เขตพื้นที่การศึกษาพิษณุโลก เขต 3
หาดใหญ่,ต.หนองแขม อ.พรหมพิราม จ.พิษณุโลก 65150,เขตพื้นที่การศึกษาพิษณุโลก เขต 3
หางไหล,ต.มะต้อง อ.พรหมพิราม จ.พิษณุโลก 65180,เขตพื้นที่การศึกษาพิษณุโลก เขต 3
หนองมะคัง,ต.ทับยายเชียง อ.พรหมพิราม จ.พิษณุโลก 65150,เขตพื้นที่การศึกษาพิษณุโลก เขต 3
หินลาด,ต.หินลาด อ.วัดโบสถ์ จ.พิษณุโลก 65160,เขตพื้นที่การศึกษาพิษณุโลก เขต 3
หนองตาเรือง,ต.แม่ระกา อ.วังทอง จ.พิษณุโลก 65130,เขตพื้นที่การศึกษาพิษณุโลก เขต 2
หงษ์,ต.ย่านยาว อ.เมืองพิจิตร จ.พิจิตร 66000,เขตพื้นที่การศึกษาพิจิตร เขต 1
หาดมูลกระบือ,ต.ย่านยาว อ.เมืองพิจิตร จ.พิจิตร 66000,เขตพื้นที่การศึกษาพิจิตร เขต 1
หนองไผ่,ต.บ้านบุ่ง อ.เมืองพิจิตร จ.พิจิตร 66000,เขตพื้นที่การศึกษาพิจิตร เขต 1
หนองนาดำ,ต.หัวดง อ.เมืองพิจิตร จ.พิจิตร 66170,เขตพื้นที่การศึกษาพิจิตร เขต 1
หนองจิกเภา,ต.หนองปล้อง อ.วังทรายพูน จ.พิจิตร 66180,เขตพื้นที่การศึกษาพิจิตร เขต 1
หนองปล้อง,ต.หนองปล้อง อ.วังทรายพูน จ.พิจิตร 66180,เขตพื้นที่การศึกษาพิจิตร เขต 1
หนองปลาหมอ(มิตรภาพ 215),ต.หนองปล้อง อ.วังทรายพูน จ.พิจิตร 66180,เขตพื้นที่การศึกษาพิจิตร เขต 1
หนองหลวง,ต.ไผ่รอบ อ.โพธิ์ประทับช้าง จ.พิจิตร 66190,เขตพื้นที่การศึกษาพิจิตร เขต 1
หาดแตงโมจันทรประเสริฐ,ต.งิ้วราย อ.ตะพานหิน จ.พิจิตร 66110,เขตพื้นที่การศึกษาพิจิตร เขต 2
หนองแก,ต.หนองพยอม อ.ตะพานหิน จ.พิจิตร 66110,เขตพื้นที่การศึกษาพิจิตร เขต 2
หนองคล่อ,ต.ดงตะขบ อ.ตะพานหิน จ.พิจิตร 66110,เขตพื้นที่การศึกษาพิจิตร เขต 2
หอไกร,ต.หอไกร อ.บางมูลนาก จ.พิจิตร 66120,เขตพื้นที่การศึกษาพิจิตร เขต 2
หนองกอไผ่,ต.วังสำโรง อ.บางมูลนาก จ.พิจิตร,เขตพื้นที่การศึกษาพิจิตร เขต 2
ห้วยเรียงกลาง,ต.วังกรด อ.บางมูลนาก จ.พิจิตร 66120,เขตพื้นที่การศึกษาพิจิตร เขต 2
ห้วยเรียงใต้,ต.วังกรด อ.บางมูลนาก จ.พิจิตร 66120,เขตพื้นที่การศึกษาพิจิตร เขต 2
หลวง,ต.ท่าบัว อ.โพทะเล จ.พิจิตร 66130,เขตพื้นที่การศึกษาพิจิตร เขต 2
หนองน้ำเต้า,ต.ทับคล้อ อ.ทับคล้อ จ.พิจิตร 66150,เขตพื้นที่การศึกษาพิจิตร เขต 2
หนองสนวน,ต.ห้วยร่วม อ.ดงเจริญ จ.พิจิตร 66210,เขตพื้นที่การศึกษาพิจิตร เขต 2
หนองสองห้อง,ต.ห้วยร่วม อ.ดงเจริญ จ.พิจิตร 66210,เขตพื้นที่การศึกษาพิจิตร เขต 2
หนองง้าว,ต.สำนักขุนเณร อ.ดงเจริญ จ.พิจิตร 66210,เขตพื้นที่การศึกษาพิจิตร เขต 2
หนองหลุม,ต.หนองหลุม อ.วชิรบารมี จ.พิจิตร 66000,เขตพื้นที่การศึกษาพิจิตร เขต 1
หนองปลาซิว,ต.หนองไขว่ อ.หล่มสัก จ.เพชรบูรณ์ 67110,เขตพื้นที่การศึกษาเพชรบูรณ์ เขต 2
ห้วยหมู(อมรธรรมรัตราษฎร์บำรุง),ต.เจดีย์หัก อ.เมืองราชบุรี จ.ราชบุรี 70000,เขตพื้นที่การศึกษาราชบุรี เขต 1
ห้วยไผ่,ต.ห้วยไผ่ อ.เมืองราชบุรี จ.ราชบุรี 70000,เขตพื้นที่การศึกษาราชบุรี เขต 1
หนองกระทุ่ม(สังฆรักษ์ราษฎร์บำรุง),ต.หินกอง อ.เมืองราชบุรี จ.ราชบุรี 70000,เขตพื้นที่การศึกษาราชบุรี เขต 1
หนองตาหลวง,ต.หินกอง อ.เมืองราชบุรี จ.ราชบุรี 70000,เขตพื้นที่การศึกษาราชบุรี เขต 1
ห้วยปลาดุก(อนันตกูลอุปถัมภ์),ต.หินกอง อ.เมืองราชบุรี จ.ราชบุรี 70000,เขตพื้นที่การศึกษาราชบุรี เขต 1
ห้วยตะแคง(พรประชานุกูล),ต.เกาะพลับพลา อ.เมืองราชบุรี จ.ราชบุรี 70000,เขตพื้นที่การศึกษาราชบุรี เขต 1
หนามพุงดอ,ต.คูบัว อ.เมืองราชบุรี จ.ราชบุรี 70140,เขตพื้นที่การศึกษาราชบุรี เขต 1
หนองบัวค่าย,ต.รางบัว อ.จอมบึง จ.ราชบุรี 70150,เขตพื้นที่การศึกษาราชบุรี เขต 1
หลักหกรัตนาราม,ต.ศรีสุราษฎร์ อ.ดำเนินสะดวก จ.ราชบุรี 70130,เขตพื้นที่การศึกษาราชบุรี เขต 2
หุบกระทิง,ต.เบิกไพร อ.บ้านโป่ง จ.ราชบุรี 70110,เขตพื้นที่การศึกษาราชบุรี เขต 2
หนองกลางด่าน,ต.กรับใหญ่ อ.บ้านโป่ง จ.ราชบุรี 70110,เขตพื้นที่การศึกษาราชบุรี เขต 2
หนองประทุน,ต.กรับใหญ่ อ.บ้านโป่ง จ.ราชบุรี 70190,เขตพื้นที่การศึกษาราชบุรี เขต 2
หนองเสือ(ประชาอุทิศ),ต.กรับใหญ่ อ.บ้านโป่ง จ.ราชบุรี 70190,เขตพื้นที่การศึกษาราชบุรี เขต 2
หนองกบ(ขุนทองประชานุเคราะห์),ต.หนองกบ อ.บ้านโป่ง จ.ราชบุรี 70110,เขตพื้นที่การศึกษาราชบุรี เขต 2
หนองปลาดุก,ต.หนองกบ อ.บ้านโป่ง จ.ราชบุรี 70110,เขตพื้นที่การศึกษาราชบุรี เขต 2
หนองอ้อ(ธรรมธรใยประชาสามัคคี),ต.หนองอ้อ อ.บ้านโป่ง จ.ราชบุรี 70111,เขตพื้นที่การศึกษาราชบุรี เขต 2
หัวโป่ง มิตรภาพที่ 224,ต.หนองอ้อ อ.บ้านโป่ง จ.ราชบุรี 70110,เขตพื้นที่การศึกษาราชบุรี เขต 2
หนองหญ้าปล้อง,ต.สวนกล้วย อ.บ้านโป่ง จ.ราชบุรี 70110,เขตพื้นที่การศึกษาราชบุรี เขต 2
หัวหิน,ต.นครชุมน์ อ.บ้านโป่ง จ.ราชบุรี 70110,เขตพื้นที่การศึกษาราชบุรี เขต 2
หนองหิน(วิเชียรประชานุกูล),ต.หนองปลาหมอ อ.บ้านโป่ง จ.ราชบุรี 70110,เขตพื้นที่การศึกษาราชบุรี เขต 2
หนองม่วง,ต.วังเย็น อ.บางแพ จ.ราชบุรี 70160,เขตพื้นที่การศึกษาราชบุรี เขต 2
หลวง,ต.วังเย็น อ.บางแพ จ.ราชบุรี 70160,เขตพื้นที่การศึกษาราชบุรี เขต 2
หัวโพ,ต.หัวโพ อ.บางแพ จ.ราชบุรี 70160,เขตพื้นที่การศึกษาราชบุรี เขต 2
หนองเอี่ยน,ต.วัดแก้ว อ.บางแพ จ.ราชบุรี 70160,เขตพื้นที่การศึกษาราชบุรี เขต 2
หุบมะกล่ำ,ต.บ้านเลือก อ.โพธาราม จ.ราชบุรี 70120,เขตพื้นที่การศึกษาราชบุรี เขต 2
หนองอ้อ,ต.บ้านสิงห์ อ.โพธาราม จ.ราชบุรี 70120,เขตพื้นที่การศึกษาราชบุรี เขต 2
หนองกลางดง,ต.ชำแระ อ.โพธาราม จ.ราชบุรี 70120,เขตพื้นที่การศึกษาราชบุรี เขต 2
หนองมะค่า,ต.เขาชะงุ้ม อ.โพธาราม จ.ราชบุรี 70120,เขตพื้นที่การศึกษาราชบุรี เขต 2
หนองกระทุ่ม,ต.หนองกระทุ่ม อ.ปากท่อ จ.ราชบุรี 70140,เขตพื้นที่การศึกษาราชบุรี เขต 1
หัวป่า,ต.วัดยางงาม อ.ปากท่อ จ.ราชบุรี 70140,เขตพื้นที่การศึกษาราชบุรี เขต 1
หนองบัว,ต.บ่อกระดาน อ.ปากท่อ จ.ราชบุรี 70140,เขตพื้นที่การศึกษาราชบุรี เขต 1
หนองพันจันทร์,ต.หนองพันจันทร์ อ.บ้านคา จ.ราชบุรี 70180,เขตพื้นที่การศึกษาราชบุรี เขต 1
หนองพันท้าว(พรประชาวิทยาคาร),ต.พงตึก อ.ท่ามะกา จ.กาญจนบุรี 71120,เขตพื้นที่การศึกษากาญจนบุรี เขต 2
หนองโรง,ต.ยางม่วง อ.ท่ามะกา จ.กาญจนบุรี 71120,เขตพื้นที่การศึกษากาญจนบุรี เขต 2
ห้วยตะเคียน,ต.ยางม่วง อ.ท่ามะกา จ.กาญจนบุรี 71120,เขตพื้นที่การศึกษากาญจนบุรี เขต 2
หนองพลับ,ต.แสนตอ อ.ท่ามะกา จ.กาญจนบุรี 71120,เขตพื้นที่การศึกษากาญจนบุรี เขต 2
หนองไม้แก่น,ต.หนองลาน อ.ท่ามะกา จ.กาญจนบุรี 71130,เขตพื้นที่การศึกษากาญจนบุรี เขต 2
หนองลาน,ต.หนองลาน อ.ท่ามะกา จ.กาญจนบุรี 71120,เขตพื้นที่การศึกษากาญจนบุรี เขต 2
หนองเสือ,ต.วังศาลา อ.ท่าม่วง จ.กาญจนบุรี 71110,เขตพื้นที่การศึกษากาญจนบุรี เขต 1
หนองพังตรุ,ต.พังตรุ อ.ท่าม่วง จ.กาญจนบุรี 71110,เขตพื้นที่การศึกษากาญจนบุรี เขต 1
หนองตะโก,ต.เขาน้อย อ.ท่าม่วง จ.กาญจนบุรี 71110,เขตพื้นที่การศึกษากาญจนบุรี เขต 1
หนองตะครอง,ต.หนองตากยา อ.ท่าม่วง จ.กาญจนบุรี 71110,เขตพื้นที่การศึกษากาญจนบุรี เขต 1
หินดาด,ต.หินดาด อ.ทองผาภูมิ จ.กาญจนบุรี 71180,เขตพื้นที่การศึกษากาญจนบุรี เขต 3
ห้วยสะพาน,ต.หนองโรง อ.พนมทวน จ.กาญจนบุรี 71140,เขตพื้นที่การศึกษากาญจนบุรี เขต 2
หนองบัว,ต.กลอนโด อ.ด่านมะขามเตี้ย จ.กาญจนบุรี 71260,เขตพื้นที่การศึกษากาญจนบุรี เขต 1
หนองไม้เอื้อย,ต.หนองปรือ อ.หนองปรือ จ.กาญจนบุรี 71220,เขตพื้นที่การศึกษากาญจนบุรี เขต 2
หนองปลิง,ต.ดอนแสลบ อ.ห้วยกระเจา จ.กาญจนบุรี 71170,เขตพื้นที่การศึกษากาญจนบุรี เขต 2
หัวไผ่,ต.ทับตีเหล็ก อ.เมืองสุพรรณบุรี จ.สุพรรณบุรี 72000,เขตพื้นที่การศึกษาสุพรรณบุรี เขต 1
หน่อสุวรรณ,ต.โคกโคเฒ่า อ.เมืองสุพรรณบุรี จ.สุพรรณบุรี 72000,เขตพื้นที่การศึกษาสุพรรณบุรี เขต 1
หนองโสน,ต.สนามคลี อ.เมืองสุพรรณบุรี จ.สุพรรณบุรี 72230,เขตพื้นที่การศึกษาสุพรรณบุรี เขต 1
หนองกรด,ต.โคกช้าง อ.เดิมบางนางบวช จ.สุพรรณบุรี 72120,เขตพื้นที่การศึกษาสุพรรณบุรี เขต 3
หัวเขา,ต.หัวเขา อ.เดิมบางนางบวช จ.สุพรรณบุรี 72120,เขตพื้นที่การศึกษาสุพรรณบุรี เขต 3
หัวนา,ต.หัวนา อ.เดิมบางนางบวช จ.สุพรรณบุรี 72120,เขตพื้นที่การศึกษาสุพรรณบุรี เขต 3
หนองกระทุ่ม,ต.หนองกระทุ่ม อ.เดิมบางนางบวช จ.สุพรรณบุรี 72120,เขตพื้นที่การศึกษาสุพรรณบุรี เขต 3
หนองเปาะ,ต.ด่านช้าง อ.ด่านช้าง จ.สุพรรณบุรี 72180,เขตพื้นที่การศึกษาสุพรรณบุรี เขต 3
ห้วยสุวรรณวนาราม,ต.ดอนปรู อ.ศรีประจันต์ จ.สุพรรณบุรี 72140,เขตพื้นที่การศึกษาสุพรรณบุรี เขต 1
หนองหลอด,ต.ดอนเจดีย์ อ.ดอนเจดีย์ จ.สุพรรณบุรี 72170,เขตพื้นที่การศึกษาสุพรรณบุรี เขต 2
หนองแจง,ต.ไร่รถ อ.ดอนเจดีย์ จ.สุพรรณบุรี 72170,เขตพื้นที่การศึกษาสุพรรณบุรี เขต 2
หัวโพธิ์,ต.หัวโพธิ์ อ.สองพี่น้อง จ.สุพรรณบุรี 72110,เขตพื้นที่การศึกษาสุพรรณบุรี เขต 2
หนองพันเทา,ต.บ่อสุพรรณ อ.สองพี่น้อง จ.สุพรรณบุรี 72110,เขตพื้นที่การศึกษาสุพรรณบุรี เขต 2
หัวกลับ,ต.บ่อสุพรรณ อ.สองพี่น้อง จ.สุพรรณบุรี 72110,เขตพื้นที่การศึกษาสุพรรณบุรี เขต 2
หนองผักนาก,ต.หนองผักนาก อ.สามชุก จ.สุพรรณบุรี 72130,เขตพื้นที่การศึกษาสุพรรณบุรี เขต 3
หนองไผ่,ต.หนองผักนาก อ.สามชุก จ.สุพรรณบุรี 72130,เขตพื้นที่การศึกษาสุพรรณบุรี เขต 3
หนองโรง,ต.หนองผักนาก อ.สามชุก จ.สุพรรณบุรี 72130,เขตพื้นที่การศึกษาสุพรรณบุรี เขต 3
หนองสังข์ทอง,ต.หนองผักนาก อ.สามชุก จ.สุพรรณบุรี 72130,เขตพื้นที่การศึกษาสุพรรณบุรี เขต 3
หนองสะเดา,ต.หนองสะเดา อ.สามชุก จ.สุพรรณบุรี 72130,เขตพื้นที่การศึกษาสุพรรณบุรี เขต 3
หนองตาสาม,ต.อู่ทอง อ.อู่ทอง จ.สุพรรณบุรี 72160,เขตพื้นที่การศึกษาสุพรรณบุรี เขต 2
หนองยายทรัพย์,ต.สระยายโสม อ.อู่ทอง จ.สุพรรณบุรี 72160,เขตพื้นที่การศึกษาสุพรรณบุรี เขต 2
หนองหลุม,ต.หนองโอ่ง อ.อู่ทอง จ.สุพรรณบุรี ๗๒๑๖๐,เขตพื้นที่การศึกษาสุพรรณบุรี เขต 2
ห้วยคู้สามัคคี,ต.ดอนคา อ.อู่ทอง จ.สุพรรณบุรี 72160,เขตพื้นที่การศึกษาสุพรรณบุรี เขต 2
หนองทราย,ต.หนองราชวัตร อ.หนองหญ้าไซ จ.สุพรรณบุรี 72240,เขตพื้นที่การศึกษาสุพรรณบุรี เขต 3
ห้วยจรเข้วิทยาคม,ต.พระปฐมเจดีย์ อ.เมืองนครปฐม จ.นครปฐม 73000,เขตพื้นที่การศึกษานครปฐม เขต 1
หนองดินแดง,ต.หนองดินแดง อ.เมืองนครปฐม จ.นครปฐม 73000,เขตพื้นที่การศึกษานครปฐม เขต 1
หนองเสือ,ต.หนองดินแดง อ.เมืองนครปฐม จ.นครปฐม 73000,เขตพื้นที่การศึกษานครปฐม เขต 1
หว้าเอน,ต.โพรงมะเดื่อ อ.เมืองนครปฐม จ.นครปฐม 73000,เขตพื้นที่การศึกษานครปฐม เขต 1
หุบรัก,ต.โพรงมะเดื่อ อ.เมืองนครปฐม จ.นครปฐม 73000,เขตพื้นที่การศึกษานครปฐม เขต 1
หนองปลาไหล,ต.ทุ่งกระพังโหม อ.กำแพงแสน จ.นครปฐม 73140,เขตพื้นที่การศึกษานครปฐม เขต 1
หนองจิก,ต.ทุ่งลูกนก อ.กำแพงแสน จ.นครปฐม 73140,เขตพื้นที่การศึกษานครปฐม เขต 1
หนองศาลา,ต.ทุ่งลูกนก อ.กำแพงแสน จ.นครปฐม 73140,เขตพื้นที่การศึกษานครปฐม เขต 1
ห้วยผักชี,ต.ทุ่งลูกนก อ.กำแพงแสน จ.นครปฐม 73140,เขตพื้นที่การศึกษานครปฐม เขต 1
หนองโพธิ์,ต.ห้วยหมอนทอง อ.กำแพงแสน จ.นครปฐม 73140,เขตพื้นที่การศึกษานครปฐม เขต 1
ห้วยม่วง,ต.ห้วยม่วง อ.กำแพงแสน จ.นครปฐม 73180,เขตพื้นที่การศึกษานครปฐม เขต 1
หนองกระทุ่ม,ต.หนองกระทุ่ม อ.กำแพงแสน จ.นครปฐม 73140,เขตพื้นที่การศึกษานครปฐม เขต 1
ห้วยตะโก,ต.พะเนียด อ.นครชัยศรี จ.นครปฐม 73120,เขตพื้นที่การศึกษานครปฐม เขต 2
ห้วยพลู,ต.ห้วยพลู อ.นครชัยศรี จ.นครปฐม 73120,เขตพื้นที่การศึกษานครปฐม เขต 2
ห้วยพระ,ต.ห้วยพระ อ.ดอนตูม จ.นครปฐม 73150,เขตพื้นที่การศึกษานครปฐม เขต 1
หนองกระพี้,ต.บ้านหลวง อ.ดอนตูม จ.นครปฐม 73150,เขตพื้นที่การศึกษานครปฐม เขต 1
หอมเกร็ด,ต.หอมเกร็ด อ.สามพราน จ.นครปฐม 73110,เขตพื้นที่การศึกษานครปฐม เขต 2
หนองนกไข่,ต.หนองนกไข่ อ.กระทุ่มแบน จ.สมุทรสาคร 74110,เขตพื้นที่การศึกษาสมุทรสาคร เขต 1
หลักสี่พิพัฒน์ราษฏร์อุปถัมภ์,ต.ยกกระบัตร อ.บ้านแพ้ว จ.สมุทรสาคร 74120,เขตพื้นที่การศึกษาสมุทรสาคร เขต 1
หลักสี่ราษฎร์สโมสร,ต.ยกกระบัตร อ.บ้านแพ้ว จ.สมุทรสาคร 74120,เขตพื้นที่การศึกษาสมุทรสาคร เขต 1
หนองสองห้อง(สายชนูปถัมภ์),ต.หนองสองห้อง อ.บ้านแพ้ว จ.สมุทรสาคร 74110,เขตพื้นที่การศึกษาสมุทรสาคร เขต 1
หนองบัว,ต.หนองบัว อ.บ้านแพ้ว จ.สมุทรสาคร 74120,เขตพื้นที่การศึกษาสมุทรสาคร เขต 1
หลักสองราษฎร์บํารุง,ต.หลักสอง อ.บ้านแพ้ว จ.สมุทรสาคร 74120,เขตพื้นที่การศึกษาสมุทรสาคร เขต 1
หนองควง (ปริยัติพุทธสรราษฎร์นุเคราะห์),ต.ต้นมะพร้าว อ.เมืองเพชรบุรี จ.เพชรบุรี 76000,เขตพื้นที่การศึกษาเพชรบุรี เขต 1
หนองไม้เหลือง (ธรรมโชติประชาธร),ต.ดอนยาง อ.เมืองเพชรบุรี จ.เพชรบุรี 76000,เขตพื้นที่การศึกษาเพชรบุรี เขต 1
หนองหว้า (เสธิยสาธร),ต.หนองขนาน อ.เมืองเพชรบุรี จ.เพชรบุรี 76000,เขตพื้นที่การศึกษาเพชรบุรี เขต 1
หนองส้ม,ต.สระพัง อ.เขาย้อย จ.เพชรบุรี 76140,เขตพื้นที่การศึกษาเพชรบุรี เขต 1
หนองปลาไหล (วชิรราษฎร์วิทยา),ต.หนองปลาไหล อ.เขาย้อย จ.เพชรบุรี 76140,เขตพื้นที่การศึกษาเพชรบุรี เขต 1
หนองปรง (บุญมานุสรณ์),ต.หนองปรง อ.เขาย้อย จ.เพชรบุรี 76140,เขตพื้นที่การศึกษาเพชรบุรี เขต 1
ห้วยโรง (หนึ่งนฤมิตรพิทยาคาร),ต.ห้วยโรง อ.เขาย้อย จ.เพชรบุรี 76140,เขตพื้นที่การศึกษาเพชรบุรี เขต 1
หนองศาลา (ธรรมกรประสาท),ต.หนองศาลา อ.ชะอำ จ.เพชรบุรี 76120,เขตพื้นที่การศึกษาเพชรบุรี เขต 2
หนองจอก (ศรีสรรค์พานิช),ต.หนองจอก อ.ท่ายาง จ.เพชรบุรี 76130,เขตพื้นที่การศึกษาเพชรบุรี เขต 2
หนองบัว,ต.หนองจอก อ.ท่ายาง จ.เพชรบุรี 76130,เขตพื้นที่การศึกษาเพชรบุรี เขต 2
ห้วยเสือ (มงคลประชาสรรค์),ต.สมอพลือ อ.บ้านลาด จ.เพชรบุรี 76150,เขตพื้นที่การศึกษาเพชรบุรี เขต 2
หาดทราย (เรือนมั่นนิรมิต),ต.ท่าเสน อ.บ้านลาด จ.เพชรบุรี 76150,เขตพื้นที่การศึกษาเพชรบุรี เขต 2
หว้า,ต.สะพานไกร อ.บ้านลาด จ.เพชรบุรี 76150,เขตพื้นที่การศึกษาเพชรบุรี เขต 2
หนองกาทอง (ม่วงนิรมิตร),ต.โรงเข้ อ.บ้านลาด จ.เพชรบุรี 76150,เขตพื้นที่การศึกษาเพชรบุรี เขต 2
หนองแก (กล่อมวิทยาคาร),ต.ไร่สะท้อน อ.บ้านลาด จ.เพชรบุรี 76150,เขตพื้นที่การศึกษาเพชรบุรี เขต 2
หนองหอย,ต.อ่างทอง อ.ทับสะแก จ.ประจวบคีรีขันธ์ 77130,เขตพื้นที่การศึกษาประจวบคีรีขันธ์ เขต 1
หัวนอน,ต.ปากนคร อ.เมืองนครศรีธรรมราช จ.นครศรีธรรมราช 80000,เขตพื้นที่การศึกษานครศรีธรรมราช เขต 1
หญ้า,ต.นาทราย อ.เมืองนครศรีธรรมราช จ.นครศรีธรรมราช 80280,เขตพื้นที่การศึกษานครศรีธรรมราช เขต 1
หนองบัว,ต.ไชยมนตรี อ.เมืองนครศรีธรรมราช จ.นครศรีธรรมราช 80000,เขตพื้นที่การศึกษานครศรีธรรมราช เขต 1
หัวอิฐ,ต.โพธิ์เสด็จ อ.เมืองนครศรีธรรมราช จ.นครศรีธรรมราช 80000,เขตพื้นที่การศึกษานครศรีธรรมราช เขต 1
หลวงครู,ต.นาเรียง อ.พรหมคีรี จ.นครศรีธรรมราช 80320,เขตพื้นที่การศึกษานครศรีธรรมราช เขต 4
หาดสูง,ต.ไม้เรียง อ.ฉวาง จ.นครศรีธรรมราช 80260,เขตพื้นที่การศึกษานครศรีธรรมราช เขต 2
หน้าเขา,ต.เขาพระ อ.พิปูน จ.นครศรีธรรมราช 80270,เขตพื้นที่การศึกษานครศรีธรรมราช เขต 2
ห้วยแหยงราษฎร์ภูเก็ตอุทิศ,ต.ท่าประจะ อ.ชะอวด จ.นครศรีธรรมราช 80180,เขตพื้นที่การศึกษานครศรีธรรมราช เขต 3
หนองจิก,ต.นางหลง อ.ชะอวด จ.นครศรีธรรมราช 80180,เขตพื้นที่การศึกษานครศรีธรรมราช เขต 3
หมาย,ต.ท่าขึ้น อ.ท่าศาลา จ.นครศรีธรรมราช 80160,เขตพื้นที่การศึกษานครศรีธรรมราช เขต 4
หญ้าปล้อง,ต.ดอนตะโก อ.ท่าศาลา จ.นครศรีธรรมราช 80160,เขตพื้นที่การศึกษานครศรีธรรมราช เขต 4
หนองดี,ต.ทุ่งสง อ.นาบอน จ.นครศรีธรรมราช 80220,เขตพื้นที่การศึกษานครศรีธรรมราช เขต 2
หอยกัน,ต.ปากแพรก อ.ปากพนัง จ.นครศรีธรรมราช 80140,เขตพื้นที่การศึกษานครศรีธรรมราช เขต 3
หงส์แก้ว,ต.บางตะพง อ.ปากพนัง จ.นครศรีธรรมราช 80140,เขตพื้นที่การศึกษานครศรีธรรมราช เขต 3
หนา,ต.เสาธง อ.ร่อนพิบูลย์ จ.นครศรีธรรมราช 80350,เขตพื้นที่การศึกษานครศรีธรรมราช เขต 3
หัวลำภู,ต.หัวไทร อ.หัวไทร จ.นครศรีธรรมราช 80170,เขตพื้นที่การศึกษานครศรีธรรมราช เขต 3
หน้าสตน,ต.หน้าสตน อ.หัวไทร จ.นครศรีธรรมราช 80170,เขตพื้นที่การศึกษานครศรีธรรมราช เขต 3
หัวค่าย (พิศาลอุปถัมภ์),ต.ทรายขาว อ.หัวไทร จ.นครศรีธรรมราช 80170,เขตพื้นที่การศึกษานครศรีธรรมราช เขต 3
ห้วยพระ,ต.นาพรุ อ.พระพรหม จ.นครศรีธรรมราช 80000,เขตพื้นที่การศึกษานครศรีธรรมราช เขต 1
หนองแตน,ต.นาสาร อ.พระพรหม จ.นครศรีธรรมราช 80000,เขตพื้นที่การศึกษานครศรีธรรมราช เขต 1
หลักช้าง,ต.หลักช้าง อ.ช้างกลาง จ.นครศรีธรรมราช 80250,เขตพื้นที่การศึกษานครศรีธรรมราช เขต 2
ห้วยโต้,ต.ทับปริก อ.เมืองกระบี่ จ.กระบี่ 81000,เขตพื้นที่การศึกษากระบี่ เขต 1
ห้วยคราม,ต.ห้วยยูง อ.เหนือคลอง จ.กระบี่ 81130,เขตพื้นที่การศึกษากระบี่ เขต 1
ห้วยกรวด,ต.มะลวน อ.พุนพิน จ.สุราษฎร์ธานี 84130,เขตพื้นที่การศึกษาสุราษฎร์ธานี เขต 2
หัวเตย,ต.หัวเตย อ.พุนพิน จ.สุราษฎร์ธานี 84130,เขตพื้นที่การศึกษาสุราษฎร์ธานี เขต 2
หนองไทร,ต.หนองไทร อ.พุนพิน จ.สุราษฎร์ธานี 84130,เขตพื้นที่การศึกษาสุราษฎร์ธานี เขต 2
หาดส้มแป้น,ต.หาดส้มแป้น อ.เมืองระนอง จ.ระนอง 85000,เขตพื้นที่การศึกษาระนอง เขต 1
หัวกรูด,ต.ปากน้ำ อ.เมืองชุมพร จ.ชุมพร 86120,เขตพื้นที่การศึกษาชุมพร เขต 1
หูรอ,ต.นาชะอัง อ.เมืองชุมพร จ.ชุมพร 86000,เขตพื้นที่การศึกษาชุมพร เขต 1
หาดทรายแก้ว,ต.ตากแดด อ.เมืองชุมพร จ.ชุมพร 86100,เขตพื้นที่การศึกษาชุมพร เขต 1
หนองบัว,ต.นาสัก อ.สวี จ.ชุมพร 86130,เขตพื้นที่การศึกษาชุมพร เขต 2
ห้วยลาด,ต.ท่าหิน อ.สทิงพระ จ.สงขลา 90190,เขตพื้นที่การศึกษาสงขลา เขต 1
หัวเค็ด,ต.ระโนด อ.ระโนด จ.สงขลา 90140,เขตพื้นที่การศึกษาสงขลา เขต 1
หัวคุ้ง,ต.คลองแดน อ.ระโนด จ.สงขลา 90140,เขตพื้นที่การศึกษาสงขลา เขต 1
หัววัง,ต.บ้านใหม่ อ.ระโนด จ.สงขลา 90140,เขตพื้นที่การศึกษาสงขลา เขต 1
หน้าเมือง,ต.พังยาง อ.ระโนด จ.สงขลา 90140,เขตพื้นที่การศึกษาสงขลา เขต 1
หัวป่า,ต.บ้านขาว อ.ระโนด จ.สงขลา 90140,เขตพื้นที่การศึกษาสงขลา เขต 1
ห้วยคู,ต.สำนักแต้ว อ.สะเดา จ.สงขลา 90120,เขตพื้นที่การศึกษาสงขลา เขต 3
หูแร่,ต.ทุ่งตำเสา อ.หาดใหญ่ จ.สงขลา 90110,เขตพื้นที่การศึกษาสงขลา เขต 2
หินเกลี้ยง,ต.ท่าข้าม อ.หาดใหญ่ จ.สงขลา 90110,เขตพื้นที่การศึกษาสงขลา เขต 2
ห้วยพุด,ต.รำแดง อ.สิงหนคร จ.สงขลา 90330,เขตพื้นที่การศึกษาสงขลา เขต 1
หนองหอย,ต.วัดขนุน อ.สิงหนคร จ.สงขลา 90330,เขตพื้นที่การศึกษาสงขลา เขต 1
หน้าเมือง,อ.เมืองสตูล จ.สตูล 91000,เขตพื้นที่การศึกษาสตูล เขต 1
หนองเป็ด,อ.ย่านตาขาว จ.ตรัง 92140,เขตพื้นที่การศึกษาตรัง เขต 1
ห้วยนาง (วันครู2501),ต.ห้วยนาง อ.ห้วยยอด จ.ตรัง 92130,เขตพื้นที่การศึกษาตรัง เขต 2
หนองสมาน,อ.หาดสำราญ จ.ตรัง 92120,เขตพื้นที่การศึกษาตรัง เขต 1
หัวหมอน,อ.เมืองพัทลุง จ.พัทลุง 93000,เขตพื้นที่การศึกษาพัทลุง เขต 1
หวัง,อ.กงหรา จ.พัทลุง 93000,เขตพื้นที่การศึกษาพัทลุง เขต 1
หานโพธิ์,อ.เขาชัยสน จ.พัทลุง 93130,เขตพื้นที่การศึกษาพัทลุง เขต 1
หัวเขาชัยสน,อ.เขาชัยสน จ.พัทลุง 93130,เขตพื้นที่การศึกษาพัทลุง เขต 1
หรังแคบ,อ.ควนขนุน จ.พัทลุง 93110,เขตพื้นที่การศึกษาพัทลุง เขต 1
หัวควน,อ.ปากพะยูน จ.พัทลุง 93120,เขตพื้นที่การศึกษาพัทลุง เขต 1
หน้าถ้ำ (พุทธไสยานุสรณ์),อ.เมืองยะลา จ.ยะลา 95000,เขตพื้นที่การศึกษายะลา เขต 1